Workbook

Sheet ENERO
A1: Zona | B1: provincia | C1: canton | D1: distrito | E1: unicodigo | F1: uni_nombre | G1: nivel | H1: tipo | I1: int_msp | J1: ext_CNH | K1: ext_cibv | L1: ext_educ_gene_basic | M1: ext_bachillerato | N1: ext_visita_domi | O1: ext_comuni | P1: ext_otros | Q1: sexo_h | R1: sexo_m | S1: pertenece_ES | T1: No_pertenece_ES | U1: ecuatoriano | V1: colombiano | W1: peruano | X1: cubano | Y1: venezolano | Z1: otros | AA1: indigena | AB1: afro | AC1: negro | AD1: mulato | AE1: montubio | AF1: mestizo | AG1: blanco | AH1: otro | AI1: Achuar | AJ1: Andoa | AK1: Awa | AL1: Chachi | AM1: Cofan | AN1: Epera | AO1: Huancavilca | AP1: Kichwa | AQ1: Manta | AR1: Secoya | AS1: Shiwiar | AT1: Shuar | AU1: Siona | AV1: Tsáchila | AW1: Waorani | AX1: Zapara | AY1: Chibuleo | AZ1: Kañari | BA1: Karanki | BB1: Kayambi | BC1: Kichwa Amazónico | BD1: Kisapincha | BE1: Kitukara | BF1: Natabuela | BG1: Otavalo | BH1: Paltas | BI1: Panzaleo | BJ1: Pastos | BK1: Puruha | BL1: Salasaka | BM1: Saraguro | BN1: Tomabela | BO1: Waramka | BP1: BCG_24 | BQ1: HB_24 | BR1: BCG_365 | BS1: rota_1 | BT1: fIPV_1 | BU1: neumo_1 | BV1: penta_1 | BW1: rota_2 | BX1: fIPV_2 | BY1: neumo_2 | BZ1: penta_2 | CA1: bopv_3 | CB1: neumo_3 | CC1: penta_3 | CD1: srp_1 | CE1: fa | CF1: varicela | CG1: srp_2 | CH1: bopv_4 | CI1: dpt_4 | CJ1: bopv_5 | CK1: dpt_5 | CL1: hpv_9a_1d | CM1: hpv_9a_2d | CN1: hpv_10a_2d | CO1: dt_3
A2: Z07 | B2: EL ORO | C2: ARENILLAS | D2: 07D05 | E2: 000541 | F2: SAN VICENTE | G2: NIVEL 1 | H2: CENTRO DE SALUD TIPO A
A3: Z07 | B3: EL ORO | C3: ARENILLAS | D3: 07D05 | E3: 000542 | F3: SAN ISIDRO URBANO | G3: NIVEL 1 | H3: CENTRO DE SALUD TIPO B
A4: Z07 | B4: EL ORO | C4: ARENILLAS | D4: 07D05 | E4: 000543 | F4: CAÑAS | G4: NIVEL 1 | H4: PUESTO DE SALUD
A5: Z07 | B5: EL ORO | C5: ARENILLAS | D5: 07D05 | E5: 000544 | F5: LA CUCA | G5: NIVEL 1 | H5: CENTRO DE SALUD TIPO A
A6: Z07 | B6: EL ORO | C6: ARENILLAS | D6: 07D05 | E6: 000545 | F6: CARCABON | G6: NIVEL 1 | H6: CENTRO DE SALUD TIPO A
A7: Z07 | B7: EL ORO | C7: ARENILLAS | D7: 07D05 | E7: 000546 | F7: CHACRAS | G7: NIVEL 1 | H7: CENTRO DE SALUD TIPO A
A8: Z07 | B8: EL ORO | C8: ARENILLAS | D8: 07D05 | E8: 000547 | F8: PALMALES | G8: NIVEL 1 | H8: CENTRO DE SALUD TIPO A
A9: Z07 | B9: EL ORO | C9: ARENILLAS | D9: 07D05 | E9: 000548 | F9: MANABI DE EL ORO | G9: NIVEL 1 | H9: PUESTO DE SALUD
A10: Z07 | B10: EL ORO | C10: ARENILLAS | D10: 07D05 | E10: 000591 | F10: HOSPITAL BASICO DE ARENILLAS | G10: NIVEL 2 | H10: HOSPITAL BASICO
A11: Z07 | B11: EL ORO | C11: ARENILLAS | D11: 07D05 | E11: 002763 | F11: EL JOBO SAN VICENTE | G11: NIVEL 1 | H11: PUESTO DE SALUD
A12: Z07 | B12: EL ORO | C12: ARENILLAS | D12: 07D05 | E12: 002900 | F12: CENTRO DE SALUD ARENILLAS | G12: NIVEL 1 | H12: CENTRO DE SALUD TIPO A
A13: Z07 | B13: EL ORO | C13: ATAHUALPA | D13: 07D03 | E13: 000576 | F13: AYAPAMBA | G13: NIVEL 1 | H13: CENTRO DE SALUD TIPO A
... A256: Z07 | B256: ZAMORA CHINCHIPE | C256: CENTINELA DEL CONDOR | D256: 19D02 | E256: 001900 | F256: ZUMBI | G256: NIVEL 1 | H256: CENTRO DE SALUD TIPO A
A257: Z07 | B257: ZAMORA CHINCHIPE | C257: CHINCHIPE | D257: 19D03 | E257: 001901 | F257: LA CHONTA | G257: NIVEL 1 | H257: CENTRO DE SALUD TIPO A | I257: 3 | Q257: 1 | R257: 2 | S257: 2 | T257: 1 | U257: 3 | AF257: 3 | CD257: 1 | CE257: 1 | CF257: 1 | CG257: 1 | CO257: 1
A258: Z07 | B258: ZAMORA CHINCHIPE | C258: CHINCHIPE | D258: 19D03 | E258: 001902 | F258: EL CHORRO | G258: NIVEL 1 | H258: PUESTO DE SALUD
A259: Z07 | B259: ZAMORA CHINCHIPE | C259: CHINCHIPE | D259: 19D03 | E259: 001903 | F259: CHITO | G259: NIVEL 1 | H259: CENTRO DE SALUD TIPO A | I259: 15 | N259: 2 | Q259: 9 | R259: 8 | S259: 16 | T259: 1 | U259: 15 | W259: 1 | X259: 1 | AF259: 15 | AH259: 2 | BP259: 1 | BQ259: 1 | BS259: 1 | BT259: 1 | BU259: 1 | BV259: 1 | BW259: 4 | BX259: 4 | BY259: 4 | BZ259: 4 | CA259: 1 | CB259: 1 | CC259: 1 | CD259: 1 | CE259: 1 | CF259: 4 | CG259: 4 | CH259: 4 | CI259: 4 | CL259: 1
A260: Z07 | B260: ZAMORA CHINCHIPE | C260: CHINCHIPE | D260: 19D03 | E260: 001921 | F260: LA GUAYUZA | G260: NIVEL 1 | H260: PUESTO DE SALUD | I260: 3 | Q260: 2 | R260: 1 | S260: 3 | U260: 3 | AF260: 3 | BS260: 1 | BT260: 1 | BU260: 1 | BV260: 1 | BW260: 1 | BX260: 1 | BY260: 1 | BZ260: 1 | CG260: 1 | CH260: 1 | CI260: 1
A261: Z07 | B261: ZAMORA CHINCHIPE | C261: CHINCHIPE | D261: 19D03 | E261: 001922 | F261: LA DIVERSION | G261: NIVEL 1 | H261: CENTRO DE SALUD TIPO A | I261: 3 | L261: 4 | M261: 8 | N261: 3 | Q261: 8 | R261: 10 | S261: 18 | U261: 18 | AF261: 18 | BS261: 2 | BT261: 2 | BU261: 2 | BV261: 2 | CA261: 2 | CB261: 2 | CC261: 2 | CD261: 1 | CE261: 1 | CF261: 1 | CJ261: 2 | CK261: 2 | CL261: 2 | CO261: 8
A262: Z07 | B262: ZAMORA CHINCHIPE | C262: CHINCHIPE | D262: 19D03 | E262: 001923 | F262: SAN ANDRES | G262: NIVEL 1 | H262: PUESTO DE SALUD | I262: 3 | N262: 1 | Q262: 3 | R262: 1 | S262: 4 | U262: 4 | AF262: 4 | BS262: 1 | BT262: 1 | BU262: 1 | BV262: 1 | BW262: 1 | BX262: 1 | BY262: 1 | BZ262: 1 | CD262: 1 | CE262: 1 | CL262: 1
A263: Z07 | B263: ZAMORA CHINCHIPE | C263: CHINCHIPE | D263: 19D03 | E263: 001949 | F263: HOSPITAL BASICO DE ZUMBA | G263: NIVEL 2 | H263: HOSPITAL BASICO | I263: 9 | Q263: 8 | R263: 1 | S263: 4 | T263: 5 | U263: 9 | AF263: 9 | BP263: 8 | BQ263: 8 | BR263: 1
A264: Z07 | B264: ZAMORA CHINCHIPE | C264: CHINCHIPE | D264: 19D03 | E264: 002846 | F264: CENTRO DE SALUD DE ZUMBA | G264: NIVEL 1 | H264: CENTRO DE SALUD TIPO A | I264: 83 | N264: 3 | Q264: 32 | R264: 54 | S264: 86 | U264: 86 | AF264: 86 | BS264: 11 | BT264: 11 | BU264: 11 | BV264: 11 | BW264: 12 | BX264: 12 | BY264: 12 | BZ264: 12 | CA264: 14 | CB264: 14 | CC264: 14 | CD264: 10 | CE264: 11 | CF264: 7 | CG264: 8 | CH264: 8 | CI264: 9 | CJ264: 8 | CK264: 8 | CL264: 10 | CM264: 1 | CO264: 3
A265: Z07 | B265: ZAMORA CHINCHIPE | C265: EL PANGUI | D265: 19D04 | E265: 001912 | F265: PACHICUTZA | G265: NIVEL 1 | H265: PUESTO DE SALUD
A266: Z07 | B266: ZAMORA CHINCHIPE | C266: EL PANGUI | D266: 19D04 | E266: 001913 | F266: EL PANGUI | G266: NIVEL 1 | H266: CENTRO DE SALUD TIPO B
A267: Z07 | B267: ZAMORA CHINCHIPE | C267: EL PANGUI | D267: 19D04 | E267: 001914 | F267: TUNDAYME | G267: NIVEL 1 | H267: PUESTO DE SALUD
A268: Z07 | B268: ZAMORA CHINCHIPE | C268: EL PANGUI | D268: 19D04 | E268: 001933 | F268: EL GUISMI | G268: NIVEL 1 | H268: PUESTO DE SALUD
A269: Z07 | B269: ZAMORA CHINCHIPE | C269: EL PANGUI | D269: 19D04 | E269: 001934 | F269: CHUCHUMBLETZA | G269: NIVEL 1 | H269: PUESTO DE SALUD
A270: Z07 | B270: ZAMORA CHINCHIPE | C270: NANGARITZA | D270: 19D02 | E270: 001906 | F270: NUEVO PARAISO | G270: NIVEL 1 | H270: PUESTO DE SALUD
A271: Z07 | B271: ZAMORA CHINCHIPE | C271: NANGARITZA | D271: 19D02 | E271: 001907 | F271: SHAIMI | G271: NIVEL 1 | H271: PUESTO DE SALUD
A272: Z07 | B272: ZAMORA CHINCHIPE | C272: NANGARITZA | D272: 19D02 | E272: 001908 | F272: GERANIOS | G272: NIVEL 1 | H272: PUESTO DE SALUD
A273: Z07 | B273: ZAMORA CHINCHIPE | C273: NANGARITZA | D273: 19D02 | E273: 001909 | F273: ZURMI | G273: NIVEL 1 | H273: PUESTO DE SALUD
A274: Z07 | B274: ZAMORA CHINCHIPE | C274: NANGARITZA | D274: 19D02 | E274: 001925 | F274: SANTA ELENA | G274: NIVEL 1 | H274: PUESTO DE SALUD
A275: Z07 | B275: ZAMORA CHINCHIPE | C275: NANGARITZA | D275: 19D02 | E275: 001926 | F275: GUAYZIMI | G275: NIVEL 1 | H275: CENTRO DE SALUD TIPO A
A276: Z07 | B276: ZAMORA CHINCHIPE | C276: PALANDA | D276: 19D03 | E276: 001904 | F276: SAN FRANCISCO DEL VERGEL | G276: NIVEL 1 | H276: PUESTO DE SALUD | I276: 24 | Q276: 13 | R276: 11 | S276: 20 | T276: 4 | U276: 24 | AF276: 24 | BS276: 2 | BT276: 2 | BU276: 2 | BV276: 2 | BW276: 6 | BX276: 5 | BY276: 6 | BZ276: 6 | CA276: 6 | CB276: 6 | CC276: 6 | CD276: 4 | CE276: 4 | CF276: 4 | CG276: 1 | CH276: 1 | CL276: 1
A277: Z07 | B277: ZAMORA CHINCHIPE | C277: PALANDA | D277: 19D03 | E277: 001937 | F277: EL PORVENIR DEL CARMEN | G277: NIVEL 1 | H277: PUESTO DE SALUD | I277: 7 | Q277: 4 | R277: 3 | S277: 7 | U277: 7 | AF277: 7 | BR277: 2 | BW277: 1 | BX277: 1 | BY277: 1 | BZ277: 1 | CF277: 2 | CJ277: 2 | CK277: 2
A278: Z07 | B278: ZAMORA CHINCHIPE | C278: PALANDA | D278: 19D03 | E278: 001944 | F278: PALANDA | G278: NIVEL 1 | H278: CENTRO DE SALUD TIPO B | I278: 54 | L278: 8 | Q278: 27 | R278: 35 | S278: 54 | T278: 8 | U278: 62 | AF278: 62 | BP278: 2 | BQ278: 4 | BS278: 8 | BT278: 8 | BU278: 8 | BV278: 8 | BW278: 7 | BX278: 7 | BY278: 7 | BZ278: 7 | CA278: 5 | CB278: 5 | CC278: 5 | CD278: 10 | CE278: 10 | CF278: 6 | CG278: 10 | CH278: 10 | CI278: 10 | CL278: 11 | CN278: 1
A279: Z07 | B279: ZAMORA CHINCHIPE | C279: PALANDA | D279: 19D03 | E279: 001945 | F279: VALLADOLID | G279: NIVEL 1 | H279: CENTRO DE SALUD TIPO A | I279: 13 | M279: 22 | Q279: 13 | R279: 22 | S279: 35 | U279: 35 | AF279: 35 | BS279: 1 | BT279: 1 | BU279: 1 | BV279: 1 | BW279: 1 | BX279: 1 | BY279: 1 | BZ279: 1 | CD279: 4 | CE279: 4 | CF279: 2 | CG279: 2 | CH279: 2 | CI279: 2 | CL279: 3 | CO279: 22
A280: Z07 | B280: ZAMORA CHINCHIPE | C280: PALANDA | D280: 19D03 | E280: 001946 | F280: LA CANELA | G280: NIVEL 1 | H280: PUESTO DE SALUD | I280: 3 | Q280: 2 | R280: 1 | S280: 3 | U280: 3 | AF280: 3 | BP280: 2 | CF280: 1
A281: Z07 | B281: ZAMORA CHINCHIPE | C281: PAQUISHA | D281: 19D02 | E281: 001899 | F281: PAQUISHA | G281: NIVEL 1 | H281: CENTRO DE SALUD TIPO B
A282: Z07 | B282: ZAMORA CHINCHIPE | C282: PAQUISHA | D282: 19D02 | E282: 001941 | F282: BELLAVISTA | G282: NIVEL 1 | H282: PUESTO DE SALUD
A283: Z07 | B283: ZAMORA CHINCHIPE | C283: PAQUISHA | D283: 19D02 | E283: 001942 | F283: CHINAPINTZA | G283: NIVEL 1 | H283: PUESTO DE SALUD
A284: Z07 | B284: ZAMORA CHINCHIPE | C284: PAQUISHA | D284: 19D02 | E284: 001943 | F284: CISAM | G284: NIVEL 1 | H284: PUESTO DE SALUD
A285: Z07 | B285: ZAMORA CHINCHIPE | C285: YACUAMBI | D285: 19D01 | E285: 001916 | F285: JEMBUENTZA | G285: NIVEL 1 | H285: PUESTO DE SALUD
A286: Z07 | B286: ZAMORA CHINCHIPE | C286: YACUAMBI | D286: 19D01 | E286: 001927 | F286: 28 DE MAYO (YACUAMBI) | G286: NIVEL 1 | H286: CENTRO DE SALUD TIPO A
A287: Z07 | B287: ZAMORA CHINCHIPE | C287: YACUAMBI | D287: 19D01 | E287: 001928 | F287: LA ESPERANZA | G287: NIVEL 1 | H287: PUESTO DE SALUD
A288: Z07 | B288: ZAMORA CHINCHIPE | C288: YACUAMBI | D288: 19D01 | E288: 001929 | F288: CHAPINTZA | G288: NIVEL 1 | H288: PUESTO DE SALUD
A289: Z07 | B289: ZAMORA CHINCHIPE | C289: YACUAMBI | D289: 19D01 | E289: 001930 | F289: LA PAZ | G289: NIVEL 1 | H289: PUESTO DE SALUD
A290: Z07 | B290: ZAMORA CHINCHIPE | C290: YACUAMBI | D290: 19D01 | E290: 001931 | F290: TUTUPALI | G290: NIVEL 1 | H290: PUESTO DE SALUD
A291: Z07 | B291: ZAMORA CHINCHIPE | C291: YANTZAZA | D291: 19D04 | E291: 001898 | F291: SAN VICENTE DE CANEY | G291: NIVEL 1 | H291: PUESTO DE SALUD
A292: Z07 | B292: ZAMORA CHINCHIPE | C292: YANTZAZA | D292: 19D04 | E292: 001932 | F292: CHICAÑA | G292: NIVEL 1 | H292: CENTRO DE SALUD TIPO A
... A309: Z07 | B309: ZAMORA CHINCHIPE | C309: ZAMORA | D309: 19D01 | E309: 002837 | F309: CENTRO DE SALUD ZAMORA | G309: NIVEL 1 | H309: CENTRO DE SALUD TIPO A
I310: =I257+I258+I259+I260+I261+I262+I263+I264+I276+I277+I278+I279+I280 -> 220 | J310: =J257+J258+J259+J260+J261+J262+J263+J264+J276+J277+J278+J279+J280 -> 0 | K310: =K257+K258+K259+K260+K261+K262+K263+K264+K276+K277+K278+K279+K280 -> 0 | L310: =L257+L258+L259+L260+L261+L262+L263+L264+L276+L277+L278+L279+L280 -> 12 | M310: =M257+M258+M259+M260+M261+M262+M263+M264+M276+M277+M278+M279+M280 -> 30 | N310: =N257+N258+N259+N260+N261+N262+N263+N264+N276+N277+N278+N279+N280 -> 9 | O310: =O257+O258+O259+O260+O261+O262+O263+O264+O276+O277+O278+O279+O280 -> 0 | P310: =P257+P258+P259+P260+P261+P262+P263+P264+P276+P277+P278+P279+P280 -> 0 | ... CO310: =CO257+CO258+CO259+CO260+CO261+CO262+CO263+CO264+CO276+CO277+CO278+CO279+CO280 -> 34

Sheet FEBRERO
A1: Zona | B1: provincia | C1: canton | D1: distrito | E1: unicodigo | F1: uni_nombre | G1: nivel | H1: tipo | I1: int_msp | J1: ext_CNH | K1: ext_cibv | L1: ext_educ_gene_basic | M1: ext_bachillerato | N1: ext_visita_domi | O1: ext_comuni | P1: ext_otros | Q1: sexo_h | R1: sexo_m | S1: pertenece_ES | T1: No_pertenece_ES | U1: ecuatoriano | V1: colombiano | W1: peruano | X1: cubano | Y1: venezolano | Z1: otros | AA1: indigena | AB1: afro | AC1: negro | AD1: mulato | AE1: montubio | AF1: mestizo | AG1: blanco | AH1: otro | AI1: Achuar | AJ1: Andoa | AK1: Awa | AL1: Chachi | AM1: Cofan | AN1: Epera | AO1: Huancavilca | AP1: Kichwa | AQ1: Manta | AR1: Secoya | AS1: Shiwiar | AT1: Shuar | AU1: Siona | AV1: Tsáchila | AW1: Waorani | AX1: Zapara | AY1: Chibuleo | AZ1: Kañari | BA1: Karanki | BB1: Kayambi | BC1: Kichwa Amazónico | BD1: Kisapincha | BE1: Kitukara | BF1: Natabuela | BG1: Otavalo | BH1: Paltas | BI1: Panzaleo | BJ1: Pastos | BK1: Puruha | BL1: Salasaka | BM1: Saraguro | BN1: Tomabela | BO1: Waramka | BP1: BCG_24 | BQ1: HB_24 | BR1: BCG_365 | BS1: rota_1 | BT1: fIPV_1 | BU1: neumo_1 | BV1: penta_1 | BW1: rota_2 | BX1: fIPV_2 | BY1: neumo_2 | BZ1: penta_2 | CA1: bopv_3 | CB1: neumo_3 | CC1: penta_3 | CD1: srp_1 | CE1: fa | CF1: varicela | CG1: srp_2 | CH1: bopv_4 | CI1: dpt_4 | CJ1: bopv_5 | CK1: dpt_5 | CL1: hpv_9a_1d | CM1: hpv_9a_2d | CN1: hpv_10a_2d | CO1: dt_3
A2: Z07 | B2: EL ORO | C2: ARENILLAS | D2: 07D05 | E2: 000541 | F2: SAN VICENTE | G2: NIVEL 1 | H2: CENTRO DE SALUD TIPO A
A3: Z07 | B3: EL ORO | C3: ARENILLAS | D3: 07D05 | E3: 000542 | F3: SAN ISIDRO URBANO | G3: NIVEL 1 | H3: CENTRO DE SALUD TIPO B
A4: Z07 | B4: EL ORO | C4: ARENILLAS | D4: 07D05 | E4: 000543 | F4: CAÑAS | G4: NIVEL 1 | H4: PUESTO DE SALUD
A5: Z07 | B5: EL ORO | C5: ARENILLAS | D5: 07D05 | E5: 000544 | F5: LA CUCA | G5: NIVEL 1 | H5: CENTRO DE SALUD TIPO A
A6: Z07 | B6: EL ORO | C6: ARENILLAS | D6: 07D05 | E6: 000545 | F6: CARCABON | G6: NIVEL 1 | H6: CENTRO DE SALUD TIPO A
A7: Z07 | B7: EL ORO | C7: ARENILLAS | D7: 07D05 | E7: 000546 | F7: CHACRAS | G7: NIVEL 1 | H7: CENTRO DE SALUD TIPO A
A8: Z07 | B8: EL ORO | C8: ARENILLAS | D8: 07D05 | E8: 000547 | F8: PALMALES | G8: NIVEL 1 | H8: CENTRO DE SALUD TIPO A
A9: Z07 | B9: EL ORO | C9: ARENILLAS | D9: 07D05 | E9: 000548 | F9: MANABI DE EL ORO | G9: NIVEL 1 | H9: PUESTO DE SALUD
A10: Z07 | B10: EL ORO | C10: ARENILLAS | D10: 07D05 | E10: 000591 | F10: HOSPITAL BASICO DE ARENILLAS | G10: NIVEL 2 | H10: HOSPITAL BASICO
A11: Z07 | B11: EL ORO | C11: ARENILLAS | D11: 07D05 | E11: 002763 | F11: EL JOBO SAN VICENTE | G11: NIVEL 1 | H11: PUESTO DE SALUD
A12: Z07 | B12: EL ORO | C12: ARENILLAS | D12: 07D05 | E12: 002900 | F12: CENTRO DE SALUD ARENILLAS | G12: NIVEL 1 | H12: CENTRO DE SALUD TIPO A
A13: Z07 | B13: EL ORO | C13: ATAHUALPA | D13: 07D03 | E13: 000576 | F13: AYAPAMBA | G13: NIVEL 1 | H13: CENTRO DE SALUD TIPO A
... A256: Z07 | B256: ZAMORA CHINCHIPE | C256: CENTINELA DEL CONDOR | D256: 19D02 | E256: 001900 | F256: ZUMBI | G256: NIVEL 1 | H256: CENTRO DE SALUD TIPO A
A257: Z07 | B257: ZAMORA CHINCHIPE | C257: CHINCHIPE | D257: 19D03 | E257: 001901 | F257: LA CHONTA | G257: NIVEL 1 | H257: CENTRO DE SALUD TIPO A | I257: 2 | N257: 1 | O257: 1 | Q257: 1 | R257: 3 | S257: 4 | U257: 4 | AF257: 4 | CD257: 1 | CE257: 1 | CF257: 1 | CG257: 2 | CH257: 1 | CI257: 1 | CL257: 1
A258: Z07 | B258: ZAMORA CHINCHIPE | C258: CHINCHIPE | D258: 19D03 | E258: 001902 | F258: EL CHORRO | G258: NIVEL 1 | H258: PUESTO DE SALUD | I258: 2 | Q258: 1 | R258: 1 | S258: 2 | U258: 2 | AF258: 2 | CA258: 1 | CB258: 1 | CC258: 1 | CD258: 1 | CE258: 1
A259: Z07 | B259: ZAMORA CHINCHIPE | C259: CHINCHIPE | D259: 19D03 | E259: 001903 | F259: CHITO | G259: NIVEL 1 | H259: CENTRO DE SALUD TIPO A | I259: 17 | N259: 7 | Q259: 13 | R259: 11 | S259: 24 | U259: 24 | AF259: 24 | BS259: 5 | BT259: 5 | BU259: 5 | BV259: 5 | BW259: 2 | BX259: 2 | BY259: 2 | BZ259: 2 | CA259: 3 | CB259: 3 | CC259: 3 | CD259: 3 | CE259: 3 | CF259: 5 | CG259: 3 | CH259: 3 | CI259: 3 | CL259: 3
A260: Z07 | B260: ZAMORA CHINCHIPE | C260: CHINCHIPE | D260: 19D03 | E260: 001921 | F260: LA GUAYUZA | G260: NIVEL 1 | H260: PUESTO DE SALUD | I260: 0 | O260: 2 | Q260: 1 | R260: 1 | S260: 2 | U260: 2 | AF260: 2 | BS260: 1 | BT260: 1 | BU260: 1 | BV260: 1 | BW260: 0 | BX260: 0 | BY260: 0 | BZ260: 0 | CG260: 0 | CI260: 1 | CJ260: 0 | CK260: 0
A261: Z07 | B261: ZAMORA CHINCHIPE | C261: CHINCHIPE | D261: 19D03 | E261: 001922 | F261: LA DIVERSION | G261: NIVEL 1 | H261: CENTRO DE SALUD TIPO A | I261: 1 | N261: 3 | Q261: 1 | R261: 3 | S261: 3 | T261: 1 | U261: 4 | AF261: 4 | CF261: 1 | CJ261: 3 | CK261: 3
A262: Z07 | B262: ZAMORA CHINCHIPE | C262: CHINCHIPE | D262: 19D03 | E262: 001923 | F262: SAN ANDRES | G262: NIVEL 1 | H262: PUESTO DE SALUD | I262: 3 | N262: 1 | Q262: 2 | R262: 2 | S262: 4 | U262: 4 | AF262: 4 | BS262: 1 | BT262: 1 | BU262: 1 | BV262: 1 | CF262: 1 | CG262: 1 | CH262: 1 | CI262: 1 | CJ262: 1 | CK262: 1
A263: Z07 | B263: ZAMORA CHINCHIPE | C263: CHINCHIPE | D263: 19D03 | E263: 001949 | F263: HOSPITAL BASICO DE ZUMBA | G263: NIVEL 2 | H263: HOSPITAL BASICO | I263: 12 | Q263: 7 | R263: 5 | S263: 7 | T263: 5 | U263: 12 | AF263: 12 | BP263: 12 | BQ263: 12
A264: Z07 | B264: ZAMORA CHINCHIPE | C264: CHINCHIPE | D264: 19D03 | E264: 002846 | F264: CENTRO DE SALUD DE ZUMBA | G264: NIVEL 1 | H264: CENTRO DE SALUD TIPO A | I264: 53 | N264: 8 | Q264: 32 | R264: 29 | S264: 61 | U264: 61 | AF264: 61 | BS264: 11 | BT264: 11 | BU264: 11 | BV264: 11 | BW264: 8 | BX264: 9 | BY264: 7 | BZ264: 7 | CA264: 8 | CB264: 8 | CC264: 8 | CD264: 10 | CE264: 10 | CF264: 11 | CG264: 6 | CH264: 6 | CI264: 6 | CJ264: 2 | CK264: 2 | CL264: 1 | CM264: 1 | CN264: 1 | CO264: 1
A265: Z07 | B265: ZAMORA CHINCHIPE | C265: EL PANGUI | D265: 19D04 | E265: 001912 | F265: PACHICUTZA | G265: NIVEL 1 | H265: PUESTO DE SALUD
A266: Z07 | B266: ZAMORA CHINCHIPE | C266: EL PANGUI | D266: 19D04 | E266: 001913 | F266: EL PANGUI | G266: NIVEL 1 | H266: CENTRO DE SALUD TIPO B
A267: Z07 | B267: ZAMORA CHINCHIPE | C267: EL PANGUI | D267: 19D04 | E267: 001914 | F267: TUNDAYME | G267: NIVEL 1 | H267: PUESTO DE SALUD
A268: Z07 | B268: ZAMORA CHINCHIPE | C268: EL PANGUI | D268: 19D04 | E268: 001933 | F268: EL GUISMI | G268: NIVEL 1 | H268: PUESTO DE SALUD
A269: Z07 | B269: ZAMORA CHINCHIPE | C269: EL PANGUI | D269: 19D04 | E269: 001934 | F269: CHUCHUMBLETZA | G269: NIVEL 1 | H269: PUESTO DE SALUD
A270: Z07 | B270: ZAMORA CHINCHIPE | C270: NANGARITZA | D270: 19D02 | E270: 001906 | F270: NUEVO PARAISO | G270: NIVEL 1 | H270: PUESTO DE SALUD
A271: Z07 | B271: ZAMORA CHINCHIPE | C271: NANGARITZA | D271: 19D02 | E271: 001907 | F271: SHAIMI | G271: NIVEL 1 | H271: PUESTO DE SALUD
A272: Z07 | B272: ZAMORA CHINCHIPE | C272: NANGARITZA | D272: 19D02 | E272: 001908 | F272: GERANIOS | G272: NIVEL 1 | H272: PUESTO DE SALUD
A273: Z07 | B273: ZAMORA CHINCHIPE | C273: NANGARITZA | D273: 19D02 | E273: 001909 | F273: ZURMI | G273: NIVEL 1 | H273: PUESTO DE SALUD
A274: Z07 | B274: ZAMORA CHINCHIPE | C274: NANGARITZA | D274: 19D02 | E274: 001925 | F274: SANTA ELENA | G274: NIVEL 1 | H274: PUESTO DE SALUD
A275: Z07 | B275: ZAMORA CHINCHIPE | C275: NANGARITZA | D275: 19D02 | E275: 001926 | F275: GUAYZIMI | G275: NIVEL 1 | H275: CENTRO DE SALUD TIPO A
A276: Z07 | B276: ZAMORA CHINCHIPE | C276: PALANDA | D276: 19D03 | E276: 001904 | F276: SAN FRANCISCO DEL VERGEL | G276: NIVEL 1 | H276: PUESTO DE SALUD | I276: 9 | N276: 5 | Q276: 2 | R276: 12 | S276: 14 | U276: 14 | AF276: 14 | BS276: 1 | BT276: 1 | BU276: 1 | BV276: 1 | BW276: 4 | BX276: 3 | BY276: 4 | BZ276: 4 | CA276: 3 | CB276: 3 | CC276: 3 | CF276: 1 | CL276: 4 | CM276: 1
A277: Z07 | B277: ZAMORA CHINCHIPE | C277: PALANDA | D277: 19D03 | E277: 001937 | F277: EL PORVENIR DEL CARMEN | G277: NIVEL 1 | H277: PUESTO DE SALUD | I277: 2 | N277: 6 | Q277: 4 | R277: 4 | S277: 8 | U277: 8 | AF277: 8 | BS277: 1 | BU277: 1 | BV277: 1 | CA277: 2 | CB277: 2 | CC277: 2 | CD277: 2 | CE277: 2 | CG277: 2 | CH277: 2 | CI277: 2 | CM277: 1
A278: Z07 | B278: ZAMORA CHINCHIPE | C278: PALANDA | D278: 19D03 | E278: 001944 | F278: PALANDA | G278: NIVEL 1 | H278: CENTRO DE SALUD TIPO B | I278: 20 | N278: 19 | Q278: 23 | R278: 16 | S278: 35 | T278: 4 | U278: 39 | AF278: 39 | BP278: 1 | BQ278: 1 | BR278: 1 | BS278: 3 | BT278: 3 | BU278: 3 | BV278: 3 | BW278: 9 | BX278: 9 | BY278: 9 | BZ278: 9 | CA278: 5 | CB278: 5 | CC278: 5 | CD278: 6 | CE278: 6 | CF278: 3 | CG278: 5 | CH278: 5 | CI278: 5 | CJ278: 2 | CK278: 2 | CM278: 3 | CN278: 1
A279: Z07 | B279: ZAMORA CHINCHIPE | C279: PALANDA | D279: 19D03 | E279: 001945 | F279: VALLADOLID | G279: NIVEL 1 | H279: CENTRO DE SALUD TIPO A | I279: 8 | N279: 1 | Q279: 5 | R279: 4 | S279: 9 | U279: 9 | AF279: 9 | BS279: 2 | BT279: 2 | BU279: 2 | BV279: 2 | BW279: 3 | BX279: 3 | BY279: 3 | BZ279: 3 | CF279: 1 | CG279: 3 | CH279: 3 | CI279: 3
A280: Z07 | B280: ZAMORA CHINCHIPE | C280: PALANDA | D280: 19D03 | E280: 001946 | F280: LA CANELA | G280: NIVEL 1 | H280: PUESTO DE SALUD | I280: 2 | Q280: 1 | R280: 1 | S280: 2 | U280: 2 | AF280: 2 | CD280: 2 | CE280: 2
A281: Z07 | B281: ZAMORA CHINCHIPE | C281: PAQUISHA | D281: 19D02 | E281: 001899 | F281: PAQUISHA | G281: NIVEL 1 | H281: CENTRO DE SALUD TIPO B
A282: Z07 | B282: ZAMORA CHINCHIPE | C282: PAQUISHA | D282: 19D02 | E282: 001941 | F282: BELLAVISTA | G282: NIVEL 1 | H282: PUESTO DE SALUD
A283: Z07 | B283: ZAMORA CHINCHIPE | C283: PAQUISHA | D283: 19D02 | E283: 001942 | F283: CHINAPINTZA | G283: NIVEL 1 | H283: PUESTO DE SALUD
A284: Z07 | B284: ZAMORA CHINCHIPE | C284: PAQUISHA | D284: 19D02 | E284: 001943 | F284: CISAM | G284: NIVEL 1 | H284: PUESTO DE SALUD
A285: Z07 | B285: ZAMORA CHINCHIPE | C285: YACUAMBI | D285: 19D01 | E285: 001916 | F285: JEMBUENTZA | G285: NIVEL 1 | H285: PUESTO DE SALUD
A286: Z07 | B286: ZAMORA CHINCHIPE | C286: YACUAMBI | D286: 19D01 | E286: 001927 | F286: 28 DE MAYO (YACUAMBI) | G286: NIVEL 1 | H286: CENTRO DE SALUD TIPO A
A287: Z07 | B287: ZAMORA CHINCHIPE | C287: YACUAMBI | D287: 19D01 | E287: 001928 | F287: LA ESPERANZA | G287: NIVEL 1 | H287: PUESTO DE SALUD
A288: Z07 | B288: ZAMORA CHINCHIPE | C288: YACUAMBI | D288: 19D01 | E288: 001929 | F288: CHAPINTZA | G288: NIVEL 1 | H288: PUESTO DE SALUD
A289: Z07 | B289: ZAMORA CHINCHIPE | C289: YACUAMBI | D289: 19D01 | E289: 001930 | F289: LA PAZ | G289: NIVEL 1 | H289: PUESTO DE SALUD
A290: Z07 | B290: ZAMORA CHINCHIPE | C290: YACUAMBI | D290: 19D01 | E290: 001931 | F290: TUTUPALI | G290: NIVEL 1 | H290: PUESTO DE SALUD
A291: Z07 | B291: ZAMORA CHINCHIPE | C291: YANTZAZA | D291: 19D04 | E291: 001898 | F291: SAN VICENTE DE CANEY | G291: NIVEL 1 | H291: PUESTO DE SALUD
A292: Z07 | B292: ZAMORA CHINCHIPE | C292: YANTZAZA | D292: 19D04 | E292: 001932 | F292: CHICAÑA | G292: NIVEL 1 | H292: CENTRO DE SALUD TIPO A
... A309: Z07 | B309: ZAMORA CHINCHIPE | C309: ZAMORA | D309: 19D01 | E309: 002837 | F309: CENTRO DE SALUD ZAMORA | G309: NIVEL 1 | H309: CENTRO DE SALUD TIPO A
I310: =I257+I258+I259+I260+I261+I262+I263+I264+I276+I277+I278+I279+I280 -> 131 | J310: =J257+J258+J259+J260+J261+J262+J263+J264+J276+J277+J278+J279+J280 -> 0 | K310: =K257+K258+K259+K260+K261+K262+K263+K264+K276+K277+K278+K279+K280 -> 0 | L310: =L257+L258+L259+L260+L261+L262+L263+L264+L276+L277+L278+L279+L280 -> 0 | M310: =M257+M258+M259+M260+M261+M262+M263+M264+M276+M277+M278+M279+M280 -> 0 | N310: =N257+N258+N259+N260+N261+N262+N263+N264+N276+N277+N278+N279+N280 -> 51 | O310: =O257+O258+O259+O260+O261+O262+O263+O264+O276+O277+O278+O279+O280 -> 3 | P310: =P257+P258+P259+P260+P261+P262+P263+P264+P276+P277+P278+P279+P280 -> 0 | ... CO310: =CO257+CO258+CO259+CO260+CO261+CO262+CO263+CO264+CO276+CO277+CO278+CO279+CO280 -> 1

Sheet MARZO
A1: Zona | B1: provincia | C1: canton | D1: distrito | E1: unicodigo | F1: uni_nombre | G1: nivel | H1: tipo | I1: int_msp | J1: ext_CNH | K1: ext_cibv | L1: ext_educ_gene_basic | M1: ext_bachillerato | N1: ext_visita_domi | O1: ext_comuni | P1: ext_otros | Q1: sexo_h | R1: sexo_m | S1: pertenece_ES | T1: No_pertenece_ES | U1: ecuatoriano | V1: colombiano | W1: peruano | X1: cubano | Y1: venezolano | Z1: otros | AA1: indigena | AB1: afro | AC1: negro | AD1: mulato | AE1: montubio | AF1: mestizo | AG1: blanco | AH1: otro | AI1: Achuar | AJ1: Andoa | AK1: Awa | AL1: Chachi | AM1: Cofan | AN1: Epera | AO1: Huancavilca | AP1: Kichwa | AQ1: Manta | AR1: Secoya | AS1: Shiwiar | AT1: Shuar | AU1: Siona | AV1: Tsáchila | AW1: Waorani | AX1: Zapara | AY1: Chibuleo | AZ1: Kañari | BA1: Karanki | BB1: Kayambi | BC1: Kichwa Amazónico | BD1: Kisapincha | BE1: Kitukara | BF1: Natabuela | BG1: Otavalo | BH1: Paltas | BI1: Panzaleo | BJ1: Pastos | BK1: Puruha | BL1: Salasaka | BM1: Saraguro | BN1: Tomabela | BO1: Waramka | BP1: BCG_24 | BQ1: HB_24 | BR1: BCG_365 | BS1: rota_1 | BT1: fIPV_1 | BU1: neumo_1 | BV1: penta_1 | BW1: rota_2 | BX1: fIPV_2 | BY1: neumo_2 | BZ1: penta_2 | CA1: bopv_3 | CB1: neumo_3 | CC1: penta_3 | CD1: srp_1 | CE1: fa | CF1: varicela | CG1: srp_2 | CH1: bopv_4 | CI1: dpt_4 | CJ1: bopv_5 | CK1: dpt_5 | CL1: hpv_9a_1d | CM1: hpv_9a_2d | CN1: hpv_10a_2d | CO1: dt_3
A2: Z07 | B2: EL ORO | C2: ARENILLAS | D2: 07D05 | E2: 000541 | F2: SAN VICENTE | G2: NIVEL 1 | H2: CENTRO DE SALUD TIPO A
A3: Z07 | B3: EL ORO | C3: ARENILLAS | D3: 07D05 | E3: 000542 | F3: SAN ISIDRO URBANO | G3: NIVEL 1 | H3: CENTRO DE SALUD TIPO B
A4: Z07 | B4: EL ORO | C4: ARENILLAS | D4: 07D05 | E4: 000543 | F4: CAÑAS | G4: NIVEL 1 | H4: PUESTO DE SALUD
A5: Z07 | B5: EL ORO | C5: ARENILLAS | D5: 07D05 | E5: 000544 | F5: LA CUCA | G5: NIVEL 1 | H5: CENTRO DE SALUD TIPO A
A6: Z07 | B6: EL ORO | C6: ARENILLAS | D6: 07D05 | E6: 000545 | F6: CARCABON | G6: NIVEL 1 | H6: CENTRO DE SALUD TIPO A
A7: Z07 | B7: EL ORO | C7: ARENILLAS | D7: 07D05 | E7: 000546 | F7: CHACRAS | G7: NIVEL 1 | H7: CENTRO DE SALUD TIPO A
A8: Z07 | B8: EL ORO | C8: ARENILLAS | D8: 07D05 | E8: 000547 | F8: PALMALES | G8: NIVEL 1 | H8: CENTRO DE SALUD TIPO A
A9: Z07 | B9: EL ORO | C9: ARENILLAS | D9: 07D05 | E9: 000548 | F9: MANABI DE EL ORO | G9: NIVEL 1 | H9: PUESTO DE SALUD
A10: Z07 | B10: EL ORO | C10: ARENILLAS | D10: 07D05 | E10: 000591 | F10: HOSPITAL BASICO DE ARENILLAS | G10: NIVEL 2 | H10: HOSPITAL BASICO
A11: Z07 | B11: EL ORO | C11: ARENILLAS | D11: 07D05 | E11: 002763 | F11: EL JOBO SAN VICENTE | G11: NIVEL 1 | H11: PUESTO DE SALUD
A12: Z07 | B12: EL ORO | C12: ARENILLAS | D12: 07D05 | E12: 002900 | F12: CENTRO DE SALUD ARENILLAS | G12: NIVEL 1 | H12: CENTRO DE SALUD TIPO A
A13: Z07 | B13: EL ORO | C13: ATAHUALPA | D13: 07D03 | E13: 000576 | F13: AYAPAMBA | G13: NIVEL 1 | H13: CENTRO DE SALUD TIPO A
... A256: Z07 | B256: ZAMORA CHINCHIPE | C256: CENTINELA DEL CONDOR | D256: 19D02 | E256: 001900 | F256: ZUMBI | G256: NIVEL 1 | H256: CENTRO DE SALUD TIPO A
A257: Z07 | B257: ZAMORA CHINCHIPE | C257: CHINCHIPE | D257: 19D03 | E257: 001901 | F257: LA CHONTA | G257: NIVEL 1 | H257: CENTRO DE SALUD TIPO A | I257: 2 | N257: 2 | Q257: 1 | R257: 3 | S257: 4 | U257: 4 | AF257: 4 | CF257: 1 | CG257: 1 | CL257: 1 | CO257: 1
A258: Z07 | B258: ZAMORA CHINCHIPE | C258: CHINCHIPE | D258: 19D03 | E258: 001902 | F258: EL CHORRO | G258: NIVEL 1 | H258: PUESTO DE SALUD
A259: Z07 | B259: ZAMORA CHINCHIPE | C259: CHINCHIPE | D259: 19D03 | E259: 001903 | F259: CHITO | G259: NIVEL 1 | H259: CENTRO DE SALUD TIPO A | I259: 7 | N259: 4 | Q259: 5 | R259: 6 | S259: 10 | T259: 1 | U259: 10 | W259: 1 | AF259: 10 | AH259: 1 | BQ259: 1 | BW259: 1 | BX259: 1 | BY259: 1 | BZ259: 1 | CA259: 3 | CB259: 3 | CC259: 3 | CD259: 3 | CE259: 3 | CG259: 3 | CH259: 3 | CI259: 3
A260: Z07 | B260: ZAMORA CHINCHIPE | C260: CHINCHIPE | D260: 19D03 | E260: 001921 | F260: LA GUAYUZA | G260: NIVEL 1 | H260: PUESTO DE SALUD | I260: 0 | O260: 3 | Q260: 1 | R260: 2 | S260: 3 | U260: 3 | AF260: 3 | BW260: 1 | BX260: 1 | BY260: 1 | BZ260: 1 | CA260: 2 | CB260: 2 | CC260: 2 | CG260: 0 | CH260: 0 | CI260: 0 | CJ260: 1 | CK260: 1
A261: Z07 | B261: ZAMORA CHINCHIPE | C261: CHINCHIPE | D261: 19D03 | E261: 001922 | F261: LA DIVERSION | G261: NIVEL 1 | H261: CENTRO DE SALUD TIPO A | I261: 3 | N261: 4 | Q261: 3 | R261: 4 | S261: 7 | U261: 7 | AF261: 7 | BS261: 1 | BT261: 1 | BU261: 1 | BV261: 1 | BW261: 2 | BX261: 2 | BY261: 2 | BZ261: 2 | CG261: 2 | CH261: 2 | CI261: 2 | CJ261: 1 | CK261: 1 | CM261: 1
A262: Z07 | B262: ZAMORA CHINCHIPE | C262: CHINCHIPE | D262: 19D03 | E262: 001923 | F262: SAN ANDRES | G262: NIVEL 1 | H262: PUESTO DE SALUD | I262: 3 | Q262: 2 | R262: 1 | S262: 3 | U262: 3 | AF262: 3 | BW262: 1 | BX262: 1 | BY262: 1 | BZ262: 1 | CA262: 1 | CB262: 1 | CC262: 1 | CM262: 1
A263: Z07 | B263: ZAMORA CHINCHIPE | C263: CHINCHIPE | D263: 19D03 | E263: 001949 | F263: HOSPITAL BASICO DE ZUMBA | G263: NIVEL 2 | H263: HOSPITAL BASICO | I263: 11 | Q263: 2 | R263: 9 | S263: 10 | T263: 1 | U263: 11 | AF263: 11 | BP263: 11 | BQ263: 11
A264: Z07 | B264: ZAMORA CHINCHIPE | C264: CHINCHIPE | D264: 19D03 | E264: 002846 | F264: CENTRO DE SALUD DE ZUMBA | G264: NIVEL 1 | H264: CENTRO DE SALUD TIPO A | I264: 48 | N264: 8 | Q264: 28 | R264: 28 | S264: 56 | U264: 56 | AF264: 56 | BS264: 7 | BT264: 7 | BU264: 7 | BV264: 7 | BW264: 10 | BX264: 10 | BY264: 10 | BZ264: 10 | CA264: 11 | CB264: 11 | CC264: 11 | CD264: 7 | CE264: 7 | CF264: 10 | CG264: 10 | CH264: 10 | CI264: 10 | CJ264: 1 | CK264: 1
A265: Z07 | B265: ZAMORA CHINCHIPE | C265: EL PANGUI | D265: 19D04 | E265: 001912 | F265: PACHICUTZA | G265: NIVEL 1 | H265: PUESTO DE SALUD
A266: Z07 | B266: ZAMORA CHINCHIPE | C266: EL PANGUI | D266: 19D04 | E266: 001913 | F266: EL PANGUI | G266: NIVEL 1 | H266: CENTRO DE SALUD TIPO B
A267: Z07 | B267: ZAMORA CHINCHIPE | C267: EL PANGUI | D267: 19D04 | E267: 001914 | F267: TUNDAYME | G267: NIVEL 1 | H267: PUESTO DE SALUD
A268: Z07 | B268: ZAMORA CHINCHIPE | C268: EL PANGUI | D268: 19D04 | E268: 001933 | F268: EL GUISMI | G268: NIVEL 1 | H268: PUESTO DE SALUD
A269: Z07 | B269: ZAMORA CHINCHIPE | C269: EL PANGUI | D269: 19D04 | E269: 001934 | F269: CHUCHUMBLETZA | G269: NIVEL 1 | H269: PUESTO DE SALUD
A270: Z07 | B270: ZAMORA CHINCHIPE | C270: NANGARITZA | D270: 19D02 | E270: 001906 | F270: NUEVO PARAISO | G270: NIVEL 1 | H270: PUESTO DE SALUD
A271: Z07 | B271: ZAMORA CHINCHIPE | C271: NANGARITZA | D271: 19D02 | E271: 001907 | F271: SHAIMI | G271: NIVEL 1 | H271: PUESTO DE SALUD
A272: Z07 | B272: ZAMORA CHINCHIPE | C272: NANGARITZA | D272: 19D02 | E272: 001908 | F272: GERANIOS | G272: NIVEL 1 | H272: PUESTO DE SALUD
A273: Z07 | B273: ZAMORA CHINCHIPE | C273: NANGARITZA | D273: 19D02 | E273: 001909 | F273: ZURMI | G273: NIVEL 1 | H273: PUESTO DE SALUD
A274: Z07 | B274: ZAMORA CHINCHIPE | C274: NANGARITZA | D274: 19D02 | E274: 001925 | F274: SANTA ELENA | G274: NIVEL 1 | H274: PUESTO DE SALUD
A275: Z07 | B275: ZAMORA CHINCHIPE | C275: NANGARITZA | D275: 19D02 | E275: 001926 | F275: GUAYZIMI | G275: NIVEL 1 | H275: CENTRO DE SALUD TIPO A
A276: Z07 | B276: ZAMORA CHINCHIPE | C276: PALANDA | D276: 19D03 | E276: 001904 | F276: SAN FRANCISCO DEL VERGEL | G276: NIVEL 1 | H276: PUESTO DE SALUD | I276: 23 | N276: 2 | Q276: 12 | R276: 13 | S276: 19 | T276: 6 | U276: 25 | AF276: 25 | BR276: 3 | BS276: 3 | BT276: 3 | BU276: 3 | BV276: 3 | BX276: 2 | CA276: 6 | CB276: 6 | CC276: 6 | CD276: 3 | CE276: 3 | CF276: 3 | CG276: 5 | CH276: 5 | CI276: 6
A277: Z07 | B277: ZAMORA CHINCHIPE | C277: PALANDA | D277: 19D03 | E277: 001937 | F277: EL PORVENIR DEL CARMEN | G277: NIVEL 1 | H277: PUESTO DE SALUD | I277: 6 | Q277: 6 | S277: 6 | U277: 6 | AF277: 6 | BS277: 1 | BT277: 2 | BU277: 1 | BV277: 1 | BW277: 1 | BX277: 1 | BY277: 1 | BZ277: 1 | CG277: 2 | CH277: 3 | CI277: 2
A278: Z07 | B278: ZAMORA CHINCHIPE | C278: PALANDA | D278: 19D03 | E278: 001944 | F278: PALANDA | G278: NIVEL 1 | H278: CENTRO DE SALUD TIPO B | I278: 30 | N278: 14 | Q278: 24 | R278: 20 | S278: 34 | T278: 10 | U278: 44 | AF278: 44 | BP278: 4 | BQ278: 4 | BR278: 3 | BS278: 4 | BT278: 4 | BU278: 4 | BV278: 4 | BW278: 5 | BX278: 5 | BY278: 5 | BZ278: 5 | CA278: 9 | CB278: 9 | CC278: 9 | CD278: 4 | CE278: 4 | CF278: 3 | CG278: 8 | CH278: 8 | CI278: 8 | CJ278: 2 | CK278: 2 | CL278: 3
A279: Z07 | B279: ZAMORA CHINCHIPE | C279: PALANDA | D279: 19D03 | E279: 001945 | F279: VALLADOLID | G279: NIVEL 1 | H279: CENTRO DE SALUD TIPO A | I279: 7 | Q279: 2 | R279: 5 | S279: 7 | U279: 7 | AF279: 7 | BW279: 1 | BX279: 1 | BY279: 1 | BZ279: 1 | CA279: 2 | CB279: 2 | CC279: 2 | CD279: 1 | CE279: 1 | CF279: 2 | CG279: 1 | CH279: 1 | CI279: 1
A280: Z07 | B280: ZAMORA CHINCHIPE | C280: PALANDA | D280: 19D03 | E280: 001946 | F280: LA CANELA | G280: NIVEL 1 | H280: PUESTO DE SALUD | J280: 16 | Q280: 6 | R280: 10 | S280: 16 | U280: 16 | AF280: 16 | BS280: 3 | BT280: 3 | BU280: 3 | BV280: 3 | CH280: 3 | CI280: 3 | CL280: 1 | CM280: 2 | CO280: 7
A281: Z07 | B281: ZAMORA CHINCHIPE | C281: PAQUISHA | D281: 19D02 | E281: 001899 | F281: PAQUISHA | G281: NIVEL 1 | H281: CENTRO DE SALUD TIPO B
A282: Z07 | B282: ZAMORA CHINCHIPE | C282: PAQUISHA | D282: 19D02 | E282: 001941 | F282: BELLAVISTA | G282: NIVEL 1 | H282: PUESTO DE SALUD
A283: Z07 | B283: ZAMORA CHINCHIPE | C283: PAQUISHA | D283: 19D02 | E283: 001942 | F283: CHINAPINTZA | G283: NIVEL 1 | H283: PUESTO DE SALUD
A284: Z07 | B284: ZAMORA CHINCHIPE | C284: PAQUISHA | D284: 19D02 | E284: 001943 | F284: CISAM | G284: NIVEL 1 | H284: PUESTO DE SALUD
A285: Z07 | B285: ZAMORA CHINCHIPE | C285: YACUAMBI | D285: 19D01 | E285: 001916 | F285: JEMBUENTZA | G285: NIVEL 1 | H285: PUESTO DE SALUD
A286: Z07 | B286: ZAMORA CHINCHIPE | C286: YACUAMBI | D286: 19D01 | E286: 001927 | F286: 28 DE MAYO (YACUAMBI) | G286: NIVEL 1 | H286: CENTRO DE SALUD TIPO A
A287: Z07 | B287: ZAMORA CHINCHIPE | C287: YACUAMBI | D287: 19D01 | E287: 001928 | F287: LA ESPERANZA | G287: NIVEL 1 | H287: PUESTO DE SALUD
A288: Z07 | B288: ZAMORA CHINCHIPE | C288: YACUAMBI | D288: 19D01 | E288: 001929 | F288: CHAPINTZA | G288: NIVEL 1 | H288: PUESTO DE SALUD
A289: Z07 | B289: ZAMORA CHINCHIPE | C289: YACUAMBI | D289: 19D01 | E289: 001930 | F289: LA PAZ | G289: NIVEL 1 | H289: PUESTO DE SALUD
A290: Z07 | B290: ZAMORA CHINCHIPE | C290: YACUAMBI | D290: 19D01 | E290: 001931 | F290: TUTUPALI | G290: NIVEL 1 | H290: PUESTO DE SALUD
A291: Z07 | B291: ZAMORA CHINCHIPE | C291: YANTZAZA | D291: 19D04 | E291: 001898 | F291: SAN VICENTE DE CANEY | G291: NIVEL 1 | H291: PUESTO DE SALUD
A292: Z07 | B292: ZAMORA CHINCHIPE | C292: YANTZAZA | D292: 19D04 | E292: 001932 | F292: CHICAÑA | G292: NIVEL 1 | H292: CENTRO DE SALUD TIPO A
... A309: Z07 | B309: ZAMORA CHINCHIPE | C309: ZAMORA | D309: 19D01 | E309: 002837 | F309: CENTRO DE SALUD ZAMORA | G309: NIVEL 1 | H309: CENTRO DE SALUD TIPO A
I310: =I257+I258+I259+I260+I261+I262+I263+I264+I276+I277+I278+I279+I280 -> 140 | J310: =J257+J258+J259+J260+J261+J262+J263+J264+J276+J277+J278+J279+J280 -> 16 | K310: =K257+K258+K259+K260+K261+K262+K263+K264+K276+K277+K278+K279+K280 -> 0 | L310: =L257+L258+L259+L260+L261+L262+L263+L264+L276+L277+L278+L279+L280 -> 0 | M310: =M257+M258+M259+M260+M261+M262+M263+M264+M276+M277+M278+M279+M280 -> 0 | N310: =N257+N258+N259+N260+N261+N262+N263+N264+N276+N277+N278+N279+N280 -> 34 | O310: =O257+O258+O259+O260+O261+O262+O263+O264+O276+O277+O278+O279+O280 -> 3 | P310: =P257+P258+P259+P260+P261+P262+P263+P264+P276+P277+P278+P279+P280 -> 0 | ... CO310: =CO257+CO258+CO259+CO260+CO261+CO262+CO263+CO264+CO276+CO277+CO278+CO279+CO280 -> 8

Sheet ABRIL
A1: Zona | B1: provincia | C1: canton | D1: distrito | E1: unicodigo | F1: uni_nombre | G1: nivel | H1: tipo | I1: int_msp | J1: ext_CNH | K1: ext_cibv | L1: ext_educ_gene_basic | M1: ext_bachillerato | N1: ext_visita_domi | O1: ext_comuni | P1: ext_otros | Q1: sexo_h | R1: sexo_m | S1: pertenece_ES | T1: No_pertenece_ES | U1: ecuatoriano | V1: colombiano | W1: peruano | X1: cubano | Y1: venezolano | Z1: otros | AA1: indigena | AB1: afro | AC1: negro | AD1: mulato | AE1: montubio | AF1: mestizo | AG1: blanco | AH1: otro | AI1: Achuar | AJ1: Andoa | AK1: Awa | AL1: Chachi | AM1: Cofan | AN1: Epera | AO1: Huancavilca | AP1: Kichwa | AQ1: Manta | AR1: Secoya | AS1: Shiwiar | AT1: Shuar | AU1: Siona | AV1: Tsáchila | AW1: Waorani | AX1: Zapara | AY1: Chibuleo | AZ1: Kañari | BA1: Karanki | BB1: Kayambi | BC1: Kichwa Amazónico | BD1: Kisapincha | BE1: Kitukara | BF1: Natabuela | BG1: Otavalo | BH1: Paltas | BI1: Panzaleo | BJ1: Pastos | BK1: Puruha | BL1: Salasaka | BM1: Saraguro | BN1: Tomabela | BO1: Waramka | BP1: BCG_24 | BQ1: HB_24 | BR1: BCG_365 | BS1: rota_1 | BT1: fIPV_1 | BU1: neumo_1 | BV1: penta_1 | BW1: rota_2 | BX1: fIPV_2 | BY1: neumo_2 | BZ1: penta_2 | CA1: bopv_3 | CB1: neumo_3 | CC1: penta_3 | CD1: srp_1 | CE1: fa | CF1: varicela | CG1: srp_2 | CH1: bopv_4 | CI1: dpt_4 | CJ1: bopv_5 | CK1: dpt_5 | CL1: hpv_9a_1d | CM1: hpv_9a_2d | CN1: hpv_10a_2d | CO1: dt_3
A2: Z07 | B2: EL ORO | C2: ARENILLAS | D2: 07D05 | E2: 000541 | F2: SAN VICENTE | G2: NIVEL 1 | H2: CENTRO DE SALUD TIPO A
A3: Z07 | B3: EL ORO | C3: ARENILLAS | D3: 07D05 | E3: 000542 | F3: SAN ISIDRO URBANO | G3: NIVEL 1 | H3: CENTRO DE SALUD TIPO B
A4: Z07 | B4: EL ORO | C4: ARENILLAS | D4: 07D05 | E4: 000543 | F4: CAÑAS | G4: NIVEL 1 | H4: PUESTO DE SALUD
A5: Z07 | B5: EL ORO | C5: ARENILLAS | D5: 07D05 | E5: 000544 | F5: LA CUCA | G5: NIVEL 1 | H5: CENTRO DE SALUD TIPO A
A6: Z07 | B6: EL ORO | C6: ARENILLAS | D6: 07D05 | E6: 000545 | F6: CARCABON | G6: NIVEL 1 | H6: CENTRO DE SALUD TIPO A
A7: Z07 | B7: EL ORO | C7: ARENILLAS | D7: 07D05 | E7: 000546 | F7: CHACRAS | G7: NIVEL 1 | H7: CENTRO DE SALUD TIPO A
A8: Z07 | B8: EL ORO | C8: ARENILLAS | D8: 07D05 | E8: 000547 | F8: PALMALES | G8: NIVEL 1 | H8: CENTRO DE SALUD TIPO A
A9: Z07 | B9: EL ORO | C9: ARENILLAS | D9: 07D05 | E9: 000548 | F9: MANABI DE EL ORO | G9: NIVEL 1 | H9: PUESTO DE SALUD
A10: Z07 | B10: EL ORO | C10: ARENILLAS | D10: 07D05 | E10: 000591 | F10: HOSPITAL BASICO DE ARENILLAS | G10: NIVEL 2 | H10: HOSPITAL BASICO
A11: Z07 | B11: EL ORO | C11: ARENILLAS | D11: 07D05 | E11: 002763 | F11: EL JOBO SAN VICENTE | G11: NIVEL 1 | H11: PUESTO DE SALUD
A12: Z07 | B12: EL ORO | C12: ARENILLAS | D12: 07D05 | E12: 002900 | F12: CENTRO DE SALUD ARENILLAS | G12: NIVEL 1 | H12: CENTRO DE SALUD TIPO A
A13: Z07 | B13: EL ORO | C13: ATAHUALPA | D13: 07D03 | E13: 000576 | F13: AYAPAMBA | G13: NIVEL 1 | H13: CENTRO DE SALUD TIPO A
... A256: Z07 | B256: ZAMORA CHINCHIPE | C256: CENTINELA DEL CONDOR | D256: 19D02 | E256: 001900 | F256: ZUMBI | G256: NIVEL 1 | H256: CENTRO DE SALUD TIPO A
A257: Z07 | B257: ZAMORA CHINCHIPE | C257: CHINCHIPE | D257: 19D03 | E257: 001901 | F257: LA CHONTA | G257: NIVEL 1 | H257: CENTRO DE SALUD TIPO A | I257: 2 | J257: 3 | Q257: 4 | R257: 1 | S257: 5 | U257: 5 | AF257: 5 | CH257: 2 | CI257: 4 | CO257: 1
A258: Z07 | B258: ZAMORA CHINCHIPE | C258: CHINCHIPE | D258: 19D03 | E258: 001902 | F258: EL CHORRO | G258: NIVEL 1 | H258: PUESTO DE SALUD
A259: Z07 | B259: ZAMORA CHINCHIPE | C259: CHINCHIPE | D259: 19D03 | E259: 001903 | F259: CHITO | G259: NIVEL 1 | H259: CENTRO DE SALUD TIPO A | I259: 9 | N259: 7 | O259: 2 | Q259: 10 | R259: 8 | S259: 18 | U259: 17 | W259: 1 | AF259: 17 | AH259: 1 | BP259: 2 | BQ259: 1 | BS259: 1 | BT259: 1 | BU259: 1 | BV259: 1 | BW259: 6 | BX259: 6 | BY259: 6 | BZ259: 6 | CA259: 1 | CB259: 1 | CC259: 1 | CF259: 3 | CG259: 5 | CH259: 5 | CI259: 5
A260: Z07 | B260: ZAMORA CHINCHIPE | C260: CHINCHIPE | D260: 19D03 | E260: 001921 | F260: LA GUAYUZA | G260: NIVEL 1 | H260: PUESTO DE SALUD | I260: 0
A261: Z07 | B261: ZAMORA CHINCHIPE | C261: CHINCHIPE | D261: 19D03 | E261: 001922 | F261: LA DIVERSION | G261: NIVEL 1 | H261: CENTRO DE SALUD TIPO A | I261: 3 | N261: 1 | Q261: 3 | R261: 1 | S261: 4 | U261: 4 | AF261: 4 | BS261: 1 | BT261: 1 | BU261: 1 | BV261: 1 | CD261: 1 | CE261: 1 | CF261: 1 | CG261: 1 | CH261: 1 | CI261: 1
A262: Z07 | B262: ZAMORA CHINCHIPE | C262: CHINCHIPE | D262: 19D03 | E262: 001923 | F262: SAN ANDRES | G262: NIVEL 1 | H262: PUESTO DE SALUD | I262: 13 | Q262: 7 | R262: 6 | S262: 13 | U262: 13 | AF262: 13 | BW262: 1 | BX262: 1 | BY262: 1 | BZ262: 1 | CD262: 1 | CE262: 1 | CF262: 1 | CJ262: 5 | CK262: 5 | CO262: 5
A263: Z07 | B263: ZAMORA CHINCHIPE | C263: CHINCHIPE | D263: 19D03 | E263: 001949 | F263: HOSPITAL BASICO DE ZUMBA | G263: NIVEL 2 | H263: HOSPITAL BASICO | I263: 10 | P263: 2 | Q263: 6 | R263: 6 | S263: 12 | U263: 12 | AF263: 12 | BP263: 12 | BQ263: 12
A264: Z07 | B264: ZAMORA CHINCHIPE | C264: CHINCHIPE | D264: 19D03 | E264: 002846 | F264: CENTRO DE SALUD DE ZUMBA | G264: NIVEL 1 | H264: CENTRO DE SALUD TIPO A | I264: 57 | N264: 13 | Q264: 36 | R264: 34 | S264: 70 | U264: 70 | AF264: 70 | BS264: 9 | BT264: 9 | BU264: 9 | BV264: 9 | BW264: 9 | BX264: 9 | BY264: 10 | BZ264: 10 | CA264: 7 | CB264: 8 | CC264: 8 | CD264: 9 | CE264: 9 | CF264: 17 | CG264: 9 | CH264: 7 | CI264: 9 | CJ264: 4 | CK264: 5 | CL264: 1 | CM264: 2
A265: Z07 | B265: ZAMORA CHINCHIPE | C265: EL PANGUI | D265: 19D04 | E265: 001912 | F265: PACHICUTZA | G265: NIVEL 1 | H265: PUESTO DE SALUD
A266: Z07 | B266: ZAMORA CHINCHIPE | C266: EL PANGUI | D266: 19D04 | E266: 001913 | F266: EL PANGUI | G266: NIVEL 1 | H266: CENTRO DE SALUD TIPO B
A267: Z07 | B267: ZAMORA CHINCHIPE | C267: EL PANGUI | D267: 19D04 | E267: 001914 | F267: TUNDAYME | G267: NIVEL 1 | H267: PUESTO DE SALUD
A268: Z07 | B268: ZAMORA CHINCHIPE | C268: EL PANGUI | D268: 19D04 | E268: 001933 | F268: EL GUISMI | G268: NIVEL 1 | H268: PUESTO DE SALUD
A269: Z07 | B269: ZAMORA CHINCHIPE | C269: EL PANGUI | D269: 19D04 | E269: 001934 | F269: CHUCHUMBLETZA | G269: NIVEL 1 | H269: PUESTO DE SALUD
A270: Z07 | B270: ZAMORA CHINCHIPE | C270: NANGARITZA | D270: 19D02 | E270: 001906 | F270: NUEVO PARAISO | G270: NIVEL 1 | H270: PUESTO DE SALUD
A271: Z07 | B271: ZAMORA CHINCHIPE | C271: NANGARITZA | D271: 19D02 | E271: 001907 | F271: SHAIMI | G271: NIVEL 1 | H271: PUESTO DE SALUD
A272: Z07 | B272: ZAMORA CHINCHIPE | C272: NANGARITZA | D272: 19D02 | E272: 001908 | F272: GERANIOS | G272: NIVEL 1 | H272: PUESTO DE SALUD
A273: Z07 | B273: ZAMORA CHINCHIPE | C273: NANGARITZA | D273: 19D02 | E273: 001909 | F273: ZURMI | G273: NIVEL 1 | H273: PUESTO DE SALUD
A274: Z07 | B274: ZAMORA CHINCHIPE | C274: NANGARITZA | D274: 19D02 | E274: 001925 | F274: SANTA ELENA | G274: NIVEL 1 | H274: PUESTO DE SALUD
A275: Z07 | B275: ZAMORA CHINCHIPE | C275: NANGARITZA | D275: 19D02 | E275: 001926 | F275: GUAYZIMI | G275: NIVEL 1 | H275: CENTRO DE SALUD TIPO A
A276: Z07 | B276: ZAMORA CHINCHIPE | C276: PALANDA | D276: 19D03 | E276: 001904 | F276: SAN FRANCISCO DEL VERGEL | G276: NIVEL 1 | H276: PUESTO DE SALUD | I276: 16 | Q276: 7 | R276: 9 | S276: 14 | T276: 2 | U276: 16 | AF276: 16 | BS276: 2 | BT276: 2 | BU276: 2 | BV276: 2 | BW276: 4 | BX276: 4 | BY276: 4 | BZ276: 4 | CA276: 2 | CB276: 2 | CC276: 2 | CD276: 2 | CE276: 2 | CF276: 3 | CG276: 3 | CH276: 3 | CI276: 3
A277: Z07 | B277: ZAMORA CHINCHIPE | C277: PALANDA | D277: 19D03 | E277: 001937 | F277: EL PORVENIR DEL CARMEN | G277: NIVEL 1 | H277: PUESTO DE SALUD | I277: 6 | Q277: 2 | R277: 4 | S277: 6 | U277: 6 | AF277: 6 | BW277: 2 | BX277: 2 | BY277: 2 | BZ277: 2 | CA277: 1 | CB277: 1 | CC277: 1 | CD277: 1 | CG277: 1 | CH277: 1 | CI277: 1 | CJ277: 1 | CK277: 1
A278: Z07 | B278: ZAMORA CHINCHIPE | C278: PALANDA | D278: 19D03 | E278: 001944 | F278: PALANDA | G278: NIVEL 1 | H278: CENTRO DE SALUD TIPO B | I278: 35 | N278: 10 | Q278: 24 | R278: 21 | S278: 37 | T278: 8 | U278: 45 | AF278: 45 | BP278: 3 | BQ278: 2 | BS278: 4 | BT278: 4 | BU278: 4 | BV278: 4 | BW278: 2 | BX278: 2 | BY278: 2 | BZ278: 2 | CA278: 10 | CB278: 10 | CC278: 10 | CD278: 4 | CE278: 4 | CF278: 11 | CG278: 7 | CH278: 7 | CI278: 7 | CJ278: 2 | CK278: 2 | CL278: 1 | CM278: 1
A279: Z07 | B279: ZAMORA CHINCHIPE | C279: PALANDA | D279: 19D03 | E279: 001945 | F279: VALLADOLID | G279: NIVEL 1 | H279: CENTRO DE SALUD TIPO A | I279: 12 | N279: 3 | Q279: 8 | R279: 7 | S279: 15 | U279: 15 | AF279: 15 | BS279: 1 | BT279: 1 | BU279: 1 | BV279: 1 | BW279: 2 | BX279: 2 | BY279: 2 | BZ279: 2 | CA279: 4 | CB279: 4 | CC279: 4 | CD279: 2 | CE279: 2 | CF279: 2 | CG279: 3 | CH279: 3 | CI279: 3 | CO279: 1
A280: Z07 | B280: ZAMORA CHINCHIPE | C280: PALANDA | D280: 19D03 | E280: 001946 | F280: LA CANELA | G280: NIVEL 1 | H280: PUESTO DE SALUD | I280: 4 | Q280: 3 | R280: 1 | S280: 4 | U280: 4 | AF280: 4 | BW280: 2 | BX280: 2 | BY280: 2 | BZ280: 2 | CG280: 1 | CI280: 1 | CM280: 1
A281: Z07 | B281: ZAMORA CHINCHIPE | C281: PAQUISHA | D281: 19D02 | E281: 001899 | F281: PAQUISHA | G281: NIVEL 1 | H281: CENTRO DE SALUD TIPO B
A282: Z07 | B282: ZAMORA CHINCHIPE | C282: PAQUISHA | D282: 19D02 | E282: 001941 | F282: BELLAVISTA | G282: NIVEL 1 | H282: PUESTO DE SALUD
A283: Z07 | B283: ZAMORA CHINCHIPE | C283: PAQUISHA | D283: 19D02 | E283: 001942 | F283: CHINAPINTZA | G283: NIVEL 1 | H283: PUESTO DE SALUD
A284: Z07 | B284: ZAMORA CHINCHIPE | C284: PAQUISHA | D284: 19D02 | E284: 001943 | F284: CISAM | G284: NIVEL 1 | H284: PUESTO DE SALUD
A285: Z07 | B285: ZAMORA CHINCHIPE | C285: YACUAMBI | D285: 19D01 | E285: 001916 | F285: JEMBUENTZA | G285: NIVEL 1 | H285: PUESTO DE SALUD
A286: Z07 | B286: ZAMORA CHINCHIPE | C286: YACUAMBI | D286: 19D01 | E286: 001927 | F286: 28 DE MAYO (YACUAMBI) | G286: NIVEL 1 | H286: CENTRO DE SALUD TIPO A
A287: Z07 | B287: ZAMORA CHINCHIPE | C287: YACUAMBI | D287: 19D01 | E287: 001928 | F287: LA ESPERANZA | G287: NIVEL 1 | H287: PUESTO DE SALUD
A288: Z07 | B288: ZAMORA CHINCHIPE | C288: YACUAMBI | D288: 19D01 | E288: 001929 | F288: CHAPINTZA | G288: NIVEL 1 | H288: PUESTO DE SALUD
A289: Z07 | B289: ZAMORA CHINCHIPE | C289: YACUAMBI | D289: 19D01 | E289: 001930 | F289: LA PAZ | G289: NIVEL 1 | H289: PUESTO DE SALUD
A290: Z07 | B290: ZAMORA CHINCHIPE | C290: YACUAMBI | D290: 19D01 | E290: 001931 | F290: TUTUPALI | G290: NIVEL 1 | H290: PUESTO DE SALUD
A291: Z07 | B291: ZAMORA CHINCHIPE | C291: YANTZAZA | D291: 19D04 | E291: 001898 | F291: SAN VICENTE DE CANEY | G291: NIVEL 1 | H291: PUESTO DE SALUD
A292: Z07 | B292: ZAMORA CHINCHIPE | C292: YANTZAZA | D292: 19D04 | E292: 001932 | F292: CHICAÑA | G292: NIVEL 1 | H292: CENTRO DE SALUD TIPO A
... A309: Z07 | B309: ZAMORA CHINCHIPE | C309: ZAMORA | D309: 19D01 | E309: 002837 | F309: CENTRO DE SALUD ZAMORA | G309: NIVEL 1 | H309: CENTRO DE SALUD TIPO A
I310: =I257+I258+I259+I260+I261+I262+I263+I264+I276+I277+I278+I279+I280 -> 167 | J310: =J257+J258+J259+J260+J261+J262+J263+J264+J276+J277+J278+J279+J280 -> 3 | K310: =K257+K258+K259+K260+K261+K262+K263+K264+K276+K277+K278+K279+K280 -> 0 | L310: =L257+L258+L259+L260+L261+L262+L263+L264+L276+L277+L278+L279+L280 -> 0 | M310: =M257+M258+M259+M260+M261+M262+M263+M264+M276+M277+M278+M279+M280 -> 0 | N310: =N257+N258+N259+N260+N261+N262+N263+N264+N276+N277+N278+N279+N280 -> 34 | O310: =O257+O258+O259+O260+O261+O262+O263+O264+O276+O277+O278+O279+O280 -> 2 | P310: =P257+P258+P259+P260+P261+P262+P263+P264+P276+P277+P278+P279+P280 -> 2 | ... CO310: =CO257+CO258+CO259+CO260+CO261+CO262+CO263+CO264+CO276+CO277+CO278+CO279+CO280 -> 7

Sheet MAYO
A1: Zona | B1: provincia | C1: canton | D1: distrito | E1: unicodigo | F1: uni_nombre | G1: nivel | H1: tipo | I1: int_msp | J1: ext_CNH | K1: ext_cibv | L1: ext_educ_gene_basic | M1: ext_bachillerato | N1: ext_visita_domi | O1: ext_comuni | P1: ext_otros | Q1: sexo_h | R1: sexo_m | S1: pertenece_ES | T1: No_pertenece_ES | U1: ecuatoriano | V1: colombiano | W1: peruano | X1: cubano | Y1: venezolano | Z1: otros | AA1: indigena | AB1: afro | AC1: negro | AD1: mulato | AE1: montubio | AF1: mestizo | AG1: blanco | AH1: otro | AI1: Achuar | AJ1: Andoa | AK1: Awa | AL1: Chachi | AM1: Cofan | AN1: Epera | AO1: Huancavilca | AP1: Kichwa | AQ1: Manta | AR1: Secoya | AS1: Shiwiar | AT1: Shuar | AU1: Siona | AV1: Tsáchila | AW1: Waorani | AX1: Zapara | AY1: Chibuleo | AZ1: Kañari | BA1: Karanki | BB1: Kayambi | BC1: Kichwa Amazónico | BD1: Kisapincha | BE1: Kitukara | BF1: Natabuela | BG1: Otavalo | BH1: Paltas | BI1: Panzaleo | BJ1: Pastos | BK1: Puruha | BL1: Salasaka | BM1: Saraguro | BN1: Tomabela | BO1: Waramka | BP1: BCG_24 | BQ1: HB_24 | BR1: BCG_365 | BS1: rota_1 | BT1: fIPV_1 | BU1: neumo_1 | BV1: penta_1 | BW1: rota_2 | BX1: fIPV_2 | BY1: neumo_2 | BZ1: penta_2 | CA1: bopv_3 | CB1: neumo_3 | CC1: penta_3 | CD1: srp_1 | CE1: fa | CF1: varicela | CG1: srp_2 | CH1: bopv_4 | CI1: dpt_4 | CJ1: bopv_5 | CK1: dpt_5 | CL1: hpv_9a_1d | CM1: hpv_9a_2d | CN1: hpv_10a_2d | CO1: dt_3
A2: Z07 | B2: EL ORO | C2: ARENILLAS | D2: 07D05 | E2: 000541 | F2: SAN VICENTE | G2: NIVEL 1 | H2: CENTRO DE SALUD TIPO A
A3: Z07 | B3: EL ORO | C3: ARENILLAS | D3: 07D05 | E3: 000542 | F3: SAN ISIDRO URBANO | G3: NIVEL 1 | H3: CENTRO DE SALUD TIPO B
A4: Z07 | B4: EL ORO | C4: ARENILLAS | D4: 07D05 | E4: 000543 | F4: CAÑAS | G4: NIVEL 1 | H4: PUESTO DE SALUD
A5: Z07 | B5: EL ORO | C5: ARENILLAS | D5: 07D05 | E5: 000544 | F5: LA CUCA | G5: NIVEL 1 | H5: CENTRO DE SALUD TIPO A
A6: Z07 | B6: EL ORO | C6: ARENILLAS | D6: 07D05 | E6: 000545 | F6: CARCABON | G6: NIVEL 1 | H6: CENTRO DE SALUD TIPO A
A7: Z07 | B7: EL ORO | C7: ARENILLAS | D7: 07D05 | E7: 000546 | F7: CHACRAS | G7: NIVEL 1 | H7: CENTRO DE SALUD TIPO A
A8: Z07 | B8: EL ORO | C8: ARENILLAS | D8: 07D05 | E8: 000547 | F8: PALMALES | G8: NIVEL 1 | H8: CENTRO DE SALUD TIPO A
A9: Z07 | B9: EL ORO | C9: ARENILLAS | D9: 07D05 | E9: 000548 | F9: MANABI DE EL ORO | G9: NIVEL 1 | H9: PUESTO DE SALUD
A10: Z07 | B10: EL ORO | C10: ARENILLAS | D10: 07D05 | E10: 000591 | F10: HOSPITAL BASICO DE ARENILLAS | G10: NIVEL 2 | H10: HOSPITAL BASICO
A11: Z07 | B11: EL ORO | C11: ARENILLAS | D11: 07D05 | E11: 002763 | F11: EL JOBO SAN VICENTE | G11: NIVEL 1 | H11: PUESTO DE SALUD
A12: Z07 | B12: EL ORO | C12: ARENILLAS | D12: 07D05 | E12: 002900 | F12: CENTRO DE SALUD ARENILLAS | G12: NIVEL 1 | H12: CENTRO DE SALUD TIPO A
A13: Z07 | B13: EL ORO | C13: ATAHUALPA | D13: 07D03 | E13: 000576 | F13: AYAPAMBA | G13: NIVEL 1 | H13: CENTRO DE SALUD TIPO A
... A257: Z07 | B257: ZAMORA CHINCHIPE | C257: CHINCHIPE | D257: 19D03 | E257: 001901 | F257: LA CHONTA | G257: NIVEL 1 | H257: CENTRO DE SALUD TIPO A
A258: Z07 | B258: ZAMORA CHINCHIPE | C258: CHINCHIPE | D258: 19D03 | E258: 001902 | F258: EL CHORRO | G258: NIVEL 1 | H258: PUESTO DE SALUD | I258: 3 | Q258: 3 | S258: 3 | U258: 3 | AF258: 3 | CD258: 2 | CE258: 2 | CF258: 1
A259: Z07 | B259: ZAMORA CHINCHIPE | C259: CHINCHIPE | D259: 19D03 | E259: 001903 | F259: CHITO | G259: NIVEL 1 | H259: CENTRO DE SALUD TIPO A | I259: 9 | N259: 8 | Q259: 8 | R259: 9 | S259: 17 | U259: 17 | AF259: 17 | BW259: 3 | BX259: 3 | BY259: 3 | BZ259: 3 | CB259: 1 | CC259: 1 | CD259: 6 | CE259: 6 | CF259: 3 | CG259: 3 | CI259: 3 | CO259: 1
A260: Z07 | B260: ZAMORA CHINCHIPE | C260: CHINCHIPE | D260: 19D03 | E260: 001921 | F260: LA GUAYUZA | G260: NIVEL 1 | H260: PUESTO DE SALUD | I260: 0
A261: Z07 | B261: ZAMORA CHINCHIPE | C261: CHINCHIPE | D261: 19D03 | E261: 001922 | F261: LA DIVERSION | G261: NIVEL 1 | H261: CENTRO DE SALUD TIPO A | I261: 3 | N261: 6 | Q261: 5 | R261: 4 | S261: 9 | U261: 9 | AF261: 9 | BW261: 1 | BX261: 1 | BY261: 1 | BZ261: 1 | CB261: 2 | CC261: 2 | CF261: 1 | CG261: 1 | CI261: 1 | CK261: 3 | CO261: 1
A262: Z07 | B262: ZAMORA CHINCHIPE | C262: CHINCHIPE | D262: 19D03 | E262: 001923 | F262: SAN ANDRES | G262: NIVEL 1 | H262: PUESTO DE SALUD | I262: 4 | R262: 4 | S262: 4 | U262: 4 | AF262: 4 | BS262: 2 | BT262: 2 | BU262: 2 | BV262: 2 | CD262: 1 | CE262: 1 | CG262: 1 | CI262: 1
A263: Z07 | B263: ZAMORA CHINCHIPE | C263: CHINCHIPE | D263: 19D03 | E263: 001949 | F263: HOSPITAL BASICO DE ZUMBA | G263: NIVEL 2 | H263: HOSPITAL BASICO | I263: 5 | Q263: 3 | R263: 2 | S263: 5 | U263: 5 | AF263: 5 | BP263: 5 | BQ263: 5
A264: Z07 | B264: ZAMORA CHINCHIPE | C264: CHINCHIPE | D264: 19D03 | E264: 002846 | F264: CENTRO DE SALUD DE ZUMBA | G264: NIVEL 1 | H264: CENTRO DE SALUD TIPO A | I264: 55 | Q264: 30 | R264: 25 | S264: 55 | U264: 55 | AF264: 55 | BS264: 5 | BT264: 5 | BU264: 5 | BV264: 5 | BW264: 10 | BX264: 10 | BY264: 10 | BZ264: 10 | CB264: 10 | CC264: 10 | CD264: 6 | CE264: 6 | CF264: 8 | CG264: 7 | CI264: 7 | CK264: 6 | CO264: 3
A265: Z07 | B265: ZAMORA CHINCHIPE | C265: EL PANGUI | D265: 19D04 | E265: 001912 | F265: PACHICUTZA | G265: NIVEL 1 | H265: PUESTO DE SALUD
A266: Z07 | B266: ZAMORA CHINCHIPE | C266: EL PANGUI | D266: 19D04 | E266: 001913 | F266: EL PANGUI | G266: NIVEL 1 | H266: CENTRO DE SALUD TIPO B
A267: Z07 | B267: ZAMORA CHINCHIPE | C267: EL PANGUI | D267: 19D04 | E267: 001914 | F267: TUNDAYME | G267: NIVEL 1 | H267: PUESTO DE SALUD
A268: Z07 | B268: ZAMORA CHINCHIPE | C268: EL PANGUI | D268: 19D04 | E268: 001933 | F268: EL GUISMI | G268: NIVEL 1 | H268: PUESTO DE SALUD
A269: Z07 | B269: ZAMORA CHINCHIPE | C269: EL PANGUI | D269: 19D04 | E269: 001934 | F269: CHUCHUMBLETZA | G269: NIVEL 1 | H269: PUESTO DE SALUD
A270: Z07 | B270: ZAMORA CHINCHIPE | C270: NANGARITZA | D270: 19D02 | E270: 001906 | F270: NUEVO PARAISO | G270: NIVEL 1 | H270: PUESTO DE SALUD
A271: Z07 | B271: ZAMORA CHINCHIPE | C271: NANGARITZA | D271: 19D02 | E271: 001907 | F271: SHAIMI | G271: NIVEL 1 | H271: PUESTO DE SALUD
A272: Z07 | B272: ZAMORA CHINCHIPE | C272: NANGARITZA | D272: 19D02 | E272: 001908 | F272: GERANIOS | G272: NIVEL 1 | H272: PUESTO DE SALUD
A273: Z07 | B273: ZAMORA CHINCHIPE | C273: NANGARITZA | D273: 19D02 | E273: 001909 | F273: ZURMI | G273: NIVEL 1 | H273: PUESTO DE SALUD
A274: Z07 | B274: ZAMORA CHINCHIPE | C274: NANGARITZA | D274: 19D02 | E274: 001925 | F274: SANTA ELENA | G274: NIVEL 1 | H274: PUESTO DE SALUD
A275: Z07 | B275: ZAMORA CHINCHIPE | C275: NANGARITZA | D275: 19D02 | E275: 001926 | F275: GUAYZIMI | G275: NIVEL 1 | H275: CENTRO DE SALUD TIPO A
A276: Z07 | B276: ZAMORA CHINCHIPE | C276: PALANDA | D276: 19D03 | E276: 001904 | F276: SAN FRANCISCO DEL VERGEL | G276: NIVEL 1 | H276: PUESTO DE SALUD | I276: 18 | L276: 10 | N276: 2 | Q276: 7 | R276: 23 | S276: 29 | T276: 1 | U276: 30 | AF276: 30 | BS276: 4 | BT276: 4 | BU276: 4 | BV276: 4 | BW276: 2 | BX276: 2 | BY276: 2 | BZ276: 2 | CB276: 4 | CC276: 4 | CD276: 4 | CE276: 5 | CF276: 2 | CG276: 3 | CI276: 3 | CK276: 10
A277: Z07 | B277: ZAMORA CHINCHIPE | C277: PALANDA | D277: 19D03 | E277: 001937 | F277: EL PORVENIR DEL CARMEN | G277: NIVEL 1 | H277: PUESTO DE SALUD | I277: 1 | O277: 11 | Q277: 8 | R277: 4 | S277: 12 | U277: 12 | AF277: 12 | BS277: 1 | BT277: 1 | BU277: 1 | BV277: 1 | BW277: 1 | BX277: 1 | BY277: 1 | BZ277: 1 | CB277: 2 | CC277: 2 | CD277: 5 | CE277: 4 | CF277: 3 | CG277: 1
A278: Z07 | B278: ZAMORA CHINCHIPE | C278: PALANDA | D278: 19D03 | E278: 001944 | F278: PALANDA | G278: NIVEL 1 | H278: CENTRO DE SALUD TIPO B | I278: 34 | N278: 3 | Q278: 24 | R278: 13 | S278: 37 | U278: 37 | AF278: 37 | BP278: 3 | BQ278: 3 | BR278: 1 | BS278: 9 | BT278: 9 | BU278: 9 | BV278: 9 | BW278: 4 | BX278: 4 | BY278: 4 | BZ278: 4 | CB278: 3 | CC278: 3 | CD278: 5 | CE278: 5 | CF278: 6 | CG278: 1 | CI278: 1 | CK278: 6
A279: Z07 | B279: ZAMORA CHINCHIPE | C279: PALANDA | D279: 19D03 | E279: 001945 | F279: VALLADOLID | G279: NIVEL 1 | H279: CENTRO DE SALUD TIPO A | I279: 9 | L279: 8 | Q279: 7 | R279: 10 | S279: 17 | U279: 17 | AF279: 17 | BR279: 1 | BS279: 1 | BT279: 1 | BU279: 1 | BV279: 1 | BW279: 1 | BX279: 1 | BY279: 1 | BZ279: 1 | CB279: 1 | CC279: 1 | CD279: 1 | CE279: 1 | CF279: 1 | CG279: 1 | CI279: 1 | CK279: 9 | CO279: 1
A280: Z07 | B280: ZAMORA CHINCHIPE | C280: PALANDA | D280: 19D03 | E280: 001946 | F280: LA CANELA | G280: NIVEL 1 | H280: PUESTO DE SALUD | I280: 6 | Q280: 4 | R280: 2 | S280: 6 | U280: 6 | AF280: 6 | BS280: 1 | BT280: 1 | BU280: 1 | BV280: 1 | BW280: 1 | BX280: 1 | BY280: 1 | BZ280: 1 | CF280: 2 | CK280: 2
A281: Z07 | B281: ZAMORA CHINCHIPE | C281: PAQUISHA | D281: 19D02 | E281: 001899 | F281: PAQUISHA | G281: NIVEL 1 | H281: CENTRO DE SALUD TIPO B
A282: Z07 | B282: ZAMORA CHINCHIPE | C282: PAQUISHA | D282: 19D02 | E282: 001941 | F282: BELLAVISTA | G282: NIVEL 1 | H282: PUESTO DE SALUD
A283: Z07 | B283: ZAMORA CHINCHIPE | C283: PAQUISHA | D283: 19D02 | E283: 001942 | F283: CHINAPINTZA | G283: NIVEL 1 | H283: PUESTO DE SALUD
A284: Z07 | B284: ZAMORA CHINCHIPE | C284: PAQUISHA | D284: 19D02 | E284: 001943 | F284: CISAM | G284: NIVEL 1 | H284: PUESTO DE SALUD
A285: Z07 | B285: ZAMORA CHINCHIPE | C285: YACUAMBI | D285: 19D01 | E285: 001916 | F285: JEMBUENTZA | G285: NIVEL 1 | H285: PUESTO DE SALUD
A286: Z07 | B286: ZAMORA CHINCHIPE | C286: YACUAMBI | D286: 19D01 | E286: 001927 | F286: 28 DE MAYO (YACUAMBI) | G286: NIVEL 1 | H286: CENTRO DE SALUD TIPO A
A287: Z07 | B287: ZAMORA CHINCHIPE | C287: YACUAMBI | D287: 19D01 | E287: 001928 | F287: LA ESPERANZA | G287: NIVEL 1 | H287: PUESTO DE SALUD
A288: Z07 | B288: ZAMORA CHINCHIPE | C288: YACUAMBI | D288: 19D01 | E288: 001929 | F288: CHAPINTZA | G288: NIVEL 1 | H288: PUESTO DE SALUD
A289: Z07 | B289: ZAMORA CHINCHIPE | C289: YACUAMBI | D289: 19D01 | E289: 001930 | F289: LA PAZ | G289: NIVEL 1 | H289: PUESTO DE SALUD
A290: Z07 | B290: ZAMORA CHINCHIPE | C290: YACUAMBI | D290: 19D01 | E290: 001931 | F290: TUTUPALI | G290: NIVEL 1 | H290: PUESTO DE SALUD
A291: Z07 | B291: ZAMORA CHINCHIPE | C291: YANTZAZA | D291: 19D04 | E291: 001898 | F291: SAN VICENTE DE CANEY | G291: NIVEL 1 | H291: PUESTO DE SALUD
A292: Z07 | B292: ZAMORA CHINCHIPE | C292: YANTZAZA | D292: 19D04 | E292: 001932 | F292: CHICAÑA | G292: NIVEL 1 | H292: CENTRO DE SALUD TIPO A
... A309: Z07 | B309: ZAMORA CHINCHIPE | C309: ZAMORA | D309: 19D01 | E309: 002837 | F309: CENTRO DE SALUD ZAMORA | G309: NIVEL 1 | H309: CENTRO DE SALUD TIPO A
I310: =I257+I258+I259+I260+I261+I262+I263+I264+I276+I277+I278+I279+I280 -> 147 | J310: =J257+J258+J259+J260+J261+J262+J263+J264+J276+J277+J278+J279+J280 -> 0 | K310: =K257+K258+K259+K260+K261+K262+K263+K264+K276+K277+K278+K279+K280 -> 0 | L310: =L257+L258+L259+L260+L261+L262+L263+L264+L276+L277+L278+L279+L280 -> 18 | M310: =M257+M258+M259+M260+M261+M262+M263+M264+M276+M277+M278+M279+M280 -> 0 | N310: =N257+N258+N259+N260+N261+N262+N263+N264+N276+N277+N278+N279+N280 -> 19 | O310: =O257+O258+O259+O260+O261+O262+O263+O264+O276+O277+O278+O279+O280 -> 11 | P310: =P257+P258+P259+P260+P261+P262+P263+P264+P276+P277+P278+P279+P280 -> 0 | ... CO310: =CO257+CO258+CO259+CO260+CO261+CO262+CO263+CO264+CO276+CO277+CO278+CO279+CO280 -> 6

Sheet JUNIO
A1: Zona | B1: provincia | C1: canton | D1: distrito | E1: unicodigo | F1: uni_nombre | G1: nivel | H1: tipo | I1: int_msp | J1: ext_CNH | K1: ext_cibv | L1: ext_educ_gene_basic | M1: ext_bachillerato | N1: ext_visita_domi | O1: ext_comuni | P1: ext_otros | Q1: sexo_h | R1: sexo_m | S1: pertenece_ES | T1: No_pertenece_ES | U1: ecuatoriano | V1: colombiano | W1: peruano | X1: cubano | Y1: venezolano | Z1: otros | AA1: indigena | AB1: afro | AC1: negro | AD1: mulato | AE1: montubio | AF1: mestizo | AG1: blanco | AH1: otro | AI1: Achuar | AJ1: Andoa | AK1: Awa | AL1: Chachi | AM1: Cofan | AN1: Epera | AO1: Huancavilca | AP1: Kichwa | AQ1: Manta | AR1: Secoya | AS1: Shiwiar | AT1: Shuar | AU1: Siona | AV1: Tsáchila | AW1: Waorani | AX1: Zapara | AY1: Chibuleo | AZ1: Kañari | BA1: Karanki | BB1: Kayambi | BC1: Kichwa Amazónico | BD1: Kisapincha | BE1: Kitukara | BF1: Natabuela | BG1: Otavalo | BH1: Paltas | BI1: Panzaleo | BJ1: Pastos | BK1: Puruha | BL1: Salasaka | BM1: Saraguro | BN1: Tomabela | BO1: Waramka | BP1: BCG_24 | BQ1: HB_24 | BR1: BCG_365 | BS1: rota_1 | BT1: fIPV_1 | BU1: neumo_1 | BV1: penta_1 | BW1: rota_2 | BX1: fIPV_2 | BY1: neumo_2 | BZ1: penta_2 | CA1: bopv_3 | CB1: neumo_3 | CC1: penta_3 | CD1: srp_1 | CE1: fa | CF1: varicela | CG1: srp_2 | CH1: bopv_4 | CI1: dpt_4 | CJ1: bopv_5 | CK1: dpt_5 | CL1: hpv_9a_1d | CM1: hpv_9a_2d | CN1: hpv_10a_2d | CO1: dt_3
A2: Z07 | B2: EL ORO | C2: ARENILLAS | D2: 07D05 | E2: 000541 | F2: SAN VICENTE | G2: NIVEL 1 | H2: CENTRO DE SALUD TIPO A
A3: Z07 | B3: EL ORO | C3: ARENILLAS | D3: 07D05 | E3: 000542 | F3: SAN ISIDRO URBANO | G3: NIVEL 1 | H3: CENTRO DE SALUD TIPO B
A4: Z07 | B4: EL ORO | C4: ARENILLAS | D4: 07D05 | E4: 000543 | F4: CAÑAS | G4: NIVEL 1 | H4: PUESTO DE SALUD
A5: Z07 | B5: EL ORO | C5: ARENILLAS | D5: 07D05 | E5: 000544 | F5: LA CUCA | G5: NIVEL 1 | H5: CENTRO DE SALUD TIPO A
A6: Z07 | B6: EL ORO | C6: ARENILLAS | D6: 07D05 | E6: 000545 | F6: CARCABON | G6: NIVEL 1 | H6: CENTRO DE SALUD TIPO A
A7: Z07 | B7: EL ORO | C7: ARENILLAS | D7: 07D05 | E7: 000546 | F7: CHACRAS | G7: NIVEL 1 | H7: CENTRO DE SALUD TIPO A
A8: Z07 | B8: EL ORO | C8: ARENILLAS | D8: 07D05 | E8: 000547 | F8: PALMALES | G8: NIVEL 1 | H8: CENTRO DE SALUD TIPO A
A9: Z07 | B9: EL ORO | C9: ARENILLAS | D9: 07D05 | E9: 000548 | F9: MANABI DE EL ORO | G9: NIVEL 1 | H9: PUESTO DE SALUD
A10: Z07 | B10: EL ORO | C10: ARENILLAS | D10: 07D05 | E10: 000591 | F10: HOSPITAL BASICO DE ARENILLAS | G10: NIVEL 2 | H10: HOSPITAL BASICO
A11: Z07 | B11: EL ORO | C11: ARENILLAS | D11: 07D05 | E11: 002763 | F11: EL JOBO SAN VICENTE | G11: NIVEL 1 | H11: PUESTO DE SALUD
A12: Z07 | B12: EL ORO | C12: ARENILLAS | D12: 07D05 | E12: 002900 | F12: CENTRO DE SALUD ARENILLAS | G12: NIVEL 1 | H12: CENTRO DE SALUD TIPO A
A13: Z07 | B13: EL ORO | C13: ATAHUALPA | D13: 07D03 | E13: 000576 | F13: AYAPAMBA | G13: NIVEL 1 | H13: CENTRO DE SALUD TIPO A
... A256: Z07 | B256: ZAMORA CHINCHIPE | C256: CENTINELA DEL CONDOR | D256: 19D02 | E256: 001900 | F256: ZUMBI | G256: NIVEL 1 | H256: CENTRO DE SALUD TIPO A
A257: Z07 | B257: ZAMORA CHINCHIPE | C257: CHINCHIPE | D257: 19D03 | E257: 001901 | F257: LA CHONTA | G257: NIVEL 1 | H257: CENTRO DE SALUD TIPO A | I257: 2 | Q257: 1 | R257: 1 | S257: 2 | U257: 2 | AF257: 2 | CH257: 1 | CJ257: 1 | CK257: 1
A258: Z07 | B258: ZAMORA CHINCHIPE | C258: CHINCHIPE | D258: 19D03 | E258: 001902 | F258: EL CHORRO | G258: NIVEL 1 | H258: PUESTO DE SALUD
A259: Z07 | B259: ZAMORA CHINCHIPE | C259: CHINCHIPE | D259: 19D03 | E259: 001903 | F259: CHITO | G259: NIVEL 1 | H259: CENTRO DE SALUD TIPO A | I259: 17 | N259: 5 | Q259: 12 | R259: 10 | S259: 21 | T259: 1 | U259: 21 | W259: 1 | AF259: 21 | AH259: 1 | BS259: 1 | BT259: 1 | BU259: 1 | BV259: 1 | BW259: 2 | BX259: 2 | BY259: 2 | BZ259: 2 | CA259: 7 | CB259: 6 | CC259: 6 | CD259: 3 | CE259: 3 | CF259: 3 | CG259: 2 | CH259: 5 | CI259: 2 | CJ259: 1 | CK259: 1
A260: Z07 | B260: ZAMORA CHINCHIPE | C260: CHINCHIPE | D260: 19D03 | E260: 001921 | F260: LA GUAYUZA | G260: NIVEL 1 | H260: PUESTO DE SALUD | I260: 5 | Q260: 3 | R260: 2 | S260: 5 | U260: 5 | AF260: 5 | BS260: 0 | BT260: 0 | BU260: 0 | BV260: 0 | BW260: 0 | BX260: 0 | BY260: 0 | BZ260: 0 | CA260: 3 | CB260: 2 | CC260: 2 | CD260: 1 | CE260: 0 | CF260: 0 | CG260: 1 | CH260: 1 | CI260: 0 | CJ260: 0 | CK260: 0
A261: Z07 | B261: ZAMORA CHINCHIPE | C261: CHINCHIPE | D261: 19D03 | E261: 001922 | F261: LA DIVERSION | G261: NIVEL 1 | H261: CENTRO DE SALUD TIPO A | I261: 4 | N261: 5 | Q261: 5 | R261: 4 | S261: 8 | T261: 1 | U261: 9 | AF261: 9 | BW261: 1 | BX261: 1 | BY261: 1 | BZ261: 1 | CA261: 2 | CF261: 2 | CG261: 1 | CH261: 1 | CJ261: 2 | CK261: 1
A262: Z07 | B262: ZAMORA CHINCHIPE | C262: CHINCHIPE | D262: 19D03 | E262: 001923 | F262: SAN ANDRES | G262: NIVEL 1 | H262: PUESTO DE SALUD | I262: 1 | Q262: 1 | S262: 1 | U262: 1 | AF262: 1 | CB262: 1 | CC262: 1
A263: Z07 | B263: ZAMORA CHINCHIPE | C263: CHINCHIPE | D263: 19D03 | E263: 001949 | F263: HOSPITAL BASICO DE ZUMBA | G263: NIVEL 2 | H263: HOSPITAL BASICO | I263: 13 | Q263: 3 | R263: 10 | S263: 10 | T263: 3 | U263: 13 | AF263: 13 | BP263: 13 | BQ263: 13
A264: Z07 | B264: ZAMORA CHINCHIPE | C264: CHINCHIPE | D264: 19D03 | E264: 002846 | F264: CENTRO DE SALUD DE ZUMBA | G264: NIVEL 1 | H264: CENTRO DE SALUD TIPO A | I264: 63 | Q264: 36 | R264: 27 | S264: 63 | U264: 63 | AF264: 63 | BS264: 12 | BT264: 12 | BU264: 12 | BV264: 12 | BW264: 6 | BX264: 6 | BY264: 6 | BZ264: 6 | CA264: 13 | CB264: 14 | CC264: 14 | CD264: 10 | CE264: 10 | CF264: 2 | CG264: 9 | CH264: 9 | CI264: 7 | CJ264: 6 | CK264: 3 | CO264: 1
A265: Z07 | B265: ZAMORA CHINCHIPE | C265: EL PANGUI | D265: 19D04 | E265: 001912 | F265: PACHICUTZA | G265: NIVEL 1 | H265: PUESTO DE SALUD
A266: Z07 | B266: ZAMORA CHINCHIPE | C266: EL PANGUI | D266: 19D04 | E266: 001913 | F266: EL PANGUI | G266: NIVEL 1 | H266: CENTRO DE SALUD TIPO B
A267: Z07 | B267: ZAMORA CHINCHIPE | C267: EL PANGUI | D267: 19D04 | E267: 001914 | F267: TUNDAYME | G267: NIVEL 1 | H267: PUESTO DE SALUD
A268: Z07 | B268: ZAMORA CHINCHIPE | C268: EL PANGUI | D268: 19D04 | E268: 001933 | F268: EL GUISMI | G268: NIVEL 1 | H268: PUESTO DE SALUD
A269: Z07 | B269: ZAMORA CHINCHIPE | C269: EL PANGUI | D269: 19D04 | E269: 001934 | F269: CHUCHUMBLETZA | G269: NIVEL 1 | H269: PUESTO DE SALUD
A270: Z07 | B270: ZAMORA CHINCHIPE | C270: NANGARITZA | D270: 19D02 | E270: 001906 | F270: NUEVO PARAISO | G270: NIVEL 1 | H270: PUESTO DE SALUD
A271: Z07 | B271: ZAMORA CHINCHIPE | C271: NANGARITZA | D271: 19D02 | E271: 001907 | F271: SHAIMI | G271: NIVEL 1 | H271: PUESTO DE SALUD
A272: Z07 | B272: ZAMORA CHINCHIPE | C272: NANGARITZA | D272: 19D02 | E272: 001908 | F272: GERANIOS | G272: NIVEL 1 | H272: PUESTO DE SALUD
A273: Z07 | B273: ZAMORA CHINCHIPE | C273: NANGARITZA | D273: 19D02 | E273: 001909 | F273: ZURMI | G273: NIVEL 1 | H273: PUESTO DE SALUD
A274: Z07 | B274: ZAMORA CHINCHIPE | C274: NANGARITZA | D274: 19D02 | E274: 001925 | F274: SANTA ELENA | G274: NIVEL 1 | H274: PUESTO DE SALUD
A275: Z07 | B275: ZAMORA CHINCHIPE | C275: NANGARITZA | D275: 19D02 | E275: 001926 | F275: GUAYZIMI | G275: NIVEL 1 | H275: CENTRO DE SALUD TIPO A
A276: Z07 | B276: ZAMORA CHINCHIPE | C276: PALANDA | D276: 19D03 | E276: 001904 | F276: SAN FRANCISCO DEL VERGEL | G276: NIVEL 1 | H276: PUESTO DE SALUD | I276: 10 | Q276: 3 | R276: 7 | S276: 10 | U276: 10 | AF276: 10 | BS276: 1 | BT276: 1 | BU276: 1 | BV276: 1 | BW276: 1 | BX276: 1 | BY276: 1 | BZ276: 1 | CA276: 2 | CB276: 2 | CC276: 2 | CD276: 1 | CE276: 1 | CF276: 1 | CG276: 2 | CH276: 3 | CI276: 2
A277: Z07 | B277: ZAMORA CHINCHIPE | C277: PALANDA | D277: 19D03 | E277: 001937 | F277: EL PORVENIR DEL CARMEN | G277: NIVEL 1 | H277: PUESTO DE SALUD | I277: 5 | N277: 1 | Q277: 3 | R277: 3 | S277: 6 | U277: 6 | AF277: 6 | BP277: 1 | BQ277: 1 | BS277: 3 | BT277: 3 | BU277: 3 | BV277: 3 | CB277: 1 | CC277: 1 | CD277: 1 | CE277: 1 | CF277: 1 | CG277: 1 | CH277: 1 | CI277: 1
A278: Z07 | B278: ZAMORA CHINCHIPE | C278: PALANDA | D278: 19D03 | E278: 001944 | F278: PALANDA | G278: NIVEL 1 | H278: CENTRO DE SALUD TIPO B | I278: 20 | N278: 7 | Q278: 10 | R278: 17 | S278: 21 | T278: 6 | U278: 27 | AF278: 27 | BP278: 3 | BQ278: 3 | BS278: 3 | BT278: 3 | BU278: 3 | BV278: 3 | BW278: 2 | BX278: 2 | BY278: 2 | BZ278: 2 | CA278: 4 | CB278: 4 | CC278: 4 | CD278: 8 | CE278: 8 | CF278: 4 | CH278: 1 | CJ278: 1 | CK278: 1
A279: Z07 | B279: ZAMORA CHINCHIPE | C279: PALANDA | D279: 19D03 | E279: 001945 | F279: VALLADOLID | G279: NIVEL 1 | H279: CENTRO DE SALUD TIPO A | I279: 19 | Q279: 9 | R279: 10 | S279: 19 | U279: 19 | AF279: 19 | BS279: 1 | BT279: 1 | BU279: 1 | BV279: 1 | BW279: 1 | BX279: 1 | BY279: 1 | BZ279: 1 | CA279: 3 | CB279: 2 | CC279: 2 | CD279: 2 | CE279: 1 | CH279: 2 | CI279: 1 | CJ279: 9 | CO279: 1
A280: Z07 | B280: ZAMORA CHINCHIPE | C280: PALANDA | D280: 19D03 | E280: 001946 | F280: LA CANELA | G280: NIVEL 1 | H280: PUESTO DE SALUD | I280: 5 | Q280: 2 | R280: 3 | S280: 5 | U280: 5 | AF280: 5 | BS280: 1 | BT280: 1 | BU280: 1 | BV280: 1 | CA280: 2 | CB280: 2 | CC280: 2 | CD280: 1 | CE280: 1 | CF280: 1
A281: Z07 | B281: ZAMORA CHINCHIPE | C281: PAQUISHA | D281: 19D02 | E281: 001899 | F281: PAQUISHA | G281: NIVEL 1 | H281: CENTRO DE SALUD TIPO B
A282: Z07 | B282: ZAMORA CHINCHIPE | C282: PAQUISHA | D282: 19D02 | E282: 001941 | F282: BELLAVISTA | G282: NIVEL 1 | H282: PUESTO DE SALUD
A283: Z07 | B283: ZAMORA CHINCHIPE | C283: PAQUISHA | D283: 19D02 | E283: 001942 | F283: CHINAPINTZA | G283: NIVEL 1 | H283: PUESTO DE SALUD
A284: Z07 | B284: ZAMORA CHINCHIPE | C284: PAQUISHA | D284: 19D02 | E284: 001943 | F284: CISAM | G284: NIVEL 1 | H284: PUESTO DE SALUD
A285: Z07 | B285: ZAMORA CHINCHIPE | C285: YACUAMBI | D285: 19D01 | E285: 001916 | F285: JEMBUENTZA | G285: NIVEL 1 | H285: PUESTO DE SALUD
A286: Z07 | B286: ZAMORA CHINCHIPE | C286: YACUAMBI | D286: 19D01 | E286: 001927 | F286: 28 DE MAYO (YACUAMBI) | G286: NIVEL 1 | H286: CENTRO DE SALUD TIPO A
A287: Z07 | B287: ZAMORA CHINCHIPE | C287: YACUAMBI | D287: 19D01 | E287: 001928 | F287: LA ESPERANZA | G287: NIVEL 1 | H287: PUESTO DE SALUD
A288: Z07 | B288: ZAMORA CHINCHIPE | C288: YACUAMBI | D288: 19D01 | E288: 001929 | F288: CHAPINTZA | G288: NIVEL 1 | H288: PUESTO DE SALUD
A289: Z07 | B289: ZAMORA CHINCHIPE | C289: YACUAMBI | D289: 19D01 | E289: 001930 | F289: LA PAZ | G289: NIVEL 1 | H289: PUESTO DE SALUD
A290: Z07 | B290: ZAMORA CHINCHIPE | C290: YACUAMBI | D290: 19D01 | E290: 001931 | F290: TUTUPALI | G290: NIVEL 1 | H290: PUESTO DE SALUD
A291: Z07 | B291: ZAMORA CHINCHIPE | C291: YANTZAZA | D291: 19D04 | E291: 001898 | F291: SAN VICENTE DE CANEY | G291: NIVEL 1 | H291: PUESTO DE SALUD
A292: Z07 | B292: ZAMORA CHINCHIPE | C292: YANTZAZA | D292: 19D04 | E292: 001932 | F292: CHICAÑA | G292: NIVEL 1 | H292: CENTRO DE SALUD TIPO A
... A309: Z07 | B309: ZAMORA CHINCHIPE | C309: ZAMORA | D309: 19D01 | E309: 002837 | F309: CENTRO DE SALUD ZAMORA | G309: NIVEL 1 | H309: CENTRO DE SALUD TIPO A
I310: =SUBTOTAL(9,I257:I309) -> 164 | J310: =SUBTOTAL(9,J257:J309) -> 0 | K310: =SUBTOTAL(9,K257:K309) -> 0 | L310: =SUBTOTAL(9,L257:L309) -> 0 | M310: =SUBTOTAL(9,M257:M309) -> 0 | N310: =SUBTOTAL(9,N257:N309) -> 18 | O310: =SUBTOTAL(9,O257:O309) -> 0 | P310: =SUBTOTAL(9,P257:P309) -> 0 | ... CO310: =SUBTOTAL(9,CO257:CO309) -> 2

Sheet JULIO
A1: Zona | B1: provincia | C1: canton | D1: distrito | E1: unicodigo | F1: uni_nombre | G1: nivel | H1: tipo | I1: int_msp | J1: ext_CNH | K1: ext_cibv | L1: ext_educ_gene_basic | M1: ext_bachillerato | N1: ext_visita_domi | O1: ext_comuni | P1: ext_otros | Q1: sexo_h | R1: sexo_m | S1: pertenece_ES | T1: No_pertenece_ES | U1: ecuatoriano | V1: colombiano | W1: peruano | X1: cubano | Y1: venezolano | Z1: otros | AA1: indigena | AB1: afro | AC1: negro | AD1: mulato | AE1: montubio | AF1: mestizo | AG1: blanco | AH1: otro | AI1: Achuar | AJ1: Andoa | AK1: Awa | AL1: Chachi | AM1: Cofan | AN1: Epera | AO1: Huancavilca | AP1: Kichwa | AQ1: Manta | AR1: Secoya | AS1: Shiwiar | AT1: Shuar | AU1: Siona | AV1: Tsáchila | AW1: Waorani | AX1: Zapara | AY1: Chibuleo | AZ1: Kañari | BA1: Karanki | BB1: Kayambi | BC1: Kichwa Amazónico | BD1: Kisapincha | BE1: Kitukara | BF1: Natabuela | BG1: Otavalo | BH1: Paltas | BI1: Panzaleo | BJ1: Pastos | BK1: Puruha | BL1: Salasaka | BM1: Saraguro | BN1: Tomabela | BO1: Waramka | BP1: BCG_24 | BQ1: HB_24 | BR1: BCG_365 | BS1: rota_1 | BT1: fIPV_1 | BU1: neumo_1 | BV1: penta_1 | BW1: rota_2 | BX1: fIPV_2 | BY1: neumo_2 | BZ1: penta_2 | CA1: bopv_3 | CB1: neumo_3 | CC1: penta_3 | CD1: srp_1 | CE1: fa | CF1: varicela | CG1: srp_2 | CH1: bopv_4 | CI1: dpt_4 | CJ1: bopv_5 | CK1: dpt_5 | CL1: hpv_9a_1d | CM1: hpv_9a_2d | CN1: hpv_10a_2d | CO1: dt_3
A2: Z07 | B2: EL ORO | C2: ARENILLAS | D2: 07D05 | E2: 000541 | F2: SAN VICENTE | G2: NIVEL 1 | H2: CENTRO DE SALUD TIPO A
A3: Z07 | B3: EL ORO | C3: ARENILLAS | D3: 07D05 | E3: 000542 | F3: SAN ISIDRO URBANO | G3: NIVEL 1 | H3: CENTRO DE SALUD TIPO B
A4: Z07 | B4: EL ORO | C4: ARENILLAS | D4: 07D05 | E4: 000543 | F4: CAÑAS | G4: NIVEL 1 | H4: PUESTO DE SALUD
A5: Z07 | B5: EL ORO | C5: ARENILLAS | D5: 07D05 | E5: 000544 | F5: LA CUCA | G5: NIVEL 1 | H5: CENTRO DE SALUD TIPO A
A6: Z07 | B6: EL ORO | C6: ARENILLAS | D6: 07D05 | E6: 000545 | F6: CARCABON | G6: NIVEL 1 | H6: CENTRO DE SALUD TIPO A
A7: Z07 | B7: EL ORO | C7: ARENILLAS | D7: 07D05 | E7: 000546 | F7: CHACRAS | G7: NIVEL 1 | H7: CENTRO DE SALUD TIPO A
A8: Z07 | B8: EL ORO | C8: ARENILLAS | D8: 07D05 | E8: 000547 | F8: PALMALES | G8: NIVEL 1 | H8: CENTRO DE SALUD TIPO A
A9: Z07 | B9: EL ORO | C9: ARENILLAS | D9: 07D05 | E9: 000548 | F9: MANABI DE EL ORO | G9: NIVEL 1 | H9: PUESTO DE SALUD
A10: Z07 | B10: EL ORO | C10: ARENILLAS | D10: 07D05 | E10: 000591 | F10: HOSPITAL BASICO DE ARENILLAS | G10: NIVEL 2 | H10: HOSPITAL BASICO
A11: Z07 | B11: EL ORO | C11: ARENILLAS | D11: 07D05 | E11: 002763 | F11: EL JOBO SAN VICENTE | G11: NIVEL 1 | H11: PUESTO DE SALUD
A12: Z07 | B12: EL ORO | C12: ARENILLAS | D12: 07D05 | E12: 002900 | F12: CENTRO DE SALUD ARENILLAS | G12: NIVEL 1 | H12: CENTRO DE SALUD TIPO A
A13: Z07 | B13: EL ORO | C13: ATAHUALPA | D13: 07D03 | E13: 000576 | F13: AYAPAMBA | G13: NIVEL 1 | H13: CENTRO DE SALUD TIPO A
... A258: Z07 | B258: ZAMORA CHINCHIPE | C258: CHINCHIPE | D258: 19D03 | E258: 001902 | F258: EL CHORRO | G258: NIVEL 1 | H258: PUESTO DE SALUD
A259: Z07 | B259: ZAMORA CHINCHIPE | C259: CHINCHIPE | D259: 19D03 | E259: 001903 | F259: CHITO | G259: NIVEL 1 | H259: CENTRO DE SALUD TIPO A | I259: 5 | N259: 4 | Q259: 5 | R259: 4 | S259: 9 | U259: 9 | AF259: 9 | BS259: 1 | BT259: 1 | BU259: 1 | BV259: 1 | CA259: 1 | CB259: 1 | CC259: 1 | CD259: 1 | CE259: 1 | CF259: 3 | CG259: 1 | CH259: 2 | CI259: 1 | CJ259: 1 | CK259: 1
A260: Z07 | B260: ZAMORA CHINCHIPE | C260: CHINCHIPE | D260: 19D03 | E260: 001921 | F260: LA GUAYUZA | G260: NIVEL 1 | H260: PUESTO DE SALUD | I260: 0 | BS260: 0 | BT260: 0 | BU260: 0 | BV260: 0 | BW260: 0 | BX260: 0 | BY260: 0 | BZ260: 0 | CA260: 0 | CB260: 0 | CC260: 0 | CD260: 0 | CE260: 0 | CF260: 0 | CG260: 0 | CH260: 0 | CI260: 0 | CJ260: 0 | CK260: 0
A261: Z07 | B261: ZAMORA CHINCHIPE | C261: CHINCHIPE | D261: 19D03 | E261: 001922 | F261: LA DIVERSION | G261: NIVEL 1 | H261: CENTRO DE SALUD TIPO A | J261: 4 | N261: 4 | Q261: 7 | R261: 1 | S261: 8 | U261: 8 | AF261: 8 | BS261: 2 | BU261: 2 | BV261: 2 | CA261: 1 | CB261: 1 | CC261: 1 | CD261: 1 | CE261: 1 | CF261: 1 | CH261: 1 | CI261: 1 | CJ261: 2 | CK261: 1
A262: Z07 | B262: ZAMORA CHINCHIPE | C262: CHINCHIPE | D262: 19D03 | E262: 001923 | F262: SAN ANDRES | G262: NIVEL 1 | H262: PUESTO DE SALUD | I262: 5 | N262: 2 | Q262: 3 | R262: 4 | S262: 7 | U262: 7 | AF262: 7 | BS262: 1 | BT262: 1 | BU262: 1 | BV262: 1 | BW262: 2 | BX262: 2 | BY262: 2 | BZ262: 2 | CA262: 1 | CF262: 1 | CG262: 1 | CH262: 2 | CI262: 1
A263: Z07 | B263: ZAMORA CHINCHIPE | C263: CHINCHIPE | D263: 19D03 | E263: 001949 | F263: HOSPITAL BASICO DE ZUMBA | G263: NIVEL 2 | H263: HOSPITAL BASICO | I263: 14 | Q263: 9 | R263: 5 | S263: 13 | T263: 1 | U263: 14 | AF263: 14 | BP263: 14 | BQ263: 14
A264: Z07 | B264: ZAMORA CHINCHIPE | C264: CHINCHIPE | D264: 19D03 | E264: 002846 | F264: CENTRO DE SALUD DE ZUMBA | G264: NIVEL 1 | H264: CENTRO DE SALUD TIPO A | I264: 61 | Q264: 38 | R264: 23 | S264: 61 | U264: 60 | W264: 1 | AF264: 60 | AH264: 1 | BS264: 4 | BT264: 4 | BU264: 4 | BV264: 4 | BW264: 8 | BX264: 8 | BY264: 8 | BZ264: 8 | CA264: 18 | CB264: 9 | CC264: 9 | CD264: 10 | CE264: 10 | CF264: 9 | CG264: 9 | CH264: 12 | CI264: 10 | CJ264: 7 | CK264: 7
A265: Z07 | B265: ZAMORA CHINCHIPE | C265: EL PANGUI | D265: 19D04 | E265: 001912 | F265: PACHICUTZA | G265: NIVEL 1 | H265: PUESTO DE SALUD
A266: Z07 | B266: ZAMORA CHINCHIPE | C266: EL PANGUI | D266: 19D04 | E266: 001913 | F266: EL PANGUI | G266: NIVEL 1 | H266: CENTRO DE SALUD TIPO B
A267: Z07 | B267: ZAMORA CHINCHIPE | C267: EL PANGUI | D267: 19D04 | E267: 001914 | F267: TUNDAYME | G267: NIVEL 1 | H267: PUESTO DE SALUD
A268: Z07 | B268: ZAMORA CHINCHIPE | C268: EL PANGUI | D268: 19D04 | E268: 001933 | F268: EL GUISMI | G268: NIVEL 1 | H268: PUESTO DE SALUD
A269: Z07 | B269: ZAMORA CHINCHIPE | C269: EL PANGUI | D269: 19D04 | E269: 001934 | F269: CHUCHUMBLETZA | G269: NIVEL 1 | H269: PUESTO DE SALUD
A270: Z07 | B270: ZAMORA CHINCHIPE | C270: NANGARITZA | D270: 19D02 | E270: 001906 | F270: NUEVO PARAISO | G270: NIVEL 1 | H270: PUESTO DE SALUD
A271: Z07 | B271: ZAMORA CHINCHIPE | C271: NANGARITZA | D271: 19D02 | E271: 001907 | F271: SHAIMI | G271: NIVEL 1 | H271: PUESTO DE SALUD
A272: Z07 | B272: ZAMORA CHINCHIPE | C272: NANGARITZA | D272: 19D02 | E272: 001908 | F272: GERANIOS | G272: NIVEL 1 | H272: PUESTO DE SALUD
A273: Z07 | B273: ZAMORA CHINCHIPE | C273: NANGARITZA | D273: 19D02 | E273: 001909 | F273: ZURMI | G273: NIVEL 1 | H273: PUESTO DE SALUD
A274: Z07 | B274: ZAMORA CHINCHIPE | C274: NANGARITZA | D274: 19D02 | E274: 001925 | F274: SANTA ELENA | G274: NIVEL 1 | H274: PUESTO DE SALUD
A275: Z07 | B275: ZAMORA CHINCHIPE | C275: NANGARITZA | D275: 19D02 | E275: 001926 | F275: GUAYZIMI | G275: NIVEL 1 | H275: CENTRO DE SALUD TIPO A
A276: Z07 | B276: ZAMORA CHINCHIPE | C276: PALANDA | D276: 19D03 | E276: 001904 | F276: SAN FRANCISCO DEL VERGEL | G276: NIVEL 1 | H276: PUESTO DE SALUD | I276: 18 | Q276: 6 | R276: 12 | S276: 12 | T276: 6 | U276: 18 | AF276: 18 | BS276: 2 | BT276: 2 | BU276: 2 | BV276: 2 | BW276: 6 | BX276: 6 | BY276: 6 | BZ276: 6 | CA276: 3 | CB276: 2 | CC276: 2 | CD276: 2 | CE276: 2 | CF276: 3 | CG276: 1 | CH276: 2 | CI276: 1
A277: Z07 | B277: ZAMORA CHINCHIPE | C277: PALANDA | D277: 19D03 | E277: 001937 | F277: EL PORVENIR DEL CARMEN | G277: NIVEL 1 | H277: PUESTO DE SALUD | I277: 4 | Q277: 3 | R277: 1 | S277: 4 | U277: 4 | AF277: 4 | BP277: 1 | BQ277: 1 | BS277: 1 | BT277: 1 | BU277: 1 | BV277: 1 | CA277: 1 | CG277: 1 | CH277: 1 | CI277: 1
A278: Z07 | B278: ZAMORA CHINCHIPE | C278: PALANDA | D278: 19D03 | E278: 001944 | F278: PALANDA | G278: NIVEL 1 | H278: CENTRO DE SALUD TIPO B | I278: 41 | N278: 7 | O278: 13 | Q278: 36 | R278: 25 | S278: 40 | T278: 21 | U278: 61 | AF278: 61 | BP278: 7 | BQ278: 7 | BS278: 6 | BT278: 6 | BU278: 6 | BV278: 6 | BW278: 6 | BX278: 6 | BY278: 6 | BZ278: 6 | CA278: 5 | CB278: 4 | CC278: 4 | CD278: 7 | CE278: 7 | CF278: 8 | CG278: 17 | CH278: 17 | CI278: 17 | CJ278: 4 | CK278: 3
A279: Z07 | B279: ZAMORA CHINCHIPE | C279: PALANDA | D279: 19D03 | E279: 001945 | F279: VALLADOLID | G279: NIVEL 1 | H279: CENTRO DE SALUD TIPO A | I279: 6 | Q279: 2 | R279: 4 | S279: 6 | U279: 6 | AF279: 6 | BS279: 1 | BT279: 1 | BU279: 1 | BV279: 1 | BW279: 1 | BX279: 1 | BY279: 1 | BZ279: 1 | CA279: 1 | CB279: 1 | CC279: 1 | CF279: 1 | CG279: 2 | CH279: 2 | CI279: 2
A280: Z07 | B280: ZAMORA CHINCHIPE | C280: PALANDA | D280: 19D03 | E280: 001946 | F280: LA CANELA | G280: NIVEL 1 | H280: PUESTO DE SALUD | I280: 4 | Q280: 2 | R280: 2 | S280: 4 | U280: 4 | AF280: 4 | BS280: 1 | BT280: 1 | BU280: 1 | BV280: 1 | CA280: 1 | CB280: 1 | CC280: 1 | CG280: 1 | CH280: 1 | CI280: 1 | CJ280: 1
A281: Z07 | B281: ZAMORA CHINCHIPE | C281: PAQUISHA | D281: 19D02 | E281: 001899 | F281: PAQUISHA | G281: NIVEL 1 | H281: CENTRO DE SALUD TIPO B
A282: Z07 | B282: ZAMORA CHINCHIPE | C282: PAQUISHA | D282: 19D02 | E282: 001941 | F282: BELLAVISTA | G282: NIVEL 1 | H282: PUESTO DE SALUD
A283: Z07 | B283: ZAMORA CHINCHIPE | C283: PAQUISHA | D283: 19D02 | E283: 001942 | F283: CHINAPINTZA | G283: NIVEL 1 | H283: PUESTO DE SALUD
A284: Z07 | B284: ZAMORA CHINCHIPE | C284: PAQUISHA | D284: 19D02 | E284: 001943 | F284: CISAM | G284: NIVEL 1 | H284: PUESTO DE SALUD
A285: Z07 | B285: ZAMORA CHINCHIPE | C285: YACUAMBI | D285: 19D01 | E285: 001916 | F285: JEMBUENTZA | G285: NIVEL 1 | H285: PUESTO DE SALUD
A286: Z07 | B286: ZAMORA CHINCHIPE | C286: YACUAMBI | D286: 19D01 | E286: 001927 | F286: 28 DE MAYO (YACUAMBI) | G286: NIVEL 1 | H286: CENTRO DE SALUD TIPO A
A287: Z07 | B287: ZAMORA CHINCHIPE | C287: YACUAMBI | D287: 19D01 | E287: 001928 | F287: LA ESPERANZA | G287: NIVEL 1 | H287: PUESTO DE SALUD
A288: Z07 | B288: ZAMORA CHINCHIPE | C288: YACUAMBI | D288: 19D01 | E288: 001929 | F288: CHAPINTZA | G288: NIVEL 1 | H288: PUESTO DE SALUD
A289: Z07 | B289: ZAMORA CHINCHIPE | C289: YACUAMBI | D289: 19D01 | E289: 001930 | F289: LA PAZ | G289: NIVEL 1 | H289: PUESTO DE SALUD
A290: Z07 | B290: ZAMORA CHINCHIPE | C290: YACUAMBI | D290: 19D01 | E290: 001931 | F290: TUTUPALI | G290: NIVEL 1 | H290: PUESTO DE SALUD
A291: Z07 | B291: ZAMORA CHINCHIPE | C291: YANTZAZA | D291: 19D04 | E291: 001898 | F291: SAN VICENTE DE CANEY | G291: NIVEL 1 | H291: PUESTO DE SALUD
A292: Z07 | B292: ZAMORA CHINCHIPE | C292: YANTZAZA | D292: 19D04 | E292: 001932 | F292: CHICAÑA | G292: NIVEL 1 | H292: CENTRO DE SALUD TIPO A
... A309: Z07 | B309: ZAMORA CHINCHIPE | C309: ZAMORA | D309: 19D01 | E309: 002837 | F309: CENTRO DE SALUD ZAMORA | G309: NIVEL 1 | H309: CENTRO DE SALUD TIPO A
I310: =SUBTOTAL(9,I257:I309) -> 158 | J310: =SUBTOTAL(9,J257:J309) -> 4 | K310: =SUBTOTAL(9,K257:K309) -> 0 | L310: =SUBTOTAL(9,L257:L309) -> 0 | M310: =SUBTOTAL(9,M257:M309) -> 0 | N310: =SUBTOTAL(9,N257:N309) -> 17 | O310: =SUBTOTAL(9,O257:O309) -> 13 | P310: =SUBTOTAL(9,P257:P309) -> 0 | ... CO310: =SUBTOTAL(9,CO257:CO309) -> 0

Sheet AGOSTO
A1: Zona | B1: provincia | C1: canton | D1: distrito | E1: unicodigo | F1: uni_nombre | G1: nivel | H1: tipo | I1: int_msp | J1: ext_CNH | K1: ext_cibv | L1: ext_educ_gene_basic | M1: ext_bachillerato | N1: ext_visita_domi | O1: ext_comuni | P1: ext_otros | Q1: sexo_h | R1: sexo_m | S1: pertenece_ES | T1: No_pertenece_ES | U1: ecuatoriano | V1: colombiano | W1: peruano | X1: cubano | Y1: venezolano | Z1: otros | AA1: indigena | AB1: afro | AC1: negro | AD1: mulato | AE1: montubio | AF1: mestizo | AG1: blanco | AH1: otro | AI1: Achuar | AJ1: Andoa | AK1: Awa | AL1: Chachi | AM1: Cofan | AN1: Epera | AO1: Huancavilca | AP1: Kichwa | AQ1: Manta | AR1: Secoya | AS1: Shiwiar | AT1: Shuar | AU1: Siona | AV1: Tsáchila | AW1: Waorani | AX1: Zapara | AY1: Chibuleo | AZ1: Kañari | BA1: Karanki | BB1: Kayambi | BC1: Kichwa Amazónico | BD1: Kisapincha | BE1: Kitukara | BF1: Natabuela | BG1: Otavalo | BH1: Paltas | BI1: Panzaleo | BJ1: Pastos | BK1: Puruha | BL1: Salasaka | BM1: Saraguro | BN1: Tomabela | BO1: Waramka | BP1: BCG_24 | BQ1: HB_24 | BR1: BCG_365 | BS1: rota_1 | BT1: fIPV_1 | BU1: neumo_1 | BV1: penta_1 | BW1: rota_2 | BX1: fIPV_2 | BY1: neumo_2 | BZ1: penta_2 | CA1: bopv_3 | CB1: neumo_3 | CC1: penta_3 | CD1: srp_1 | CE1: fa | CF1: varicela | CG1: srp_2 | CH1: bopv_4 | CI1: dpt_4 | CJ1: bopv_5 | CK1: dpt_5 | CL1: hpv_9a_1d | CM1: hpv_9a_2d | CN1: hpv_10a_2d | CO1: dt_3
A2: Z07 | B2: EL ORO | C2: ARENILLAS | D2: 07D05 | E2: 000541 | F2: SAN VICENTE | G2: NIVEL 1 | H2: CENTRO DE SALUD TIPO A
A3: Z07 | B3: EL ORO | C3: ARENILLAS | D3: 07D05 | E3: 000542 | F3: SAN ISIDRO URBANO | G3: NIVEL 1 | H3: CENTRO DE SALUD TIPO B
A4: Z07 | B4: EL ORO | C4: ARENILLAS | D4: 07D05 | E4: 000543 | F4: CAÑAS | G4: NIVEL 1 | H4: PUESTO DE SALUD
A5: Z07 | B5: EL ORO | C5: ARENILLAS | D5: 07D05 | E5: 000544 | F5: LA CUCA | G5: NIVEL 1 | H5: CENTRO DE SALUD TIPO A
A6: Z07 | B6: EL ORO | C6: ARENILLAS | D6: 07D05 | E6: 000545 | F6: CARCABON | G6: NIVEL 1 | H6: CENTRO DE SALUD TIPO A
A7: Z07 | B7: EL ORO | C7: ARENILLAS | D7: 07D05 | E7: 000546 | F7: CHACRAS | G7: NIVEL 1 | H7: CENTRO DE SALUD TIPO A
A8: Z07 | B8: EL ORO | C8: ARENILLAS | D8: 07D05 | E8: 000547 | F8: PALMALES | G8: NIVEL 1 | H8: CENTRO DE SALUD TIPO A
A9: Z07 | B9: EL ORO | C9: ARENILLAS | D9: 07D05 | E9: 000548 | F9: MANABI DE EL ORO | G9: NIVEL 1 | H9: PUESTO DE SALUD
A10: Z07 | B10: EL ORO | C10: ARENILLAS | D10: 07D05 | E10: 000591 | F10: HOSPITAL BASICO DE ARENILLAS | G10: NIVEL 2 | H10: HOSPITAL BASICO
A11: Z07 | B11: EL ORO | C11: ARENILLAS | D11: 07D05 | E11: 002763 | F11: EL JOBO SAN VICENTE | G11: NIVEL 1 | H11: PUESTO DE SALUD
A12: Z07 | B12: EL ORO | C12: ARENILLAS | D12: 07D05 | E12: 002900 | F12: CENTRO DE SALUD ARENILLAS | G12: NIVEL 1 | H12: CENTRO DE SALUD TIPO A
A13: Z07 | B13: EL ORO | C13: ATAHUALPA | D13: 07D03 | E13: 000576 | F13: AYAPAMBA | G13: NIVEL 1 | H13: CENTRO DE SALUD TIPO A
... A256: Z07 | B256: ZAMORA CHINCHIPE | C256: CENTINELA DEL CONDOR | D256: 19D02 | E256: 001900 | F256: ZUMBI | G256: NIVEL 1 | H256: CENTRO DE SALUD TIPO A
A257: Z07 | B257: ZAMORA CHINCHIPE | C257: CHINCHIPE | D257: 19D03 | E257: 001901 | F257: LA CHONTA | G257: NIVEL 1 | H257: CENTRO DE SALUD TIPO A | I257: 1 | O257: 0 | Q257: 1 | S257: 1 | U257: 1 | AF257: 1 | BS257: 1 | BT257: 1 | BU257: 1 | BV257: 1 | CG257: 0
A258: Z07 | B258: ZAMORA CHINCHIPE | C258: CHINCHIPE | D258: 19D03 | E258: 001902 | F258: EL CHORRO | G258: NIVEL 1 | H258: PUESTO DE SALUD | I258: 1 | O258: 4 | Q258: 4 | R258: 1 | S258: 5 | U258: 5 | AF258: 5 | CD258: 1 | CE258: 1 | CF258: 2 | CG258: 0 | CJ258: 2 | CK258: 2
A259: Z07 | B259: ZAMORA CHINCHIPE | C259: CHINCHIPE | D259: 19D03 | E259: 001903 | F259: CHITO | G259: NIVEL 1 | H259: CENTRO DE SALUD TIPO A | I259: 10 | N259: 9 | O259: 0 | Q259: 11 | R259: 8 | S259: 18 | T259: 1 | U259: 19 | AF259: 19 | BW259: 1 | BX259: 1 | BY259: 1 | BZ259: 1 | CA259: 2 | CB259: 2 | CC259: 2 | CD259: 3 | CE259: 3 | CF259: 6 | CG259: 6 | CH259: 6 | CI259: 6 | CJ259: 1 | CK259: 1
A260: Z07 | B260: ZAMORA CHINCHIPE | C260: CHINCHIPE | D260: 19D03 | E260: 001921 | F260: LA GUAYUZA | G260: NIVEL 1 | H260: PUESTO DE SALUD | I260: 1 | O260: 0 | P260: 0 | Q260: 0 | R260: 1 | S260: 1 | U260: 1 | AF260: 1 | BS260: 0 | BT260: 0 | BU260: 0 | BV260: 0 | BW260: 0 | BX260: 0 | BY260: 0 | BZ260: 0 | CA260: 0 | CB260: 0 | CC260: 0 | CG260: 0 | CH260: 0 | CI260: 0 | CJ260: 0 | CK260: 0 | CO260: 1
A261: Z07 | B261: ZAMORA CHINCHIPE | C261: CHINCHIPE | D261: 19D03 | E261: 001922 | F261: LA DIVERSION | G261: NIVEL 1 | H261: CENTRO DE SALUD TIPO A | I261: 2 | N261: 3 | Q261: 5 | S261: 5 | U261: 5 | AF261: 5 | BT261: 1 | CA261: 1 | CB261: 1 | CC261: 1 | CG261: 2 | CH261: 2 | CI261: 2 | CJ261: 1
A262: Z07 | B262: ZAMORA CHINCHIPE | C262: CHINCHIPE | D262: 19D03 | E262: 001923 | F262: SAN ANDRES | G262: NIVEL 1 | H262: PUESTO DE SALUD | I262: 1 | R262: 1 | S262: 1 | U262: 1 | AF262: 1 | CF262: 1
A263: Z07 | B263: ZAMORA CHINCHIPE | C263: CHINCHIPE | D263: 19D03 | E263: 001949 | F263: HOSPITAL BASICO DE ZUMBA | G263: NIVEL 2 | H263: HOSPITAL BASICO | I263: 15 | Q263: 8 | R263: 7 | S263: 15 | U263: 15 | AF263: 15 | BP263: 15 | BQ263: 15
A264: Z07 | B264: ZAMORA CHINCHIPE | C264: CHINCHIPE | D264: 19D03 | E264: 002846 | F264: CENTRO DE SALUD DE ZUMBA | G264: NIVEL 1 | H264: CENTRO DE SALUD TIPO A | I264: 68 | Q264: 33 | R264: 35 | S264: 68 | U264: 68 | AF264: 68 | BS264: 5 | BT264: 6 | BU264: 5 | BV264: 5 | BW264: 14 | BX264: 14 | BY264: 14 | BZ264: 14 | CA264: 8 | CB264: 8 | CC264: 8 | CD264: 14 | CE264: 14 | CF264: 11 | CG264: 10 | CH264: 11 | CI264: 10 | CJ264: 5 | CK264: 4 | CO264: 1
A265: Z07 | B265: ZAMORA CHINCHIPE | C265: EL PANGUI | D265: 19D04 | E265: 001912 | F265: PACHICUTZA | G265: NIVEL 1 | H265: PUESTO DE SALUD
A266: Z07 | B266: ZAMORA CHINCHIPE | C266: EL PANGUI | D266: 19D04 | E266: 001913 | F266: EL PANGUI | G266: NIVEL 1 | H266: CENTRO DE SALUD TIPO B
A267: Z07 | B267: ZAMORA CHINCHIPE | C267: EL PANGUI | D267: 19D04 | E267: 001914 | F267: TUNDAYME | G267: NIVEL 1 | H267: PUESTO DE SALUD
A268: Z07 | B268: ZAMORA CHINCHIPE | C268: EL PANGUI | D268: 19D04 | E268: 001933 | F268: EL GUISMI | G268: NIVEL 1 | H268: PUESTO DE SALUD
A269: Z07 | B269: ZAMORA CHINCHIPE | C269: EL PANGUI | D269: 19D04 | E269: 001934 | F269: CHUCHUMBLETZA | G269: NIVEL 1 | H269: PUESTO DE SALUD
A270: Z07 | B270: ZAMORA CHINCHIPE | C270: NANGARITZA | D270: 19D02 | E270: 001906 | F270: NUEVO PARAISO | G270: NIVEL 1 | H270: PUESTO DE SALUD
A271: Z07 | B271: ZAMORA CHINCHIPE | C271: NANGARITZA | D271: 19D02 | E271: 001907 | F271: SHAIMI | G271: NIVEL 1 | H271: PUESTO DE SALUD
A272: Z07 | B272: ZAMORA CHINCHIPE | C272: NANGARITZA | D272: 19D02 | E272: 001908 | F272: GERANIOS | G272: NIVEL 1 | H272: PUESTO DE SALUD
A273: Z07 | B273: ZAMORA CHINCHIPE | C273: NANGARITZA | D273: 19D02 | E273: 001909 | F273: ZURMI | G273: NIVEL 1 | H273: PUESTO DE SALUD
A274: Z07 | B274: ZAMORA CHINCHIPE | C274: NANGARITZA | D274: 19D02 | E274: 001925 | F274: SANTA ELENA | G274: NIVEL 1 | H274: PUESTO DE SALUD
A275: Z07 | B275: ZAMORA CHINCHIPE | C275: NANGARITZA | D275: 19D02 | E275: 001926 | F275: GUAYZIMI | G275: NIVEL 1 | H275: CENTRO DE SALUD TIPO A
A276: Z07 | B276: ZAMORA CHINCHIPE | C276: PALANDA | D276: 19D03 | E276: 001904 | F276: SAN FRANCISCO DEL VERGEL | G276: NIVEL 1 | H276: PUESTO DE SALUD | I276: 12 | Q276: 5 | R276: 7 | S276: 10 | T276: 2 | U276: 12 | AF276: 12 | BS276: 1 | BT276: 1 | BU276: 1 | BV276: 1 | CD276: 5 | CE276: 5 | CF276: 2 | CG276: 2 | CH276: 3 | CI276: 3 | CJ276: 1 | CK276: 1
A277: Z07 | B277: ZAMORA CHINCHIPE | C277: PALANDA | D277: 19D03 | E277: 001937 | F277: EL PORVENIR DEL CARMEN | G277: NIVEL 1 | H277: PUESTO DE SALUD | I277: 4 | Q277: 2 | R277: 2 | S277: 4 | U277: 4 | AF277: 4 | BS277: 2 | BU277: 2 | BV277: 2 | BW277: 2 | BX277: 1 | BY277: 2 | BZ277: 2
A278: Z07 | B278: ZAMORA CHINCHIPE | C278: PALANDA | D278: 19D03 | E278: 001944 | F278: PALANDA | G278: NIVEL 1 | H278: CENTRO DE SALUD TIPO B | I278: 37 | Q278: 22 | R278: 15 | S278: 32 | T278: 5 | U278: 37 | AF278: 37 | BP278: 5 | BQ278: 5 | BS278: 5 | BT278: 5 | BU278: 5 | BV278: 5 | BW278: 4 | BX278: 4 | BY278: 4 | BZ278: 4 | CA278: 2 | CB278: 2 | CC278: 2 | CD278: 9 | CE278: 9 | CF278: 3 | CG278: 6 | CH278: 6 | CI278: 6 | CJ278: 2 | CK278: 2
A279: Z07 | B279: ZAMORA CHINCHIPE | C279: PALANDA | D279: 19D03 | E279: 001945 | F279: VALLADOLID | G279: NIVEL 1 | H279: CENTRO DE SALUD TIPO A | I279: 5 | Q279: 3 | R279: 2 | S279: 5 | U279: 5 | AF279: 5 | BS279: 1 | BT279: 1 | BU279: 1 | BV279: 1 | BW279: 1 | BX279: 1 | BY279: 1 | BZ279: 1 | CA279: 1 | CB279: 1 | CC279: 1 | CF279: 2
A280: Z07 | B280: ZAMORA CHINCHIPE | C280: PALANDA | D280: 19D03 | E280: 001946 | F280: LA CANELA | G280: NIVEL 1 | H280: PUESTO DE SALUD | I280: 4 | Q280: 2 | R280: 2 | S280: 4 | U280: 4 | AF280: 4 | BS280: 2 | BT280: 2 | BU280: 2 | BV280: 2 | BW280: 1 | BX280: 1 | BY280: 1 | BZ280: 1 | CA280: 1 | CB280: 1 | CC280: 1
A281: Z07 | B281: ZAMORA CHINCHIPE | C281: PAQUISHA | D281: 19D02 | E281: 001899 | F281: PAQUISHA | G281: NIVEL 1 | H281: CENTRO DE SALUD TIPO B
A282: Z07 | B282: ZAMORA CHINCHIPE | C282: PAQUISHA | D282: 19D02 | E282: 001941 | F282: BELLAVISTA | G282: NIVEL 1 | H282: PUESTO DE SALUD
A283: Z07 | B283: ZAMORA CHINCHIPE | C283: PAQUISHA | D283: 19D02 | E283: 001942 | F283: CHINAPINTZA | G283: NIVEL 1 | H283: PUESTO DE SALUD
A284: Z07 | B284: ZAMORA CHINCHIPE | C284: PAQUISHA | D284: 19D02 | E284: 001943 | F284: CISAM | G284: NIVEL 1 | H284: PUESTO DE SALUD
A285: Z07 | B285: ZAMORA CHINCHIPE | C285: YACUAMBI | D285: 19D01 | E285: 001916 | F285: JEMBUENTZA | G285: NIVEL 1 | H285: PUESTO DE SALUD
A286: Z07 | B286: ZAMORA CHINCHIPE | C286: YACUAMBI | D286: 19D01 | E286: 001927 | F286: 28 DE MAYO (YACUAMBI) | G286: NIVEL 1 | H286: CENTRO DE SALUD TIPO A
A287: Z07 | B287: ZAMORA CHINCHIPE | C287: YACUAMBI | D287: 19D01 | E287: 001928 | F287: LA ESPERANZA | G287: NIVEL 1 | H287: PUESTO DE SALUD
A288: Z07 | B288: ZAMORA CHINCHIPE | C288: YACUAMBI | D288: 19D01 | E288: 001929 | F288: CHAPINTZA | G288: NIVEL 1 | H288: PUESTO DE SALUD
A289: Z07 | B289: ZAMORA CHINCHIPE | C289: YACUAMBI | D289: 19D01 | E289: 001930 | F289: LA PAZ | G289: NIVEL 1 | H289: PUESTO DE SALUD
A290: Z07 | B290: ZAMORA CHINCHIPE | C290: YACUAMBI | D290: 19D01 | E290: 001931 | F290: TUTUPALI | G290: NIVEL 1 | H290: PUESTO DE SALUD
A291: Z07 | B291: ZAMORA CHINCHIPE | C291: YANTZAZA | D291: 19D04 | E291: 001898 | F291: SAN VICENTE DE CANEY | G291: NIVEL 1 | H291: PUESTO DE SALUD
A292: Z07 | B292: ZAMORA CHINCHIPE | C292: YANTZAZA | D292: 19D04 | E292: 001932 | F292: CHICAÑA | G292: NIVEL 1 | H292: CENTRO DE SALUD TIPO A
... A309: Z07 | B309: ZAMORA CHINCHIPE | C309: ZAMORA | D309: 19D01 | E309: 002837 | F309: CENTRO DE SALUD ZAMORA | G309: NIVEL 1 | H309: CENTRO DE SALUD TIPO A
I310: =I257+I258+I259+I260+I261+I262+I263+I264+I276+I277+I278+I279+I280 -> 161 | J310: =J257+J258+J259+J260+J261+J262+J263+J264+J276+J277+J278+J279+J280 -> 0 | K310: =K257+K258+K259+K260+K261+K262+K263+K264+K276+K277+K278+K279+K280 -> 0 | L310: =L257+L258+L259+L260+L261+L262+L263+L264+L276+L277+L278+L279+L280 -> 0 | M310: =M257+M258+M259+M260+M261+M262+M263+M264+M276+M277+M278+M279+M280 -> 0 | N310: =N257+N258+N259+N260+N261+N262+N263+N264+N276+N277+N278+N279+N280 -> 12 | O310: =O257+O258+O259+O260+O261+O262+O263+O264+O276+O277+O278+O279+O280 -> 4 | P310: =P257+P258+P259+P260+P261+P262+P263+P264+P276+P277+P278+P279+P280 -> 0 | ... CO310: =CO257+CO258+CO259+CO260+CO261+CO262+CO263+CO264+CO276+CO277+CO278+CO279+CO280 -> 2

Sheet SEPTIEMBRE
A1: Zona | B1: provincia | C1: canton | D1: distrito | E1: unicodigo | F1: uni_nombre | G1: nivel | H1: tipo | I1: int_msp | J1: ext_CNH | K1: ext_cibv | L1: ext_educ_gene_basic | M1: ext_bachillerato | N1: ext_visita_domi | O1: ext_comuni | P1: ext_otros | Q1: sexo_h | R1: sexo_m | S1: pertenece_ES | T1: No_pertenece_ES | U1: ecuatoriano | V1: colombiano | W1: peruano | X1: cubano | Y1: venezolano | Z1: otros | AA1: indigena | AB1: afro | AC1: negro | AD1: mulato | AE1: montubio | AF1: mestizo | AG1: blanco | AH1: otro | AI1: Achuar | AJ1: Andoa | AK1: Awa | AL1: Chachi | AM1: Cofan | AN1: Epera | AO1: Huancavilca | AP1: Kichwa | AQ1: Manta | AR1: Secoya | AS1: Shiwiar | AT1: Shuar | AU1: Siona | AV1: Tsáchila | AW1: Waorani | AX1: Zapara | AY1: Chibuleo | AZ1: Kañari | BA1: Karanki | BB1: Kayambi | BC1: Kichwa Amazónico | BD1: Kisapincha | BE1: Kitukara | BF1: Natabuela | BG1: Otavalo | BH1: Paltas | BI1: Panzaleo | BJ1: Pastos | BK1: Puruha | BL1: Salasaka | BM1: Saraguro | BN1: Tomabela | BO1: Waramka | BP1: BCG_24 | BQ1: HB_24 | BR1: BCG_365 | BS1: rota_1 | BT1: fIPV_1 | BU1: neumo_1 | BV1: penta_1 | BW1: rota_2 | BX1: fIPV_2 | BY1: neumo_2 | BZ1: penta_2 | CA1: bopv_3 | CB1: neumo_3 | CC1: penta_3 | CD1: srp_1 | CE1: fa | CF1: varicela | CG1: srp_2 | CH1: bopv_4 | CI1: dpt_4 | CJ1: bopv_5 | CK1: dpt_5 | CL1: hpv_9a_1d | CM1: hpv_9a_2d | CN1: hpv_10a_2d | CO1: dt_3
A2: Z07 | B2: EL ORO | C2: ARENILLAS | D2: 07D05 | E2: 000541 | F2: SAN VICENTE | G2: NIVEL 1 | H2: CENTRO DE SALUD TIPO A
A3: Z07 | B3: EL ORO | C3: ARENILLAS | D3: 07D05 | E3: 000542 | F3: SAN ISIDRO URBANO | G3: NIVEL 1 | H3: CENTRO DE SALUD TIPO B
A4: Z07 | B4: EL ORO | C4: ARENILLAS | D4: 07D05 | E4: 000543 | F4: CAÑAS | G4: NIVEL 1 | H4: PUESTO DE SALUD
A5: Z07 | B5: EL ORO | C5: ARENILLAS | D5: 07D05 | E5: 000544 | F5: LA CUCA | G5: NIVEL 1 | H5: CENTRO DE SALUD TIPO A
A6: Z07 | B6: EL ORO | C6: ARENILLAS | D6: 07D05 | E6: 000545 | F6: CARCABON | G6: NIVEL 1 | H6: CENTRO DE SALUD TIPO A
A7: Z07 | B7: EL ORO | C7: ARENILLAS | D7: 07D05 | E7: 000546 | F7: CHACRAS | G7: NIVEL 1 | H7: CENTRO DE SALUD TIPO A
A8: Z07 | B8: EL ORO | C8: ARENILLAS | D8: 07D05 | E8: 000547 | F8: PALMALES | G8: NIVEL 1 | H8: CENTRO DE SALUD TIPO A
A9: Z07 | B9: EL ORO | C9: ARENILLAS | D9: 07D05 | E9: 000548 | F9: MANABI DE EL ORO | G9: NIVEL 1 | H9: PUESTO DE SALUD
A10: Z07 | B10: EL ORO | C10: ARENILLAS | D10: 07D05 | E10: 000591 | F10: HOSPITAL BASICO DE ARENILLAS | G10: NIVEL 2 | H10: HOSPITAL BASICO
A11: Z07 | B11: EL ORO | C11: ARENILLAS | D11: 07D05 | E11: 002763 | F11: EL JOBO SAN VICENTE | G11: NIVEL 1 | H11: PUESTO DE SALUD
A12: Z07 | B12: EL ORO | C12: ARENILLAS | D12: 07D05 | E12: 002900 | F12: CENTRO DE SALUD ARENILLAS | G12: NIVEL 1 | H12: CENTRO DE SALUD TIPO A
A13: Z07 | B13: EL ORO | C13: ATAHUALPA | D13: 07D03 | E13: 000576 | F13: AYAPAMBA | G13: NIVEL 1 | H13: CENTRO DE SALUD TIPO A
... A256: Z07 | B256: ZAMORA CHINCHIPE | C256: CENTINELA DEL CONDOR | D256: 19D02 | E256: 001900 | F256: ZUMBI | G256: NIVEL 1 | H256: CENTRO DE SALUD TIPO A
A257: Z07 | B257: ZAMORA CHINCHIPE | C257: CHINCHIPE | D257: 19D03 | E257: 001901 | F257: LA CHONTA | G257: NIVEL 1 | H257: CENTRO DE SALUD TIPO A | I257: 2 | Q257: 2 | S257: 2 | U257: 2 | AF257: 2 | BS257: 1 | BT257: 1 | BU257: 1 | BV257: 1 | CO257: 1
A258: Z07 | B258: ZAMORA CHINCHIPE | C258: CHINCHIPE | D258: 19D03 | E258: 001902 | F258: EL CHORRO | G258: NIVEL 1 | H258: PUESTO DE SALUD
A259: Z07 | B259: ZAMORA CHINCHIPE | C259: CHINCHIPE | D259: 19D03 | E259: 001903 | F259: CHITO | G259: NIVEL 1 | H259: CENTRO DE SALUD TIPO A | I259: 9 | N259: 4 | Q259: 8 | R259: 5 | S259: 13 | U259: 13 | AF259: 13 | BR259: 1 | BS259: 5 | BT259: 5 | BU259: 5 | BV259: 5 | BW259: 2 | BX259: 2 | BY259: 2 | BZ259: 2 | CA259: 1 | CB259: 1 | CC259: 1 | CD259: 1 | CE259: 1 | CF259: 1 | CG259: 2 | CH259: 2 | CI259: 2 | CJ259: 1 | CK259: 1
A260: Z07 | B260: ZAMORA CHINCHIPE | C260: CHINCHIPE | D260: 19D03 | E260: 001921 | F260: LA GUAYUZA | G260: NIVEL 1 | H260: PUESTO DE SALUD | I260: 0 | N260: 2 | Q260: 1 | R260: 1 | S260: 2 | U260: 2 | AF260: 2 | BS260: 0 | BT260: 0 | BU260: 0 | BV260: 0 | BW260: 1 | BX260: 1 | BY260: 1 | BZ260: 1 | CA260: 0 | CB260: 0 | CC260: 0 | CD260: 1 | CE260: 1 | CF260: 0 | CG260: 0 | CH260: 0 | CI260: 0 | CJ260: 0 | CK260: 0
A261: Z07 | B261: ZAMORA CHINCHIPE | C261: CHINCHIPE | D261: 19D03 | E261: 001922 | F261: LA DIVERSION | G261: NIVEL 1 | H261: CENTRO DE SALUD TIPO A | N261: 1 | R261: 1 | S261: 1 | U261: 1 | AF261: 1 | CO261: 1
A262: Z07 | B262: ZAMORA CHINCHIPE | C262: CHINCHIPE | D262: 19D03 | E262: 001923 | F262: SAN ANDRES | G262: NIVEL 1 | H262: PUESTO DE SALUD | I262: 2 | N262: 3 | Q262: 2 | R262: 3 | S262: 3 | T262: 2 | U262: 5 | AF262: 5 | BW262: 2 | BX262: 2 | BY262: 2 | BZ262: 2 | CA262: 2 | CB262: 2 | CC262: 2 | CD262: 1 | CE262: 1
A263: Z07 | B263: ZAMORA CHINCHIPE | C263: CHINCHIPE | D263: 19D03 | E263: 001949 | F263: HOSPITAL BASICO DE ZUMBA | G263: NIVEL 2 | H263: HOSPITAL BASICO | I263: 11 | Q263: 8 | R263: 3 | S263: 11 | U263: 11 | AF263: 11 | BP263: 11 | BQ263: 11
A264: Z07 | B264: ZAMORA CHINCHIPE | C264: CHINCHIPE | D264: 19D03 | E264: 002846 | F264: CENTRO DE SALUD DE ZUMBA | G264: NIVEL 1 | H264: CENTRO DE SALUD TIPO A | I264: 36 | N264: 7 | Q264: 20 | R264: 23 | S264: 43 | U264: 43 | AF264: 43 | BS264: 6 | BT264: 6 | BU264: 6 | BV264: 6 | BW264: 4 | BX264: 4 | BY264: 4 | BZ264: 4 | CA264: 8 | CB264: 7 | CC264: 7 | CD264: 8 | CE264: 8 | CF264: 10 | CG264: 4 | CH264: 4 | CI264: 4 | CJ264: 3 | CK264: 2
A265: Z07 | B265: ZAMORA CHINCHIPE | C265: EL PANGUI | D265: 19D04 | E265: 001912 | F265: PACHICUTZA | G265: NIVEL 1 | H265: PUESTO DE SALUD
A266: Z07 | B266: ZAMORA CHINCHIPE | C266: EL PANGUI | D266: 19D04 | E266: 001913 | F266: EL PANGUI | G266: NIVEL 1 | H266: CENTRO DE SALUD TIPO B
A267: Z07 | B267: ZAMORA CHINCHIPE | C267: EL PANGUI | D267: 19D04 | E267: 001914 | F267: TUNDAYME | G267: NIVEL 1 | H267: PUESTO DE SALUD
A268: Z07 | B268: ZAMORA CHINCHIPE | C268: EL PANGUI | D268: 19D04 | E268: 001933 | F268: EL GUISMI | G268: NIVEL 1 | H268: PUESTO DE SALUD
A269: Z07 | B269: ZAMORA CHINCHIPE | C269: EL PANGUI | D269: 19D04 | E269: 001934 | F269: CHUCHUMBLETZA | G269: NIVEL 1 | H269: PUESTO DE SALUD
A270: Z07 | B270: ZAMORA CHINCHIPE | C270: NANGARITZA | D270: 19D02 | E270: 001906 | F270: NUEVO PARAISO | G270: NIVEL 1 | H270: PUESTO DE SALUD
A271: Z07 | B271: ZAMORA CHINCHIPE | C271: NANGARITZA | D271: 19D02 | E271: 001907 | F271: SHAIMI | G271: NIVEL 1 | H271: PUESTO DE SALUD
A272: Z07 | B272: ZAMORA CHINCHIPE | C272: NANGARITZA | D272: 19D02 | E272: 001908 | F272: GERANIOS | G272: NIVEL 1 | H272: PUESTO DE SALUD
A273: Z07 | B273: ZAMORA CHINCHIPE | C273: NANGARITZA | D273: 19D02 | E273: 001909 | F273: ZURMI | G273: NIVEL 1 | H273: PUESTO DE SALUD
A274: Z07 | B274: ZAMORA CHINCHIPE | C274: NANGARITZA | D274: 19D02 | E274: 001925 | F274: SANTA ELENA | G274: NIVEL 1 | H274: PUESTO DE SALUD
A275: Z07 | B275: ZAMORA CHINCHIPE | C275: NANGARITZA | D275: 19D02 | E275: 001926 | F275: GUAYZIMI | G275: NIVEL 1 | H275: CENTRO DE SALUD TIPO A
A276: Z07 | B276: ZAMORA CHINCHIPE | C276: PALANDA | D276: 19D03 | E276: 001904 | F276: SAN FRANCISCO DEL VERGEL | G276: NIVEL 1 | H276: PUESTO DE SALUD | I276: 20 | J276: 8 | Q276: 11 | R276: 17 | S276: 20 | T276: 8 | U276: 28 | AF276: 28 | BS276: 3 | BT276: 3 | BU276: 3 | BV276: 3 | BW276: 3 | BX276: 3 | BY276: 3 | BZ276: 3 | CA276: 8 | CB276: 7 | CC276: 7 | CD276: 5 | CE276: 5 | CF276: 6 | CG276: 3 | CH276: 3 | CI276: 3
A277: Z07 | B277: ZAMORA CHINCHIPE | C277: PALANDA | D277: 19D03 | E277: 001937 | F277: EL PORVENIR DEL CARMEN | G277: NIVEL 1 | H277: PUESTO DE SALUD | I277: 20 | Q277: 12 | R277: 8 | S277: 20 | U277: 20 | AF277: 20 | BS277: 5 | BT277: 7 | BU277: 5 | BV277: 5 | BW277: 4 | BX277: 1 | BY277: 4 | BZ277: 4 | CD277: 5 | CE277: 5 | CF277: 3 | CG277: 2 | CH277: 1 | CI277: 1
A278: Z07 | B278: ZAMORA CHINCHIPE | C278: PALANDA | D278: 19D03 | E278: 001944 | F278: PALANDA | G278: NIVEL 1 | H278: CENTRO DE SALUD TIPO B | I278: 40 | N278: 11 | Q278: 24 | R278: 27 | S278: 37 | T278: 14 | U278: 51 | AF278: 51 | BP278: 6 | BQ278: 6 | BS278: 6 | BT278: 6 | BU278: 6 | BV278: 6 | BW278: 8 | BX278: 8 | BY278: 8 | BZ278: 8 | CA278: 7 | CB278: 7 | CC278: 7 | CD278: 6 | CE278: 6 | CF278: 7 | CG278: 2 | CH278: 2 | CI278: 2 | CJ278: 9 | CK278: 9
A279: Z07 | B279: ZAMORA CHINCHIPE | C279: PALANDA | D279: 19D03 | E279: 001945 | F279: VALLADOLID | G279: NIVEL 1 | H279: CENTRO DE SALUD TIPO A | I279: 6 | N279: 2 | Q279: 2 | R279: 6 | S279: 8 | U279: 8 | AF279: 8 | BP279: 1 | BQ279: 1 | BW279: 1 | BX279: 1 | BY279: 1 | BZ279: 1 | CA279: 1 | CB279: 1 | CC279: 1 | CD279: 2 | CE279: 2 | CF279: 1 | CG279: 2 | CH279: 2 | CI279: 2
A280: Z07 | B280: ZAMORA CHINCHIPE | C280: PALANDA | D280: 19D03 | E280: 001946 | F280: LA CANELA | G280: NIVEL 1 | H280: PUESTO DE SALUD | I280: 5 | Q280: 1 | R280: 4 | S280: 3 | T280: 2 | U280: 5 | AF280: 5 | BS280: 2 | BT280: 2 | BU280: 2 | BV280: 2 | BW280: 1 | BX280: 1 | BY280: 1 | BZ280: 1 | CF280: 1 | CH280: 1
A281: Z07 | B281: ZAMORA CHINCHIPE | C281: PAQUISHA | D281: 19D02 | E281: 001899 | F281: PAQUISHA | G281: NIVEL 1 | H281: CENTRO DE SALUD TIPO B
A282: Z07 | B282: ZAMORA CHINCHIPE | C282: PAQUISHA | D282: 19D02 | E282: 001941 | F282: BELLAVISTA | G282: NIVEL 1 | H282: PUESTO DE SALUD
A283: Z07 | B283: ZAMORA CHINCHIPE | C283: PAQUISHA | D283: 19D02 | E283: 001942 | F283: CHINAPINTZA | G283: NIVEL 1 | H283: PUESTO DE SALUD
A284: Z07 | B284: ZAMORA CHINCHIPE | C284: PAQUISHA | D284: 19D02 | E284: 001943 | F284: CISAM | G284: NIVEL 1 | H284: PUESTO DE SALUD
A285: Z07 | B285: ZAMORA CHINCHIPE | C285: YACUAMBI | D285: 19D01 | E285: 001916 | F285: JEMBUENTZA | G285: NIVEL 1 | H285: PUESTO DE SALUD
A286: Z07 | B286: ZAMORA CHINCHIPE | C286: YACUAMBI | D286: 19D01 | E286: 001927 | F286: 28 DE MAYO (YACUAMBI) | G286: NIVEL 1 | H286: CENTRO DE SALUD TIPO A
A287: Z07 | B287: ZAMORA CHINCHIPE | C287: YACUAMBI | D287: 19D01 | E287: 001928 | F287: LA ESPERANZA | G287: NIVEL 1 | H287: PUESTO DE SALUD
A288: Z07 | B288: ZAMORA CHINCHIPE | C288: YACUAMBI | D288: 19D01 | E288: 001929 | F288: CHAPINTZA | G288: NIVEL 1 | H288: PUESTO DE SALUD
A289: Z07 | B289: ZAMORA CHINCHIPE | C289: YACUAMBI | D289: 19D01 | E289: 001930 | F289: LA PAZ | G289: NIVEL 1 | H289: PUESTO DE SALUD
A290: Z07 | B290: ZAMORA CHINCHIPE | C290: YACUAMBI | D290: 19D01 | E290: 001931 | F290: TUTUPALI | G290: NIVEL 1 | H290: PUESTO DE SALUD
A291: Z07 | B291: ZAMORA CHINCHIPE | C291: YANTZAZA | D291: 19D04 | E291: 001898 | F291: SAN VICENTE DE CANEY | G291: NIVEL 1 | H291: PUESTO DE SALUD
A292: Z07 | B292: ZAMORA CHINCHIPE | C292: YANTZAZA | D292: 19D04 | E292: 001932 | F292: CHICAÑA | G292: NIVEL 1 | H292: CENTRO DE SALUD TIPO A
... A309: Z07 | B309: ZAMORA CHINCHIPE | C309: ZAMORA | D309: 19D01 | E309: 002837 | F309: CENTRO DE SALUD ZAMORA | G309: NIVEL 1 | H309: CENTRO DE SALUD TIPO A
I310: =SUBTOTAL(9,I257:I309) -> 151 | J310: =SUBTOTAL(9,J257:J309) -> 8 | K310: =SUBTOTAL(9,K257:K309) -> 0 | L310: =SUBTOTAL(9,L257:L309) -> 0 | M310: =SUBTOTAL(9,M257:M309) -> 0 | N310: =SUBTOTAL(9,N257:N309) -> 30 | O310: =SUBTOTAL(9,O257:O309) -> 0 | P310: =SUBTOTAL(9,P257:P309) -> 0 | ... CO310: =SUBTOTAL(9,CO257:CO309) -> 2

Sheet OCTUBRE
A1: Zona | B1: provincia | C1: canton | D1: distrito | E1: unicodigo | F1: uni_nombre | G1: nivel | H1: tipo | I1: int_msp | J1: ext_CNH | K1: ext_cibv | L1: ext_educ_gene_basic | M1: ext_bachillerato | N1: ext_visita_domi | O1: ext_comuni | P1: ext_otros | Q1: sexo_h | R1: sexo_m | S1: pertenece_ES | T1: No_pertenece_ES | U1: ecuatoriano | V1: colombiano | W1: peruano | X1: cubano | Y1: venezolano | Z1: otros | AA1: indigena | AB1: afro | AC1: negro | AD1: mulato | AE1: montubio | AF1: mestizo | AG1: blanco | AH1: otro | AI1: Achuar | AJ1: Andoa | AK1: Awa | AL1: Chachi | AM1: Cofan | AN1: Epera | AO1: Huancavilca | AP1: Kichwa | AQ1: Manta | AR1: Secoya | AS1: Shiwiar | AT1: Shuar | AU1: Siona | AV1: Tsáchila | AW1: Waorani | AX1: Zapara | AY1: Chibuleo | AZ1: Kañari | BA1: Karanki | BB1: Kayambi | BC1: Kichwa Amazónico | BD1: Kisapincha | BE1: Kitukara | BF1: Natabuela | BG1: Otavalo | BH1: Paltas | BI1: Panzaleo | BJ1: Pastos | BK1: Puruha | BL1: Salasaka | BM1: Saraguro | BN1: Tomabela | BO1: Waramka | BP1: BCG_24 | BQ1: HB_24 | BR1: BCG_365 | BS1: rota_1 | BT1: fIPV_1 | BU1: neumo_1 | BV1: penta_1 | BW1: rota_2 | BX1: fIPV_2 | BY1: neumo_2 | BZ1: penta_2 | CA1: bopv_3 | CB1: neumo_3 | CC1: penta_3 | CD1: srp_1 | CE1: fa | CF1: varicela | CG1: srp_2 | CH1: bopv_4 | CI1: dpt_4 | CJ1: bopv_5 | CK1: dpt_5 | CL1: hpv_9a_1d | CM1: hpv_9a_2d | CN1: hpv_10a_2d | CO1: dt_3
A2: Z07 | B2: EL ORO | C2: ARENILLAS | D2: 07D05 | E2: 000541 | F2: SAN VICENTE | G2: NIVEL 1 | H2: CENTRO DE SALUD TIPO A
A3: Z07 | B3: EL ORO | C3: ARENILLAS | D3: 07D05 | E3: 000542 | F3: SAN ISIDRO URBANO | G3: NIVEL 1 | H3: CENTRO DE SALUD TIPO B
A4: Z07 | B4: EL ORO | C4: ARENILLAS | D4: 07D05 | E4: 000543 | F4: CAÑAS | G4: NIVEL 1 | H4: PUESTO DE SALUD
A5: Z07 | B5: EL ORO | C5: ARENILLAS | D5: 07D05 | E5: 000544 | F5: LA CUCA | G5: NIVEL 1 | H5: CENTRO DE SALUD TIPO A
A6: Z07 | B6: EL ORO | C6: ARENILLAS | D6: 07D05 | E6: 000545 | F6: CARCABON | G6: NIVEL 1 | H6: CENTRO DE SALUD TIPO A
A7: Z07 | B7: EL ORO | C7: ARENILLAS | D7: 07D05 | E7: 000546 | F7: CHACRAS | G7: NIVEL 1 | H7: CENTRO DE SALUD TIPO A
A8: Z07 | B8: EL ORO | C8: ARENILLAS | D8: 07D05 | E8: 000547 | F8: PALMALES | G8: NIVEL 1 | H8: CENTRO DE SALUD TIPO A
A9: Z07 | B9: EL ORO | C9: ARENILLAS | D9: 07D05 | E9: 000548 | F9: MANABI DE EL ORO | G9: NIVEL 1 | H9: PUESTO DE SALUD
A10: Z07 | B10: EL ORO | C10: ARENILLAS | D10: 07D05 | E10: 000591 | F10: HOSPITAL BASICO DE ARENILLAS | G10: NIVEL 2 | H10: HOSPITAL BASICO
A11: Z07 | B11: EL ORO | C11: ARENILLAS | D11: 07D05 | E11: 002763 | F11: EL JOBO SAN VICENTE | G11: NIVEL 1 | H11: PUESTO DE SALUD
A12: Z07 | B12: EL ORO | C12: ARENILLAS | D12: 07D05 | E12: 002900 | F12: CENTRO DE SALUD ARENILLAS | G12: NIVEL 1 | H12: CENTRO DE SALUD TIPO A
A13: Z07 | B13: EL ORO | C13: ATAHUALPA | D13: 07D03 | E13: 000576 | F13: AYAPAMBA | G13: NIVEL 1 | H13: CENTRO DE SALUD TIPO A
... A256: Z07 | B256: ZAMORA CHINCHIPE | C256: CENTINELA DEL CONDOR | D256: 19D02 | E256: 001900 | F256: ZUMBI | G256: NIVEL 1 | H256: CENTRO DE SALUD TIPO A
A257: Z07 | B257: ZAMORA CHINCHIPE | C257: CHINCHIPE | D257: 19D03 | E257: 001901 | F257: LA CHONTA | G257: NIVEL 1 | H257: CENTRO DE SALUD TIPO A | I257: 3 | Q257: 2 | R257: 1 | S257: 3 | U257: 3 | AF257: 3 | BS257: 1 | BT257: 1 | BU257: 1 | BV257: 1 | BW257: 1 | BX257: 1 | BY257: 1 | BZ257: 1 | CG257: 1 | CH257: 1 | CI257: 1
A258: Z07 | B258: ZAMORA CHINCHIPE | C258: CHINCHIPE | D258: 19D03 | E258: 001902 | F258: EL CHORRO | G258: NIVEL 1 | H258: PUESTO DE SALUD
A259: Z07 | B259: ZAMORA CHINCHIPE | C259: CHINCHIPE | D259: 19D03 | E259: 001903 | F259: CHITO | G259: NIVEL 1 | H259: CENTRO DE SALUD TIPO A | I259: 7 | N259: 6 | Q259: 9 | R259: 4 | S259: 13 | U259: 13 | AF259: 13 | BP259: 1 | BQ259: 1 | BS259: 5 | BT259: 5 | BU259: 5 | BV259: 5 | BW259: 1 | BX259: 1 | BY259: 1 | BZ259: 1 | CA259: 1 | CB259: 1 | CC259: 1 | CD259: 3 | CE259: 3 | CF259: 1 | CG259: 1 | CH259: 1 | CI259: 1
A260: Z07 | B260: ZAMORA CHINCHIPE | C260: CHINCHIPE | D260: 19D03 | E260: 001921 | F260: LA GUAYUZA | G260: NIVEL 1 | H260: PUESTO DE SALUD | I260: 0 | O260: 1 | Q260: 1 | S260: 1 | U260: 1 | AF260: 1 | BS260: 0 | BT260: 0 | BU260: 0 | BV260: 0 | BW260: 1 | BX260: 1 | BY260: 1 | BZ260: 1 | CA260: 0 | CB260: 0 | CC260: 0 | CD260: 0 | CE260: 0 | CF260: 0 | CG260: 0 | CH260: 0 | CI260: 0 | CJ260: 0 | CK260: 0
A261: Z07 | B261: ZAMORA CHINCHIPE | C261: CHINCHIPE | D261: 19D03 | E261: 001922 | F261: LA DIVERSION | G261: NIVEL 1 | H261: CENTRO DE SALUD TIPO A | I261: 3 | N261: 4 | Q261: 5 | R261: 2 | S261: 7 | U261: 7 | AF261: 7 | BS261: 1 | BT261: 1 | BU261: 1 | BV261: 1 | BW261: 2 | BX261: 2 | BY261: 2 | BZ261: 2 | CD261: 1 | CE261: 1 | CF261: 1 | CG261: 2 | CH261: 2 | CI261: 2
A262: Z07 | B262: ZAMORA CHINCHIPE | C262: CHINCHIPE | D262: 19D03 | E262: 001923 | F262: SAN ANDRES | G262: NIVEL 1 | H262: PUESTO DE SALUD | I262: 3 | N262: 2 | R262: 5 | S262: 5 | U262: 5 | AF262: 5 | CG262: 1 | CH262: 1 | CI262: 1 | CJ262: 4 | CK262: 4
A263: Z07 | B263: ZAMORA CHINCHIPE | C263: CHINCHIPE | D263: 19D03 | E263: 001949 | F263: HOSPITAL BASICO DE ZUMBA | G263: NIVEL 2 | H263: HOSPITAL BASICO | I263: 13 | Q263: 5 | R263: 8 | S263: 13 | U263: 13 | AF263: 13 | BP263: 13 | BQ263: 13
A264: Z07 | B264: ZAMORA CHINCHIPE | C264: CHINCHIPE | D264: 19D03 | E264: 002846 | F264: CENTRO DE SALUD DE ZUMBA | G264: NIVEL 1 | H264: CENTRO DE SALUD TIPO A | I264: 54 | N264: 11 | Q264: 29 | R264: 36 | S264: 65 | U264: 64 | V264: 1 | AF264: 64 | AH264: 1 | BS264: 8 | BT264: 8 | BU264: 8 | BV264: 8 | BW264: 4 | BX264: 4 | BY264: 4 | BZ264: 4 | CA264: 15 | CB264: 15 | CC264: 15 | CD264: 13 | CE264: 13 | CF264: 10 | CG264: 10 | CH264: 10 | CI264: 10 | CJ264: 4 | CK264: 4 | CO264: 1
A265: Z07 | B265: ZAMORA CHINCHIPE | C265: EL PANGUI | D265: 19D04 | E265: 001912 | F265: PACHICUTZA | G265: NIVEL 1 | H265: PUESTO DE SALUD
A266: Z07 | B266: ZAMORA CHINCHIPE | C266: EL PANGUI | D266: 19D04 | E266: 001913 | F266: EL PANGUI | G266: NIVEL 1 | H266: CENTRO DE SALUD TIPO B
A267: Z07 | B267: ZAMORA CHINCHIPE | C267: EL PANGUI | D267: 19D04 | E267: 001914 | F267: TUNDAYME | G267: NIVEL 1 | H267: PUESTO DE SALUD
A268: Z07 | B268: ZAMORA CHINCHIPE | C268: EL PANGUI | D268: 19D04 | E268: 001933 | F268: EL GUISMI | G268: NIVEL 1 | H268: PUESTO DE SALUD
A269: Z07 | B269: ZAMORA CHINCHIPE | C269: EL PANGUI | D269: 19D04 | E269: 001934 | F269: CHUCHUMBLETZA | G269: NIVEL 1 | H269: PUESTO DE SALUD
A270: Z07 | B270: ZAMORA CHINCHIPE | C270: NANGARITZA | D270: 19D02 | E270: 001906 | F270: NUEVO PARAISO | G270: NIVEL 1 | H270: PUESTO DE SALUD
A271: Z07 | B271: ZAMORA CHINCHIPE | C271: NANGARITZA | D271: 19D02 | E271: 001907 | F271: SHAIMI | G271: NIVEL 1 | H271: PUESTO DE SALUD
A272: Z07 | B272: ZAMORA CHINCHIPE | C272: NANGARITZA | D272: 19D02 | E272: 001908 | F272: GERANIOS | G272: NIVEL 1 | H272: PUESTO DE SALUD
A273: Z07 | B273: ZAMORA CHINCHIPE | C273: NANGARITZA | D273: 19D02 | E273: 001909 | F273: ZURMI | G273: NIVEL 1 | H273: PUESTO DE SALUD
A274: Z07 | B274: ZAMORA CHINCHIPE | C274: NANGARITZA | D274: 19D02 | E274: 001925 | F274: SANTA ELENA | G274: NIVEL 1 | H274: PUESTO DE SALUD
A275: Z07 | B275: ZAMORA CHINCHIPE | C275: NANGARITZA | D275: 19D02 | E275: 001926 | F275: GUAYZIMI | G275: NIVEL 1 | H275: CENTRO DE SALUD TIPO A
A276: Z07 | B276: ZAMORA CHINCHIPE | C276: PALANDA | D276: 19D03 | E276: 001904 | F276: SAN FRANCISCO DEL VERGEL | G276: NIVEL 1 | H276: PUESTO DE SALUD | I276: 16 | J276: 6 | Q276: 8 | R276: 14 | S276: 20 | T276: 2 | U276: 22 | AF276: 22 | BS276: 5 | BT276: 5 | BU276: 5 | BV276: 5 | BW276: 1 | BX276: 1 | BY276: 1 | BZ276: 1 | CA276: 3 | CB276: 3 | CC276: 3 | CD276: 5 | CE276: 5 | CF276: 5 | CG276: 3 | CH276: 3 | CI276: 3
A277: Z07 | B277: ZAMORA CHINCHIPE | C277: PALANDA | D277: 19D03 | E277: 001937 | F277: EL PORVENIR DEL CARMEN | G277: NIVEL 1 | H277: PUESTO DE SALUD | I277: 5 | O277: 10 | Q277: 5 | R277: 10 | S277: 15 | U277: 15 | AF277: 15 | BS277: 3 | BT277: 3 | BU277: 3 | BV277: 3 | CA277: 3 | CB277: 3 | CC277: 3 | CD277: 1 | CE277: 1 | CF277: 1 | CJ277: 7 | CK277: 7
A278: Z07 | B278: ZAMORA CHINCHIPE | C278: PALANDA | D278: 19D03 | E278: 001944 | F278: PALANDA | G278: NIVEL 1 | H278: CENTRO DE SALUD TIPO B | I278: 31 | N278: 10 | Q278: 22 | R278: 19 | S278: 33 | T278: 8 | U278: 41 | AF278: 41 | BP278: 6 | BQ278: 6 | BR278: 1 | BS278: 7 | BT278: 7 | BU278: 7 | BV278: 7 | BW278: 6 | BX278: 6 | BY278: 6 | BZ278: 6 | CA278: 5 | CB278: 5 | CC278: 5 | CD278: 6 | CE278: 6 | CF278: 5 | CG278: 5 | CH278: 5 | CI278: 5 | CJ278: 2 | CK278: 2
A279: Z07 | B279: ZAMORA CHINCHIPE | C279: PALANDA | D279: 19D03 | E279: 001945 | F279: VALLADOLID | G279: NIVEL 1 | H279: CENTRO DE SALUD TIPO A | I279: 12 | L279: 3 | Q279: 5 | R279: 10 | S279: 15 | U279: 15 | AF279: 15 | BS279: 2 | BT279: 2 | BU279: 2 | BV279: 2 | BW279: 1 | BX279: 1 | BY279: 1 | BZ279: 1 | CA279: 1 | CB279: 1 | CC279: 1 | CD279: 3 | CE279: 3 | CF279: 1 | CG279: 2 | CH279: 2 | CI279: 2 | CJ279: 4 | CK279: 4 | CO279: 1
A280: Z07 | B280: ZAMORA CHINCHIPE | C280: PALANDA | D280: 19D03 | E280: 001946 | F280: LA CANELA | G280: NIVEL 1 | H280: PUESTO DE SALUD | I280: 5 | M280: 10 | Q280: 6 | R280: 9 | S280: 15 | U280: 15 | AF280: 15 | BS280: 1 | BT280: 1 | BU280: 1 | BV280: 1 | BW280: 2 | BX280: 2 | BY280: 2 | BZ280: 2 | CA280: 1 | CB280: 1 | CC280: 1 | CD280: 1 | CE280: 1 | CO280: 10
A281: Z07 | B281: ZAMORA CHINCHIPE | C281: PAQUISHA | D281: 19D02 | E281: 001899 | F281: PAQUISHA | G281: NIVEL 1 | H281: CENTRO DE SALUD TIPO B
A282: Z07 | B282: ZAMORA CHINCHIPE | C282: PAQUISHA | D282: 19D02 | E282: 001941 | F282: BELLAVISTA | G282: NIVEL 1 | H282: PUESTO DE SALUD
A283: Z07 | B283: ZAMORA CHINCHIPE | C283: PAQUISHA | D283: 19D02 | E283: 001942 | F283: CHINAPINTZA | G283: NIVEL 1 | H283: PUESTO DE SALUD
A284: Z07 | B284: ZAMORA CHINCHIPE | C284: PAQUISHA | D284: 19D02 | E284: 001943 | F284: CISAM | G284: NIVEL 1 | H284: PUESTO DE SALUD
A285: Z07 | B285: ZAMORA CHINCHIPE | C285: YACUAMBI | D285: 19D01 | E285: 001916 | F285: JEMBUENTZA | G285: NIVEL 1 | H285: PUESTO DE SALUD
A286: Z07 | B286: ZAMORA CHINCHIPE | C286: YACUAMBI | D286: 19D01 | E286: 001927 | F286: 28 DE MAYO (YACUAMBI) | G286: NIVEL 1 | H286: CENTRO DE SALUD TIPO A
A287: Z07 | B287: ZAMORA CHINCHIPE | C287: YACUAMBI | D287: 19D01 | E287: 001928 | F287: LA ESPERANZA | G287: NIVEL 1 | H287: PUESTO DE SALUD
A288: Z07 | B288: ZAMORA CHINCHIPE | C288: YACUAMBI | D288: 19D01 | E288: 001929 | F288: CHAPINTZA | G288: NIVEL 1 | H288: PUESTO DE SALUD
A289: Z07 | B289: ZAMORA CHINCHIPE | C289: YACUAMBI | D289: 19D01 | E289: 001930 | F289: LA PAZ | G289: NIVEL 1 | H289: PUESTO DE SALUD
A290: Z07 | B290: ZAMORA CHINCHIPE | C290: YACUAMBI | D290: 19D01 | E290: 001931 | F290: TUTUPALI | G290: NIVEL 1 | H290: PUESTO DE SALUD
A291: Z07 | B291: ZAMORA CHINCHIPE | C291: YANTZAZA | D291: 19D04 | E291: 001898 | F291: SAN VICENTE DE CANEY | G291: NIVEL 1 | H291: PUESTO DE SALUD
A292: Z07 | B292: ZAMORA CHINCHIPE | C292: YANTZAZA | D292: 19D04 | E292: 001932 | F292: CHICAÑA | G292: NIVEL 1 | H292: CENTRO DE SALUD TIPO A
... A309: Z07 | B309: ZAMORA CHINCHIPE | C309: ZAMORA | D309: 19D01 | E309: 002837 | F309: CENTRO DE SALUD ZAMORA | G309: NIVEL 1 | H309: CENTRO DE SALUD TIPO A
I310: =SUBTOTAL(9,I257:I309) -> 152 | J310: =SUBTOTAL(9,J257:J309) -> 6 | K310: =SUBTOTAL(9,K257:K309) -> 0 | L310: =SUBTOTAL(9,L257:L309) -> 3 | M310: =SUBTOTAL(9,M257:M309) -> 10 | N310: =SUBTOTAL(9,N257:N309) -> 33 | O310: =SUBTOTAL(9,O257:O309) -> 11 | P310: =SUBTOTAL(9,P257:P309) -> 0 | ... CO310: =SUBTOTAL(9,CO257:CO309) -> 12

Sheet NOVIEMBRE
A1: Zona | B1: provincia | C1: canton | D1: distrito | E1: unicodigo | F1: uni_nombre | G1: nivel | H1: tipo | I1: int_msp | J1: ext_CNH | K1: ext_cibv | L1: ext_educ_gene_basic | M1: ext_bachillerato | N1: ext_visita_domi | O1: ext_comuni | P1: ext_otros | Q1: sexo_h | R1: sexo_m | S1: pertenece_ES | T1: No_pertenece_ES | U1: ecuatoriano | V1: colombiano | W1: peruano | X1: cubano | Y1: venezolano | Z1: otros | AA1: indigena | AB1: afro | AC1: negro | AD1: mulato | AE1: montubio | AF1: mestizo | AG1: blanco | AH1: otro | AI1: Achuar | AJ1: Andoa | AK1: Awa | AL1: Chachi | AM1: Cofan | AN1: Epera | AO1: Huancavilca | AP1: Kichwa | AQ1: Manta | AR1: Secoya | AS1: Shiwiar | AT1: Shuar | AU1: Siona | AV1: Tsáchila | AW1: Waorani | AX1: Zapara | AY1: Chibuleo | AZ1: Kañari | BA1: Karanki | BB1: Kayambi | BC1: Kichwa Amazónico | BD1: Kisapincha | BE1: Kitukara | BF1: Natabuela | BG1: Otavalo | BH1: Paltas | BI1: Panzaleo | BJ1: Pastos | BK1: Puruha | BL1: Salasaka | BM1: Saraguro | BN1: Tomabela | BO1: Waramka | BP1: BCG_24 | BQ1: HB_24 | BR1: BCG_365 | BS1: rota_1 | BT1: fIPV_1 | BU1: neumo_1 | BV1: penta_1 | BW1: rota_2 | BX1: fIPV_2 | BY1: neumo_2 | BZ1: penta_2 | CA1: bopv_3 | CB1: neumo_3 | CC1: penta_3 | CD1: srp_1 | CE1: fa | CF1: varicela | CG1: srp_2 | CH1: bopv_4 | CI1: dpt_4 | CJ1: bopv_5 | CK1: dpt_5 | CL1: hpv_9a_1d | CM1: hpv_9a_2d | CN1: hpv_10a_2d | CO1: dt_3
A2: Z07 | B2: EL ORO | C2: ARENILLAS | D2: 07D05 | E2: 000541 | F2: SAN VICENTE | G2: NIVEL 1 | H2: CENTRO DE SALUD TIPO A
A3: Z07 | B3: EL ORO | C3: ARENILLAS | D3: 07D05 | E3: 000542 | F3: SAN ISIDRO URBANO | G3: NIVEL 1 | H3: CENTRO DE SALUD TIPO B
A4: Z07 | B4: EL ORO | C4: ARENILLAS | D4: 07D05 | E4: 000543 | F4: CAÑAS | G4: NIVEL 1 | H4: PUESTO DE SALUD
A5: Z07 | B5: EL ORO | C5: ARENILLAS | D5: 07D05 | E5: 000544 | F5: LA CUCA | G5: NIVEL 1 | H5: CENTRO DE SALUD TIPO A
A6: Z07 | B6: EL ORO | C6: ARENILLAS | D6: 07D05 | E6: 000545 | F6: CARCABON | G6: NIVEL 1 | H6: CENTRO DE SALUD TIPO A
A7: Z07 | B7: EL ORO | C7: ARENILLAS | D7: 07D05 | E7: 000546 | F7: CHACRAS | G7: NIVEL 1 | H7: CENTRO DE SALUD TIPO A
A8: Z07 | B8: EL ORO | C8: ARENILLAS | D8: 07D05 | E8: 000547 | F8: PALMALES | G8: NIVEL 1 | H8: CENTRO DE SALUD TIPO A
A9: Z07 | B9: EL ORO | C9: ARENILLAS | D9: 07D05 | E9: 000548 | F9: MANABI DE EL ORO | G9: NIVEL 1 | H9: PUESTO DE SALUD
A10: Z07 | B10: EL ORO | C10: ARENILLAS | D10: 07D05 | E10: 000591 | F10: HOSPITAL BASICO DE ARENILLAS | G10: NIVEL 2 | H10: HOSPITAL BASICO
A11: Z07 | B11: EL ORO | C11: ARENILLAS | D11: 07D05 | E11: 002763 | F11: EL JOBO SAN VICENTE | G11: NIVEL 1 | H11: PUESTO DE SALUD
A12: Z07 | B12: EL ORO | C12: ARENILLAS | D12: 07D05 | E12: 002900 | F12: CENTRO DE SALUD ARENILLAS | G12: NIVEL 1 | H12: CENTRO DE SALUD TIPO A
A13: Z07 | B13: EL ORO | C13: ATAHUALPA | D13: 07D03 | E13: 000576 | F13: AYAPAMBA | G13: NIVEL 1 | H13: CENTRO DE SALUD TIPO A
... A256: Z07 | B256: ZAMORA CHINCHIPE | C256: CENTINELA DEL CONDOR | D256: 19D02 | E256: 001900 | F256: ZUMBI | G256: NIVEL 1 | H256: CENTRO DE SALUD TIPO A
A257: Z07 | B257: ZAMORA CHINCHIPE | C257: CHINCHIPE | D257: 19D03 | E257: 001901 | F257: LA CHONTA | G257: NIVEL 1 | H257: CENTRO DE SALUD TIPO A | I257: 2 | Q257: 1 | R257: 1 | S257: 2 | U257: 2 | AF257: 2 | BW257: 1 | BX257: 1 | BY257: 1 | BZ257: 1 | CF257: 1
A258: Z07 | B258: ZAMORA CHINCHIPE | C258: CHINCHIPE | D258: 19D03 | E258: 001902 | F258: EL CHORRO | G258: NIVEL 1 | H258: PUESTO DE SALUD | I258: 1 | R258: 1 | S258: 1 | U258: 1 | AF258: 1 | CF258: 1
A259: Z07 | B259: ZAMORA CHINCHIPE | C259: CHINCHIPE | D259: 19D03 | E259: 001903 | F259: CHITO | G259: NIVEL 1 | H259: CENTRO DE SALUD TIPO A | I259: 9 | N259: 9 | Q259: 10 | R259: 8 | S259: 18 | U259: 18 | AF259: 18 | BS259: 1 | BT259: 1 | BU259: 1 | BV259: 1 | BW259: 4 | BX259: 4 | BY259: 4 | BZ259: 4 | CA259: 2 | CB259: 2 | CC259: 2 | CD259: 2 | CE259: 2 | CF259: 5 | CG259: 4 | CH259: 4 | CI259: 4
A260: Z07 | B260: ZAMORA CHINCHIPE | C260: CHINCHIPE | D260: 19D03 | E260: 001921 | F260: LA GUAYUZA | G260: NIVEL 1 | H260: PUESTO DE SALUD | I260: 0 | BS260: 0 | BT260: 0 | BU260: 0 | BV260: 0 | BW260: 0 | BX260: 0 | BY260: 0 | BZ260: 0 | CA260: 0 | CB260: 0 | CC260: 0
A261: Z07 | B261: ZAMORA CHINCHIPE | C261: CHINCHIPE | D261: 19D03 | E261: 001922 | F261: LA DIVERSION | G261: NIVEL 1 | H261: CENTRO DE SALUD TIPO A | N261: 1 | Q261: 1 | S261: 1 | U261: 1 | AF261: 1 | BS261: 1 | BU261: 1 | BV261: 1
A262: Z07 | B262: ZAMORA CHINCHIPE | C262: CHINCHIPE | D262: 19D03 | E262: 001923 | F262: SAN ANDRES | G262: NIVEL 1 | H262: PUESTO DE SALUD | I262: 4 | Q262: 1 | R262: 3 | S262: 4 | U262: 4 | AF262: 4 | CG262: 1 | CH262: 1 | CI262: 1 | CJ262: 1 | CK262: 1 | CO262: 2
A263: Z07 | B263: ZAMORA CHINCHIPE | C263: CHINCHIPE | D263: 19D03 | E263: 001949 | F263: HOSPITAL BASICO DE ZUMBA | G263: NIVEL 2 | H263: HOSPITAL BASICO | I263: 6 | Q263: 1 | R263: 5 | S263: 6 | U263: 6 | AF263: 6 | BP263: 6 | BQ263: 6
A264: Z07 | B264: ZAMORA CHINCHIPE | C264: CHINCHIPE | D264: 19D03 | E264: 002846 | F264: CENTRO DE SALUD DE ZUMBA | G264: NIVEL 1 | H264: CENTRO DE SALUD TIPO A | I264: 34 | N264: 4 | Q264: 21 | R264: 17 | S264: 32 | T264: 6 | U264: 38 | AF264: 38 | BS264: 7 | BT264: 7 | BU264: 7 | BV264: 7 | BW264: 6 | BX264: 6 | BY264: 6 | BZ264: 6 | CA264: 3 | CB264: 3 | CC264: 3 | CD264: 8 | CE264: 8 | CF264: 5 | CG264: 8 | CH264: 8 | CI264: 8 | CO264: 1
A265: Z07 | B265: ZAMORA CHINCHIPE | C265: EL PANGUI | D265: 19D04 | E265: 001912 | F265: PACHICUTZA | G265: NIVEL 1 | H265: PUESTO DE SALUD
A266: Z07 | B266: ZAMORA CHINCHIPE | C266: EL PANGUI | D266: 19D04 | E266: 001913 | F266: EL PANGUI | G266: NIVEL 1 | H266: CENTRO DE SALUD TIPO B
A267: Z07 | B267: ZAMORA CHINCHIPE | C267: EL PANGUI | D267: 19D04 | E267: 001914 | F267: TUNDAYME | G267: NIVEL 1 | H267: PUESTO DE SALUD
A268: Z07 | B268: ZAMORA CHINCHIPE | C268: EL PANGUI | D268: 19D04 | E268: 001933 | F268: EL GUISMI | G268: NIVEL 1 | H268: PUESTO DE SALUD
A269: Z07 | B269: ZAMORA CHINCHIPE | C269: EL PANGUI | D269: 19D04 | E269: 001934 | F269: CHUCHUMBLETZA | G269: NIVEL 1 | H269: PUESTO DE SALUD
A270: Z07 | B270: ZAMORA CHINCHIPE | C270: NANGARITZA | D270: 19D02 | E270: 001906 | F270: NUEVO PARAISO | G270: NIVEL 1 | H270: PUESTO DE SALUD
A271: Z07 | B271: ZAMORA CHINCHIPE | C271: NANGARITZA | D271: 19D02 | E271: 001907 | F271: SHAIMI | G271: NIVEL 1 | H271: PUESTO DE SALUD
A272: Z07 | B272: ZAMORA CHINCHIPE | C272: NANGARITZA | D272: 19D02 | E272: 001908 | F272: GERANIOS | G272: NIVEL 1 | H272: PUESTO DE SALUD
A273: Z07 | B273: ZAMORA CHINCHIPE | C273: NANGARITZA | D273: 19D02 | E273: 001909 | F273: ZURMI | G273: NIVEL 1 | H273: PUESTO DE SALUD
A274: Z07 | B274: ZAMORA CHINCHIPE | C274: NANGARITZA | D274: 19D02 | E274: 001925 | F274: SANTA ELENA | G274: NIVEL 1 | H274: PUESTO DE SALUD
A275: Z07 | B275: ZAMORA CHINCHIPE | C275: NANGARITZA | D275: 19D02 | E275: 001926 | F275: GUAYZIMI | G275: NIVEL 1 | H275: CENTRO DE SALUD TIPO A
A276: Z07 | B276: ZAMORA CHINCHIPE | C276: PALANDA | D276: 19D03 | E276: 001904 | F276: SAN FRANCISCO DEL VERGEL | G276: NIVEL 1 | H276: PUESTO DE SALUD | I276: 11 | J276: 3 | Q276: 5 | R276: 9 | S276: 13 | T276: 1 | U276: 14 | AF276: 14 | BS276: 4 | BT276: 4 | BU276: 4 | BV276: 4 | BW276: 2 | BX276: 2 | BY276: 2 | BZ276: 2 | CA276: 2 | CB276: 2 | CC276: 2 | CD276: 1 | CF276: 4 | CG276: 1 | CH276: 1 | CI276: 1
A277: Z07 | B277: ZAMORA CHINCHIPE | C277: PALANDA | D277: 19D03 | E277: 001937 | F277: EL PORVENIR DEL CARMEN | G277: NIVEL 1 | H277: PUESTO DE SALUD | I277: 5 | O277: 3 | Q277: 3 | R277: 5 | S277: 8 | U277: 8 | AF277: 8 | BP277: 1 | BQ277: 1 | BS277: 1 | BT277: 1 | BU277: 1 | BV277: 1 | BW277: 4 | BX277: 5 | BY277: 4 | BZ277: 4 | CB277: 1 | CC277: 1 | CF277: 1 | CG277: 1 | CH277: 1 | CI277: 1
A278: Z07 | B278: ZAMORA CHINCHIPE | C278: PALANDA | D278: 19D03 | E278: 001944 | F278: PALANDA | G278: NIVEL 1 | H278: CENTRO DE SALUD TIPO B | I278: 20 | N278: 13 | Q278: 19 | R278: 14 | S278: 25 | T278: 8 | U278: 33 | AF278: 33 | BP278: 1 | BQ278: 1 | BS278: 2 | BT278: 2 | BU278: 2 | BV278: 2 | BW278: 8 | BX278: 8 | BY278: 8 | BZ278: 8 | CA278: 6 | CB278: 5 | CC278: 5 | CD278: 7 | CE278: 7 | CF278: 4 | CG278: 4 | CH278: 4 | CI278: 4 | CJ278: 1 | CK278: 1
A279: Z07 | B279: ZAMORA CHINCHIPE | C279: PALANDA | D279: 19D03 | E279: 001945 | F279: VALLADOLID | G279: NIVEL 1 | H279: CENTRO DE SALUD TIPO A | I279: 4 | Q279: 1 | R279: 3 | S279: 4 | U279: 4 | AF279: 4 | BS279: 2 | BT279: 2 | BU279: 2 | BV279: 2 | CA279: 1 | CB279: 1 | CC279: 1 | CG279: 1 | CH279: 1 | CI279: 1
A280: Z07 | B280: ZAMORA CHINCHIPE | C280: PALANDA | D280: 19D03 | E280: 001946 | F280: LA CANELA | G280: NIVEL 1 | H280: PUESTO DE SALUD | I280: 4 | Q280: 1 | R280: 3 | S280: 3 | T280: 1 | U280: 4 | AF280: 4 | BS280: 1 | BU280: 1 | BV280: 1 | BW280: 3 | BY280: 3 | BZ280: 3
A281: Z07 | B281: ZAMORA CHINCHIPE | C281: PAQUISHA | D281: 19D02 | E281: 001899 | F281: PAQUISHA | G281: NIVEL 1 | H281: CENTRO DE SALUD TIPO B
A282: Z07 | B282: ZAMORA CHINCHIPE | C282: PAQUISHA | D282: 19D02 | E282: 001941 | F282: BELLAVISTA | G282: NIVEL 1 | H282: PUESTO DE SALUD
A283: Z07 | B283: ZAMORA CHINCHIPE | C283: PAQUISHA | D283: 19D02 | E283: 001942 | F283: CHINAPINTZA | G283: NIVEL 1 | H283: PUESTO DE SALUD
A284: Z07 | B284: ZAMORA CHINCHIPE | C284: PAQUISHA | D284: 19D02 | E284: 001943 | F284: CISAM | G284: NIVEL 1 | H284: PUESTO DE SALUD
A285: Z07 | B285: ZAMORA CHINCHIPE | C285: YACUAMBI | D285: 19D01 | E285: 001916 | F285: JEMBUENTZA | G285: NIVEL 1 | H285: PUESTO DE SALUD
A286: Z07 | B286: ZAMORA CHINCHIPE | C286: YACUAMBI | D286: 19D01 | E286: 001927 | F286: 28 DE MAYO (YACUAMBI) | G286: NIVEL 1 | H286: CENTRO DE SALUD TIPO A
A287: Z07 | B287: ZAMORA CHINCHIPE | C287: YACUAMBI | D287: 19D01 | E287: 001928 | F287: LA ESPERANZA | G287: NIVEL 1 | H287: PUESTO DE SALUD
A288: Z07 | B288: ZAMORA CHINCHIPE | C288: YACUAMBI | D288: 19D01 | E288: 001929 | F288: CHAPINTZA | G288: NIVEL 1 | H288: PUESTO DE SALUD
A289: Z07 | B289: ZAMORA CHINCHIPE | C289: YACUAMBI | D289: 19D01 | E289: 001930 | F289: LA PAZ | G289: NIVEL 1 | H289: PUESTO DE SALUD
A290: Z07 | B290: ZAMORA CHINCHIPE | C290: YACUAMBI | D290: 19D01 | E290: 001931 | F290: TUTUPALI | G290: NIVEL 1 | H290: PUESTO DE SALUD
A291: Z07 | B291: ZAMORA CHINCHIPE | C291: YANTZAZA | D291: 19D04 | E291: 001898 | F291: SAN VICENTE DE CANEY | G291: NIVEL 1 | H291: PUESTO DE SALUD
A292: Z07 | B292: ZAMORA CHINCHIPE | C292: YANTZAZA | D292: 19D04 | E292: 001932 | F292: CHICAÑA | G292: NIVEL 1 | H292: CENTRO DE SALUD TIPO A
... A309: Z07 | B309: ZAMORA CHINCHIPE | C309: ZAMORA | D309: 19D01 | E309: 002837 | F309: CENTRO DE SALUD ZAMORA | G309: NIVEL 1 | H309: CENTRO DE SALUD TIPO A
I310: =SUBTOTAL(9,I257:I309) -> 100 | J310: =SUBTOTAL(9,J257:J309) -> 3 | K310: =SUBTOTAL(9,K257:K309) -> 0 | L310: =SUBTOTAL(9,L257:L309) -> 0 | M310: =SUBTOTAL(9,M257:M309) -> 0 | N310: =SUBTOTAL(9,N257:N309) -> 27 | O310: =SUBTOTAL(9,O257:O309) -> 3 | P310: =SUBTOTAL(9,P257:P309) -> 0 | ... CO310: =SUBTOTAL(9,CO257:CO309) -> 3

Sheet DICIEMBRE
A1: Zona | B1: provincia | C1: canton | D1: distrito | E1: unicodigo | F1: uni_nombre | G1: nivel | H1: tipo | I1: int_msp | J1: ext_CNH | K1: ext_cibv | L1: ext_educ_gene_basic | M1: ext_bachillerato | N1: ext_visita_domi | O1: ext_comuni | P1: ext_otros | Q1: sexo_h | R1: sexo_m | S1: pertenece_ES | T1: No_pertenece_ES | U1: ecuatoriano | V1: colombiano | W1: peruano | X1: cubano | Y1: venezolano | Z1: otros | AA1: indigena | AB1: afro | AC1: negro | AD1: mulato | AE1: montubio | AF1: mestizo | AG1: blanco | AH1: otro | AI1: Achuar | AJ1: Andoa | AK1: Awa | AL1: Chachi | AM1: Cofan | AN1: Epera | AO1: Huancavilca | AP1: Kichwa | AQ1: Manta | AR1: Secoya | AS1: Shiwiar | AT1: Shuar | AU1: Siona | AV1: Tsáchila | AW1: Waorani | AX1: Zapara | AY1: Chibuleo | AZ1: Kañari | BA1: Karanki | BB1: Kayambi | BC1: Kichwa Amazónico | BD1: Kisapincha | BE1: Kitukara | BF1: Natabuela | BG1: Otavalo | BH1: Paltas | BI1: Panzaleo | BJ1: Pastos | BK1: Puruha | BL1: Salasaka | BM1: Saraguro | BN1: Tomabela | BO1: Waramka | BP1: BCG_24 | BQ1: HB_24 | BR1: BCG_365 | BS1: rota_1 | BT1: fIPV_1 | BU1: neumo_1 | BV1: penta_1 | BW1: rota_2 | BX1: fIPV_2 | BY1: neumo_2 | BZ1: penta_2 | CA1: bopv_3 | CB1: neumo_3 | CC1: penta_3 | CD1: srp_1 | CE1: fa | CF1: varicela | CG1: srp_2 | CH1: bopv_4 | CI1: dpt_4 | CJ1: bopv_5 | CK1: dpt_5 | CL1: hpv_9a_1d | CM1: hpv_9a_2d | CN1: hpv_10a_2d | CO1: dt_3
A2: Z07 | B2: EL ORO | C2: ARENILLAS | D2: 07D05 | E2: 000541 | F2: SAN VICENTE | G2: NIVEL 1 | H2: CENTRO DE SALUD TIPO A
A3: Z07 | B3: EL ORO | C3: ARENILLAS | D3: 07D05 | E3: 000542 | F3: SAN ISIDRO URBANO | G3: NIVEL 1 | H3: CENTRO DE SALUD TIPO B
A4: Z07 | B4: EL ORO | C4: ARENILLAS | D4: 07D05 | E4: 000543 | F4: CAÑAS | G4: NIVEL 1 | H4: PUESTO DE SALUD
A5: Z07 | B5: EL ORO | C5: ARENILLAS | D5: 07D05 | E5: 000544 | F5: LA CUCA | G5: NIVEL 1 | H5: CENTRO DE SALUD TIPO A
A6: Z07 | B6: EL ORO | C6: ARENILLAS | D6: 07D05 | E6: 000545 | F6: CARCABON | G6: NIVEL 1 | H6: CENTRO DE SALUD TIPO A
A7: Z07 | B7: EL ORO | C7: ARENILLAS | D7: 07D05 | E7: 000546 | F7: CHACRAS | G7: NIVEL 1 | H7: CENTRO DE SALUD TIPO A
A8: Z07 | B8: EL ORO | C8: ARENILLAS | D8: 07D05 | E8: 000547 | F8: PALMALES | G8: NIVEL 1 | H8: CENTRO DE SALUD TIPO A
A9: Z07 | B9: EL ORO | C9: ARENILLAS | D9: 07D05 | E9: 000548 | F9: MANABI DE EL ORO | G9: NIVEL 1 | H9: PUESTO DE SALUD
A10: Z07 | B10: EL ORO | C10: ARENILLAS | D10: 07D05 | E10: 000591 | F10: HOSPITAL BASICO DE ARENILLAS | G10: NIVEL 2 | H10: HOSPITAL BASICO
A11: Z07 | B11: EL ORO | C11: ARENILLAS | D11: 07D05 | E11: 002763 | F11: EL JOBO SAN VICENTE | G11: NIVEL 1 | H11: PUESTO DE SALUD
A12: Z07 | B12: EL ORO | C12: ARENILLAS | D12: 07D05 | E12: 002900 | F12: CENTRO DE SALUD ARENILLAS | G12: NIVEL 1 | H12: CENTRO DE SALUD TIPO A
A13: Z07 | B13: EL ORO | C13: ATAHUALPA | D13: 07D03 | E13: 000576 | F13: AYAPAMBA | G13: NIVEL 1 | H13: CENTRO DE SALUD TIPO A
... A309: Z07 | B309: ZAMORA CHINCHIPE | C309: ZAMORA | D309: 19D01 | E309: 002837 | F309: CENTRO DE SALUD ZAMORA | G309: NIVEL 1 | H309: CENTRO DE SALUD TIPO A
I310: =SUBTOTAL(9,I257:I309) -> 0 | J310: =SUBTOTAL(9,J257:J309) -> 0 | K310: =SUBTOTAL(9,K257:K309) -> 0 | L310: =SUBTOTAL(9,L257:L309) -> 0 | M310: =SUBTOTAL(9,M257:M309) -> 0 | N310: =SUBTOTAL(9,N257:N309) -> 0 | O310: =SUBTOTAL(9,O257:O309) -> 0 | P310: =SUBTOTAL(9,P257:P309) -> 0 | ... CO310: =SUBTOTAL(9,CO257:CO309) -> 0

Sheet CONSOLIDADO
A1: Zona | B1: provincia | C1: canton | D1: distrito | E1: unicodigo | F1: uni_nombre | G1: nivel | H1: tipo | I1: int_msp | J1: ext_CNH | K1: ext_cibv | L1: ext_educ_gene_basic | M1: ext_bachillerato | N1: ext_visita_domi | O1: ext_comuni | P1: ext_otros | Q1: sexo_h | R1: sexo_m | S1: pertenece_ES | T1: No_pertenece_ES | U1: ecuatoriano | V1: colombiano | W1: peruano | X1: cubano | Y1: venezolano | Z1: otros | AA1: indigena | AB1: afro | AC1: negro | AD1: mulato | AE1: montubio | AF1: mestizo | AG1: blanco | AH1: otro | AI1: Achuar | AJ1: Andoa | AK1: Awa | AL1: Chachi | AM1: Cofan | AN1: Epera | AO1: Huancavilca | AP1: Kichwa | AQ1: Manta | AR1: Secoya | AS1: Shiwiar | AT1: Shuar | AU1: Siona | AV1: Tsáchila | AW1: Waorani | AX1: Zapara | AY1: Chibuleo | AZ1: Kañari | BA1: Karanki | BB1: Kayambi | BC1: Kichwa Amazónico | BD1: Kisapincha | BE1: Kitukara | BF1: Natabuela | BG1: Otavalo | BH1: Paltas | BI1: Panzaleo | BJ1: Pastos | BK1: Puruha | BL1: Salasaka | BM1: Saraguro | BN1: Tomabela | BO1: Waramka | BP1: BCG_24 | BQ1: HB_24 | BR1: BCG_365 | BS1: rota_1 | BT1: fIPV_1 | BU1: neumo_1 | BV1: penta_1 | BW1: rota_2 | BX1: fIPV_2 | BY1: neumo_2 | BZ1: penta_2 | CA1: bopv_3 | CB1: neumo_3 | CC1: penta_3 | CD1: srp_1 | CE1: fa | CF1: varicela | CG1: srp_2 | CH1: bopv_4 | CI1: dpt_4 | CJ1: bopv_5 | CK1: dpt_5 | CL1: hpv_9a_1d | CM1: hpv_9a_2d | CN1: hpv_10a_2d | CO1: dt_3
A2: Z07 | B2: ZAMORA CHINCHIPE | C2: CHINCHIPE | D2: 19D03 | E2: 001901 | F2: LA CHONTA | G2: NIVEL 1 | H2: CENTRO DE SALUD TIPO A | I2: =ENERO!I257+FEBRERO!I257+MARZO!I257+ABRIL!I257+MAYO!I257+JUNIO!I257+JULIO!I257+AGOSTO!I257+SEPTIEMBRE!I257+OCTUBRE!I257+NOVIEMBRE!I257+DICIEMBRE!I257 -> 19 | J2: =ENERO!J257+FEBRERO!J257+MARZO!J257+ABRIL!J257+MAYO!J257+JUNIO!J257+JULIO!J257+AGOSTO!J257+SEPTIEMBRE!J257+OCTUBRE!J257+NOVIEMBRE!J257+DICIEMBRE!J257 -> 3 | K2: =ENERO!K257+FEBRERO!K257+MARZO!K257+ABRIL!K257+MAYO!K257+JUNIO!K257+JULIO!K257+AGOSTO!K257+SEPTIEMBRE!K257+OCTUBRE!K257+NOVIEMBRE!K257+DICIEMBRE!K257 -> 0 | L2: =ENERO!L257+FEBRERO!L257+MARZO!L257+ABRIL!L257+MAYO!L257+JUNIO!L257+JULIO!L257+AGOSTO!L257+SEPTIEMBRE!L257+OCTUBRE!L257+NOVIEMBRE!L257+DICIEMBRE!L257 -> 0 | M2: =ENERO!M257+FEBRERO!M257+MARZO!M257+ABRIL!M257+MAYO!M257+JUNIO!M257+JULIO!M257+AGOSTO!M257+SEPTIEMBRE!M257+OCTUBRE!M257+NOVIEMBRE!M257+DICIEMBRE!M257 -> 0 | N2: =ENERO!N257+FEBRERO!N257+MARZO!N257+ABRIL!N257+MAYO!N257+JUNIO!N257+JULIO!N257+AGOSTO!N257+SEPTIEMBRE!N257+OCTUBRE!N257+NOVIEMBRE!N257+DICIEMBRE!N257 -> 3 | O2: =ENERO!O257+FEBRERO!O257+MARZO!O257+ABRIL!O257+MAYO!O257+JUNIO!O257+JULIO!O257+AGOSTO!O257+SEPTIEMBRE!O257+OCTUBRE!O257+NOVIEMBRE!O257+DICIEMBRE!O257 -> 1 | P2: =ENERO!P257+FEBRERO!P257+MARZO!P257+ABRIL!P257+MAYO!P257+JUNIO!P257+JULIO!P257+AGOSTO!P257+SEPTIEMBRE!P257+OCTUBRE!P257+NOVIEMBRE!P257+DICIEMBRE!P257 -> 0 | ... CO2: =ENERO!CO257+FEBRERO!CO257+MARZO!CO257+ABRIL!CO257+MAYO!CO257+JUNIO!CO257+JULIO!CO257+AGOSTO!CO257+SEPTIEMBRE!CO257+OCTUBRE!CO257+NOVIEMBRE!CO257+DICIEMBRE!CO257 -> 4
A3: Z07 | B3: ZAMORA CHINCHIPE | C3: CHINCHIPE | D3: 19D03 | E3: 001902 | F3: EL CHORRO | G3: NIVEL 1 | H3: PUESTO DE SALUD | I3: =ENERO!I258+FEBRERO!I258+MARZO!I258+ABRIL!I258+MAYO!I258+JUNIO!I258+JULIO!I258+AGOSTO!I258+SEPTIEMBRE!I258+OCTUBRE!I258+NOVIEMBRE!I258+DICIEMBRE!I258 -> 7 | J3: =ENERO!J258+FEBRERO!J258+MARZO!J258+ABRIL!J258+MAYO!J258+JUNIO!J258+JULIO!J258+AGOSTO!J258+SEPTIEMBRE!J258+OCTUBRE!J258+NOVIEMBRE!J258+DICIEMBRE!J258 -> 0 | K3: =ENERO!K258+FEBRERO!K258+MARZO!K258+ABRIL!K258+MAYO!K258+JUNIO!K258+JULIO!K258+AGOSTO!K258+SEPTIEMBRE!K258+OCTUBRE!K258+NOVIEMBRE!K258+DICIEMBRE!K258 -> 0 | L3: =ENERO!L258+FEBRERO!L258+MARZO!L258+ABRIL!L258+MAYO!L258+JUNIO!L258+JULIO!L258+AGOSTO!L258+SEPTIEMBRE!L258+OCTUBRE!L258+NOVIEMBRE!L258+DICIEMBRE!L258 -> 0 | M3: =ENERO!M258+FEBRERO!M258+MARZO!M258+ABRIL!M258+MAYO!M258+JUNIO!M258+JULIO!M258+AGOSTO!M258+SEPTIEMBRE!M258+OCTUBRE!M258+NOVIEMBRE!M258+DICIEMBRE!M258 -> 0 | N3: =ENERO!N258+FEBRERO!N258+MARZO!N258+ABRIL!N258+MAYO!N258+JUNIO!N258+JULIO!N258+AGOSTO!N258+SEPTIEMBRE!N258+OCTUBRE!N258+NOVIEMBRE!N258+DICIEMBRE!N258 -> 0 | O3: =ENERO!O258+FEBRERO!O258+MARZO!O258+ABRIL!O258+MAYO!O258+JUNIO!O258+JULIO!O258+AGOSTO!O258+SEPTIEMBRE!O258+OCTUBRE!O258+NOVIEMBRE!O258+DICIEMBRE!O258 -> 4 | P3: =ENERO!P258+FEBRERO!P258+MARZO!P258+ABRIL!P258+MAYO!P258+JUNIO!P258+JULIO!P258+AGOSTO!P258+SEPTIEMBRE!P258+OCTUBRE!P258+NOVIEMBRE!P258+DICIEMBRE!P258 -> 0 | ... CO3: =ENERO!CO258+FEBRERO!CO258+MARZO!CO258+ABRIL!CO258+MAYO!CO258+JUNIO!CO258+JULIO!CO258+AGOSTO!CO258+SEPTIEMBRE!CO258+OCTUBRE!CO258+NOVIEMBRE!CO258+DICIEMBRE!CO258 -> 0
A4: Z07 | B4: ZAMORA CHINCHIPE | C4: CHINCHIPE | D4: 19D03 | E4: 001903 | F4: CHITO | G4: NIVEL 1 | H4: CENTRO DE SALUD TIPO A | I4: =ENERO!I259+FEBRERO!I259+MARZO!I259+ABRIL!I259+MAYO!I259+JUNIO!I259+JULIO!I259+AGOSTO!I259+SEPTIEMBRE!I259+OCTUBRE!I259+NOVIEMBRE!I259+DICIEMBRE!I259 -> 114 | J4: =ENERO!J259+FEBRERO!J259+MARZO!J259+ABRIL!J259+MAYO!J259+JUNIO!J259+JULIO!J259+AGOSTO!J259+SEPTIEMBRE!J259+OCTUBRE!J259+NOVIEMBRE!J259+DICIEMBRE!J259 -> 0 | K4: =ENERO!K259+FEBRERO!K259+MARZO!K259+ABRIL!K259+MAYO!K259+JUNIO!K259+JULIO!K259+AGOSTO!K259+SEPTIEMBRE!K259+OCTUBRE!K259+NOVIEMBRE!K259+DICIEMBRE!K259 -> 0 | L4: =ENERO!L259+FEBRERO!L259+MARZO!L259+ABRIL!L259+MAYO!L259+JUNIO!L259+JULIO!L259+AGOSTO!L259+SEPTIEMBRE!L259+OCTUBRE!L259+NOVIEMBRE!L259+DICIEMBRE!L259 -> 0 | M4: =ENERO!M259+FEBRERO!M259+MARZO!M259+ABRIL!M259+MAYO!M259+JUNIO!M259+JULIO!M259+AGOSTO!M259+SEPTIEMBRE!M259+OCTUBRE!M259+NOVIEMBRE!M259+DICIEMBRE!M259 -> 0 | N4: =ENERO!N259+FEBRERO!N259+MARZO!N259+ABRIL!N259+MAYO!N259+JUNIO!N259+JULIO!N259+AGOSTO!N259+SEPTIEMBRE!N259+OCTUBRE!N259+NOVIEMBRE!N259+DICIEMBRE!N259 -> 65 | O4: =ENERO!O259+FEBRERO!O259+MARZO!O259+ABRIL!O259+MAYO!O259+JUNIO!O259+JULIO!O259+AGOSTO!O259+SEPTIEMBRE!O259+OCTUBRE!O259+NOVIEMBRE!O259+DICIEMBRE!O259 -> 2 | P4: =ENERO!P259+FEBRERO!P259+MARZO!P259+ABRIL!P259+MAYO!P259+JUNIO!P259+JULIO!P259+AGOSTO!P259+SEPTIEMBRE!P259+OCTUBRE!P259+NOVIEMBRE!P259+DICIEMBRE!P259 -> 0 | ... CO4: =ENERO!CO259+FEBRERO!CO259+MARZO!CO259+ABRIL!CO259+MAYO!CO259+JUNIO!CO259+JULIO!CO259+AGOSTO!CO259+SEPTIEMBRE!CO259+OCTUBRE!CO259+NOVIEMBRE!CO259+DICIEMBRE!CO259 -> 1
A5: Z07 | B5: ZAMORA CHINCHIPE | C5: CHINCHIPE | D5: 19D03 | E5: 001921 | F5: LA GUAYUZA | G5: NIVEL 1 | H5: PUESTO DE SALUD | I5: =ENERO!I260+FEBRERO!I260+MARZO!I260+ABRIL!I260+MAYO!I260+JUNIO!I260+JULIO!I260+AGOSTO!I260+SEPTIEMBRE!I260+OCTUBRE!I260+NOVIEMBRE!I260+DICIEMBRE!I260 -> 9 | J5: =ENERO!J260+FEBRERO!J260+MARZO!J260+ABRIL!J260+MAYO!J260+JUNIO!J260+JULIO!J260+AGOSTO!J260+SEPTIEMBRE!J260+OCTUBRE!J260+NOVIEMBRE!J260+DICIEMBRE!J260 -> 0 | K5: =ENERO!K260+FEBRERO!K260+MARZO!K260+ABRIL!K260+MAYO!K260+JUNIO!K260+JULIO!K260+AGOSTO!K260+SEPTIEMBRE!K260+OCTUBRE!K260+NOVIEMBRE!K260+DICIEMBRE!K260 -> 0 | L5: =ENERO!L260+FEBRERO!L260+MARZO!L260+ABRIL!L260+MAYO!L260+JUNIO!L260+JULIO!L260+AGOSTO!L260+SEPTIEMBRE!L260+OCTUBRE!L260+NOVIEMBRE!L260+DICIEMBRE!L260 -> 0 | M5: =ENERO!M260+FEBRERO!M260+MARZO!M260+ABRIL!M260+MAYO!M260+JUNIO!M260+JULIO!M260+AGOSTO!M260+SEPTIEMBRE!M260+OCTUBRE!M260+NOVIEMBRE!M260+DICIEMBRE!M260 -> 0 | N5: =ENERO!N260+FEBRERO!N260+MARZO!N260+ABRIL!N260+MAYO!N260+JUNIO!N260+JULIO!N260+AGOSTO!N260+SEPTIEMBRE!N260+OCTUBRE!N260+NOVIEMBRE!N260+DICIEMBRE!N260 -> 2 | O5: =ENERO!O260+FEBRERO!O260+MARZO!O260+ABRIL!O260+MAYO!O260+JUNIO!O260+JULIO!O260+AGOSTO!O260+SEPTIEMBRE!O260+OCTUBRE!O260+NOVIEMBRE!O260+DICIEMBRE!O260 -> 6 | P5: =ENERO!P260+FEBRERO!P260+MARZO!P260+ABRIL!P260+MAYO!P260+JUNIO!P260+JULIO!P260+AGOSTO!P260+SEPTIEMBRE!P260+OCTUBRE!P260+NOVIEMBRE!P260+DICIEMBRE!P260 -> 0 | ... CO5: =ENERO!CO260+FEBRERO!CO260+MARZO!CO260+ABRIL!CO260+MAYO!CO260+JUNIO!CO260+JULIO!CO260+AGOSTO!CO260+SEPTIEMBRE!CO260+OCTUBRE!CO260+NOVIEMBRE!CO260+DICIEMBRE!CO260 -> 1
A6: Z07 | B6: ZAMORA CHINCHIPE | C6: CHINCHIPE | D6: 19D03 | E6: 001922 | F6: LA DIVERSION | G6: NIVEL 1 | H6: CENTRO DE SALUD TIPO A | I6: =ENERO!I261+FEBRERO!I261+MARZO!I261+ABRIL!I261+MAYO!I261+JUNIO!I261+JULIO!I261+AGOSTO!I261+SEPTIEMBRE!I261+OCTUBRE!I261+NOVIEMBRE!I261+DICIEMBRE!I261 -> 22 | J6: =ENERO!J261+FEBRERO!J261+MARZO!J261+ABRIL!J261+MAYO!J261+JUNIO!J261+JULIO!J261+AGOSTO!J261+SEPTIEMBRE!J261+OCTUBRE!J261+NOVIEMBRE!J261+DICIEMBRE!J261 -> 4 | K6: =ENERO!K261+FEBRERO!K261+MARZO!K261+ABRIL!K261+MAYO!K261+JUNIO!K261+JULIO!K261+AGOSTO!K261+SEPTIEMBRE!K261+OCTUBRE!K261+NOVIEMBRE!K261+DICIEMBRE!K261 -> 0 | L6: =ENERO!L261+FEBRERO!L261+MARZO!L261+ABRIL!L261+MAYO!L261+JUNIO!L261+JULIO!L261+AGOSTO!L261+SEPTIEMBRE!L261+OCTUBRE!L261+NOVIEMBRE!L261+DICIEMBRE!L261 -> 4 | M6: =ENERO!M261+FEBRERO!M261+MARZO!M261+ABRIL!M261+MAYO!M261+JUNIO!M261+JULIO!M261+AGOSTO!M261+SEPTIEMBRE!M261+OCTUBRE!M261+NOVIEMBRE!M261+DICIEMBRE!M261 -> 8 | N6: =ENERO!N261+FEBRERO!N261+MARZO!N261+ABRIL!N261+MAYO!N261+JUNIO!N261+JULIO!N261+AGOSTO!N261+SEPTIEMBRE!N261+OCTUBRE!N261+NOVIEMBRE!N261+DICIEMBRE!N261 -> 35 | O6: =ENERO!O261+FEBRERO!O261+MARZO!O261+ABRIL!O261+MAYO!O261+JUNIO!O261+JULIO!O261+AGOSTO!O261+SEPTIEMBRE!O261+OCTUBRE!O261+NOVIEMBRE!O261+DICIEMBRE!O261 -> 0 | P6: =ENERO!P261+FEBRERO!P261+MARZO!P261+ABRIL!P261+MAYO!P261+JUNIO!P261+JULIO!P261+AGOSTO!P261+SEPTIEMBRE!P261+OCTUBRE!P261+NOVIEMBRE!P261+DICIEMBRE!P261 -> 0 | ... CO6: =ENERO!CO261+FEBRERO!CO261+MARZO!CO261+ABRIL!CO261+MAYO!CO261+JUNIO!CO261+JULIO!CO261+AGOSTO!CO261+SEPTIEMBRE!CO261+OCTUBRE!CO261+NOVIEMBRE!CO261+DICIEMBRE!CO261 -> 10
A7: Z07 | B7: ZAMORA CHINCHIPE | C7: CHINCHIPE | D7: 19D03 | E7: 001923 | F7: SAN ANDRES | G7: NIVEL 1 | H7: PUESTO DE SALUD | I7: =ENERO!I262+FEBRERO!I262+MARZO!I262+ABRIL!I262+MAYO!I262+JUNIO!I262+JULIO!I262+AGOSTO!I262+SEPTIEMBRE!I262+OCTUBRE!I262+NOVIEMBRE!I262+DICIEMBRE!I262 -> 42 | J7: =ENERO!J262+FEBRERO!J262+MARZO!J262+ABRIL!J262+MAYO!J262+JUNIO!J262+JULIO!J262+AGOSTO!J262+SEPTIEMBRE!J262+OCTUBRE!J262+NOVIEMBRE!J262+DICIEMBRE!J262 -> 0 | K7: =ENERO!K262+FEBRERO!K262+MARZO!K262+ABRIL!K262+MAYO!K262+JUNIO!K262+JULIO!K262+AGOSTO!K262+SEPTIEMBRE!K262+OCTUBRE!K262+NOVIEMBRE!K262+DICIEMBRE!K262 -> 0 | L7: =ENERO!L262+FEBRERO!L262+MARZO!L262+ABRIL!L262+MAYO!L262+JUNIO!L262+JULIO!L262+AGOSTO!L262+SEPTIEMBRE!L262+OCTUBRE!L262+NOVIEMBRE!L262+DICIEMBRE!L262 -> 0 | M7: =ENERO!M262+FEBRERO!M262+MARZO!M262+ABRIL!M262+MAYO!M262+JUNIO!M262+JULIO!M262+AGOSTO!M262+SEPTIEMBRE!M262+OCTUBRE!M262+NOVIEMBRE!M262+DICIEMBRE!M262 -> 0 | N7: =ENERO!N262+FEBRERO!N262+MARZO!N262+ABRIL!N262+MAYO!N262+JUNIO!N262+JULIO!N262+AGOSTO!N262+SEPTIEMBRE!N262+OCTUBRE!N262+NOVIEMBRE!N262+DICIEMBRE!N262 -> 9 | O7: =ENERO!O262+FEBRERO!O262+MARZO!O262+ABRIL!O262+MAYO!O262+JUNIO!O262+JULIO!O262+AGOSTO!O262+SEPTIEMBRE!O262+OCTUBRE!O262+NOVIEMBRE!O262+DICIEMBRE!O262 -> 0 | P7: =ENERO!P262+FEBRERO!P262+MARZO!P262+ABRIL!P262+MAYO!P262+JUNIO!P262+JULIO!P262+AGOSTO!P262+SEPTIEMBRE!P262+OCTUBRE!P262+NOVIEMBRE!P262+DICIEMBRE!P262 -> 0 | ... CO7: =ENERO!CO262+FEBRERO!CO262+MARZO!CO262+ABRIL!CO262+MAYO!CO262+JUNIO!CO262+JULIO!CO262+AGOSTO!CO262+SEPTIEMBRE!CO262+OCTUBRE!CO262+NOVIEMBRE!CO262+DICIEMBRE!CO262 -> 7
A8: Z07 | B8: ZAMORA CHINCHIPE | C8: CHINCHIPE | D8: 19D03 | E8: 001949 | F8: HOSPITAL BASICO DE ZUMBA | G8: NIVEL 2 | H8: HOSPITAL BASICO | I8: =ENERO!I263+FEBRERO!I263+MARZO!I263+ABRIL!I263+MAYO!I263+JUNIO!I263+JULIO!I263+AGOSTO!I263+SEPTIEMBRE!I263+OCTUBRE!I263+NOVIEMBRE!I263+DICIEMBRE!I263 -> 119 | J8: =ENERO!J263+FEBRERO!J263+MARZO!J263+ABRIL!J263+MAYO!J263+JUNIO!J263+JULIO!J263+AGOSTO!J263+SEPTIEMBRE!J263+OCTUBRE!J263+NOVIEMBRE!J263+DICIEMBRE!J263 -> 0 | K8: =ENERO!K263+FEBRERO!K263+MARZO!K263+ABRIL!K263+MAYO!K263+JUNIO!K263+JULIO!K263+AGOSTO!K263+SEPTIEMBRE!K263+OCTUBRE!K263+NOVIEMBRE!K263+DICIEMBRE!K263 -> 0 | L8: =ENERO!L263+FEBRERO!L263+MARZO!L263+ABRIL!L263+MAYO!L263+JUNIO!L263+JULIO!L263+AGOSTO!L263+SEPTIEMBRE!L263+OCTUBRE!L263+NOVIEMBRE!L263+DICIEMBRE!L263 -> 0 | M8: =ENERO!M263+FEBRERO!M263+MARZO!M263+ABRIL!M263+MAYO!M263+JUNIO!M263+JULIO!M263+AGOSTO!M263+SEPTIEMBRE!M263+OCTUBRE!M263+NOVIEMBRE!M263+DICIEMBRE!M263 -> 0 | N8: =ENERO!N263+FEBRERO!N263+MARZO!N263+ABRIL!N263+MAYO!N263+JUNIO!N263+JULIO!N263+AGOSTO!N263+SEPTIEMBRE!N263+OCTUBRE!N263+NOVIEMBRE!N263+DICIEMBRE!N263 -> 0 | O8: =ENERO!O263+FEBRERO!O263+MARZO!O263+ABRIL!O263+MAYO!O263+JUNIO!O263+JULIO!O263+AGOSTO!O263+SEPTIEMBRE!O263+OCTUBRE!O263+NOVIEMBRE!O263+DICIEMBRE!O263 -> 0 | P8: =ENERO!P263+FEBRERO!P263+MARZO!P263+ABRIL!P263+MAYO!P263+JUNIO!P263+JULIO!P263+AGOSTO!P263+SEPTIEMBRE!P263+OCTUBRE!P263+NOVIEMBRE!P263+DICIEMBRE!P263 -> 2 | ... CO8: =ENERO!CO263+FEBRERO!CO263+MARZO!CO263+ABRIL!CO263+MAYO!CO263+JUNIO!CO263+JULIO!CO263+AGOSTO!CO263+SEPTIEMBRE!CO263+OCTUBRE!CO263+NOVIEMBRE!CO263+DICIEMBRE!CO263 -> 0
A9: Z07 | B9: ZAMORA CHINCHIPE | C9: CHINCHIPE | D9: 19D03 | E9: 002846 | F9: CENTRO DE SALUD DE ZUMBA | G9: NIVEL 1 | H9: CENTRO DE SALUD TIPO A | I9: =ENERO!I264+FEBRERO!I264+MARZO!I264+ABRIL!I264+MAYO!I264+JUNIO!I264+JULIO!I264+AGOSTO!I264+SEPTIEMBRE!I264+OCTUBRE!I264+NOVIEMBRE!I264+DICIEMBRE!I264 -> 612 | J9: =ENERO!J264+FEBRERO!J264+MARZO!J264+ABRIL!J264+MAYO!J264+JUNIO!J264+JULIO!J264+AGOSTO!J264+SEPTIEMBRE!J264+OCTUBRE!J264+NOVIEMBRE!J264+DICIEMBRE!J264 -> 0 | K9: =ENERO!K264+FEBRERO!K264+MARZO!K264+ABRIL!K264+MAYO!K264+JUNIO!K264+JULIO!K264+AGOSTO!K264+SEPTIEMBRE!K264+OCTUBRE!K264+NOVIEMBRE!K264+DICIEMBRE!K264 -> 0 | L9: =ENERO!L264+FEBRERO!L264+MARZO!L264+ABRIL!L264+MAYO!L264+JUNIO!L264+JULIO!L264+AGOSTO!L264+SEPTIEMBRE!L264+OCTUBRE!L264+NOVIEMBRE!L264+DICIEMBRE!L264 -> 0 | M9: =ENERO!M264+FEBRERO!M264+MARZO!M264+ABRIL!M264+MAYO!M264+JUNIO!M264+JULIO!M264+AGOSTO!M264+SEPTIEMBRE!M264+OCTUBRE!M264+NOVIEMBRE!M264+DICIEMBRE!M264 -> 0 | N9: =ENERO!N264+FEBRERO!N264+MARZO!N264+ABRIL!N264+MAYO!N264+JUNIO!N264+JULIO!N264+AGOSTO!N264+SEPTIEMBRE!N264+OCTUBRE!N264+NOVIEMBRE!N264+DICIEMBRE!N264 -> 54 | O9: =ENERO!O264+FEBRERO!O264+MARZO!O264+ABRIL!O264+MAYO!O264+JUNIO!O264+JULIO!O264+AGOSTO!O264+SEPTIEMBRE!O264+OCTUBRE!O264+NOVIEMBRE!O264+DICIEMBRE!O264 -> 0 | P9: =ENERO!P264+FEBRERO!P264+MARZO!P264+ABRIL!P264+MAYO!P264+JUNIO!P264+JULIO!P264+AGOSTO!P264+SEPTIEMBRE!P264+OCTUBRE!P264+NOVIEMBRE!P264+DICIEMBRE!P264 -> 0 | ... CO9: =ENERO!CO264+FEBRERO!CO264+MARZO!CO264+ABRIL!CO264+MAYO!CO264+JUNIO!CO264+JULIO!CO264+AGOSTO!CO264+SEPTIEMBRE!CO264+OCTUBRE!CO264+NOVIEMBRE!CO264+DICIEMBRE!CO264 -> 11
A10: Z07 | B10: ZAMORA CHINCHIPE | C10: PALANDA | D10: 19D03 | E10: 001904 | F10: SAN FRANCISCO DEL VERGEL | G10: NIVEL 1 | H10: PUESTO DE SALUD | I10: =ENERO!I265+FEBRERO!I265+MARZO!I265+ABRIL!I265+MAYO!I265+JUNIO!I265+JULIO!I265+AGOSTO!I265+SEPTIEMBRE!I265+OCTUBRE!I265+NOVIEMBRE!I265+DICIEMBRE!I265 -> 0 | J10: =ENERO!J265+FEBRERO!J265+MARZO!J265+ABRIL!J265+MAYO!J265+JUNIO!J265+JULIO!J265+AGOSTO!J265+SEPTIEMBRE!J265+OCTUBRE!J265+NOVIEMBRE!J265+DICIEMBRE!J265 -> 0 | K10: =ENERO!K265+FEBRERO!K265+MARZO!K265+ABRIL!K265+MAYO!K265+JUNIO!K265+JULIO!K265+AGOSTO!K265+SEPTIEMBRE!K265+OCTUBRE!K265+NOVIEMBRE!K265+DICIEMBRE!K265 -> 0 | L10: =ENERO!L265+FEBRERO!L265+MARZO!L265+ABRIL!L265+MAYO!L265+JUNIO!L265+JULIO!L265+AGOSTO!L265+SEPTIEMBRE!L265+OCTUBRE!L265+NOVIEMBRE!L265+DICIEMBRE!L265 -> 0 | M10: =ENERO!M265+FEBRERO!M265+MARZO!M265+ABRIL!M265+MAYO!M265+JUNIO!M265+JULIO!M265+AGOSTO!M265+SEPTIEMBRE!M265+OCTUBRE!M265+NOVIEMBRE!M265+DICIEMBRE!M265 -> 0 | N10: =ENERO!N265+FEBRERO!N265+MARZO!N265+ABRIL!N265+MAYO!N265+JUNIO!N265+JULIO!N265+AGOSTO!N265+SEPTIEMBRE!N265+OCTUBRE!N265+NOVIEMBRE!N265+DICIEMBRE!N265 -> 0 | O10: =ENERO!O265+FEBRERO!O265+MARZO!O265+ABRIL!O265+MAYO!O265+JUNIO!O265+JULIO!O265+AGOSTO!O265+SEPTIEMBRE!O265+OCTUBRE!O265+NOVIEMBRE!O265+DICIEMBRE!O265 -> 0 | P10: =ENERO!P265+FEBRERO!P265+MARZO!P265+ABRIL!P265+MAYO!P265+JUNIO!P265+JULIO!P265+AGOSTO!P265+SEPTIEMBRE!P265+OCTUBRE!P265+NOVIEMBRE!P265+DICIEMBRE!P265 -> 0 | ... CO10: =ENERO!CO265+FEBRERO!CO265+MARZO!CO265+ABRIL!CO265+MAYO!CO265+JUNIO!CO265+JULIO!CO265+AGOSTO!CO265+SEPTIEMBRE!CO265+OCTUBRE!CO265+NOVIEMBRE!CO265+DICIEMBRE!CO265 -> 0
A11: Z07 | B11: ZAMORA CHINCHIPE | C11: PALANDA | D11: 19D03 | E11: 001937 | F11: EL PORVENIR DEL CARMEN | G11: NIVEL 1 | H11: PUESTO DE SALUD | I11: =ENERO!I266+FEBRERO!I266+MARZO!I266+ABRIL!I266+MAYO!I266+JUNIO!I266+JULIO!I266+AGOSTO!I266+SEPTIEMBRE!I266+OCTUBRE!I266+NOVIEMBRE!I266+DICIEMBRE!I266 -> 0 | J11: =ENERO!J266+FEBRERO!J266+MARZO!J266+ABRIL!J266+MAYO!J266+JUNIO!J266+JULIO!J266+AGOSTO!J266+SEPTIEMBRE!J266+OCTUBRE!J266+NOVIEMBRE!J266+DICIEMBRE!J266 -> 0 | K11: =ENERO!K266+FEBRERO!K266+MARZO!K266+ABRIL!K266+MAYO!K266+JUNIO!K266+JULIO!K266+AGOSTO!K266+SEPTIEMBRE!K266+OCTUBRE!K266+NOVIEMBRE!K266+DICIEMBRE!K266 -> 0 | L11: =ENERO!L266+FEBRERO!L266+MARZO!L266+ABRIL!L266+MAYO!L266+JUNIO!L266+JULIO!L266+AGOSTO!L266+SEPTIEMBRE!L266+OCTUBRE!L266+NOVIEMBRE!L266+DICIEMBRE!L266 -> 0 | M11: =ENERO!M266+FEBRERO!M266+MARZO!M266+ABRIL!M266+MAYO!M266+JUNIO!M266+JULIO!M266+AGOSTO!M266+SEPTIEMBRE!M266+OCTUBRE!M266+NOVIEMBRE!M266+DICIEMBRE!M266 -> 0 | N11: =ENERO!N266+FEBRERO!N266+MARZO!N266+ABRIL!N266+MAYO!N266+JUNIO!N266+JULIO!N266+AGOSTO!N266+SEPTIEMBRE!N266+OCTUBRE!N266+NOVIEMBRE!N266+DICIEMBRE!N266 -> 0 | O11: =ENERO!O266+FEBRERO!O266+MARZO!O266+ABRIL!O266+MAYO!O266+JUNIO!O266+JULIO!O266+AGOSTO!O266+SEPTIEMBRE!O266+OCTUBRE!O266+NOVIEMBRE!O266+DICIEMBRE!O266 -> 0 | P11: =ENERO!P266+FEBRERO!P266+MARZO!P266+ABRIL!P266+MAYO!P266+JUNIO!P266+JULIO!P266+AGOSTO!P266+SEPTIEMBRE!P266+OCTUBRE!P266+NOVIEMBRE!P266+DICIEMBRE!P266 -> 0 | ... CO11: =ENERO!CO266+FEBRERO!CO266+MARZO!CO266+ABRIL!CO266+MAYO!CO266+JUNIO!CO266+JULIO!CO266+AGOSTO!CO266+SEPTIEMBRE!CO266+OCTUBRE!CO266+NOVIEMBRE!CO266+DICIEMBRE!CO266 -> 0
A12: Z07 | B12: ZAMORA CHINCHIPE | C12: PALANDA | D12: 19D03 | E12: 001944 | F12: PALANDA | G12: NIVEL 1 | H12: CENTRO DE SALUD TIPO B | I12: =ENERO!I267+FEBRERO!I267+MARZO!I267+ABRIL!I267+MAYO!I267+JUNIO!I267+JULIO!I267+AGOSTO!I267+SEPTIEMBRE!I267+OCTUBRE!I267+NOVIEMBRE!I267+DICIEMBRE!I267 -> 0 | J12: =ENERO!J267+FEBRERO!J267+MARZO!J267+ABRIL!J267+MAYO!J267+JUNIO!J267+JULIO!J267+AGOSTO!J267+SEPTIEMBRE!J267+OCTUBRE!J267+NOVIEMBRE!J267+DICIEMBRE!J267 -> 0 | K12: =ENERO!K267+FEBRERO!K267+MARZO!K267+ABRIL!K267+MAYO!K267+JUNIO!K267+JULIO!K267+AGOSTO!K267+SEPTIEMBRE!K267+OCTUBRE!K267+NOVIEMBRE!K267+DICIEMBRE!K267 -> 0 | L12: =ENERO!L267+FEBRERO!L267+MARZO!L267+ABRIL!L267+MAYO!L267+JUNIO!L267+JULIO!L267+AGOSTO!L267+SEPTIEMBRE!L267+OCTUBRE!L267+NOVIEMBRE!L267+DICIEMBRE!L267 -> 0 | M12: =ENERO!M267+FEBRERO!M267+MARZO!M267+ABRIL!M267+MAYO!M267+JUNIO!M267+JULIO!M267+AGOSTO!M267+SEPTIEMBRE!M267+OCTUBRE!M267+NOVIEMBRE!M267+DICIEMBRE!M267 -> 0 | N12: =ENERO!N267+FEBRERO!N267+MARZO!N267+ABRIL!N267+MAYO!N267+JUNIO!N267+JULIO!N267+AGOSTO!N267+SEPTIEMBRE!N267+OCTUBRE!N267+NOVIEMBRE!N267+DICIEMBRE!N267 -> 0 | O12: =ENERO!O267+FEBRERO!O267+MARZO!O267+ABRIL!O267+MAYO!O267+JUNIO!O267+JULIO!O267+AGOSTO!O267+SEPTIEMBRE!O267+OCTUBRE!O267+NOVIEMBRE!O267+DICIEMBRE!O267 -> 0 | P12: =ENERO!P267+FEBRERO!P267+MARZO!P267+ABRIL!P267+MAYO!P267+JUNIO!P267+JULIO!P267+AGOSTO!P267+SEPTIEMBRE!P267+OCTUBRE!P267+NOVIEMBRE!P267+DICIEMBRE!P267 -> 0 | ... CO12: =ENERO!CO267+FEBRERO!CO267+MARZO!CO267+ABRIL!CO267+MAYO!CO267+JUNIO!CO267+JULIO!CO267+AGOSTO!CO267+SEPTIEMBRE!CO267+OCTUBRE!CO267+NOVIEMBRE!CO267+DICIEMBRE!CO267 -> 0
A13: Z07 | B13: ZAMORA CHINCHIPE | C13: PALANDA | D13: 19D03 | E13: 001945 | F13: VALLADOLID | G13: NIVEL 1 | H13: CENTRO DE SALUD TIPO A | I13: =ENERO!I268+FEBRERO!I268+MARZO!I268+ABRIL!I268+MAYO!I268+JUNIO!I268+JULIO!I268+AGOSTO!I268+SEPTIEMBRE!I268+OCTUBRE!I268+NOVIEMBRE!I268+DICIEMBRE!I268 -> 0 | J13: =ENERO!J268+FEBRERO!J268+MARZO!J268+ABRIL!J268+MAYO!J268+JUNIO!J268+JULIO!J268+AGOSTO!J268+SEPTIEMBRE!J268+OCTUBRE!J268+NOVIEMBRE!J268+DICIEMBRE!J268 -> 0 | K13: =ENERO!K268+FEBRERO!K268+MARZO!K268+ABRIL!K268+MAYO!K268+JUNIO!K268+JULIO!K268+AGOSTO!K268+SEPTIEMBRE!K268+OCTUBRE!K268+NOVIEMBRE!K268+DICIEMBRE!K268 -> 0 | L13: =ENERO!L268+FEBRERO!L268+MARZO!L268+ABRIL!L268+MAYO!L268+JUNIO!L268+JULIO!L268+AGOSTO!L268+SEPTIEMBRE!L268+OCTUBRE!L268+NOVIEMBRE!L268+DICIEMBRE!L268 -> 0 | M13: =ENERO!M268+FEBRERO!M268+MARZO!M268+ABRIL!M268+MAYO!M268+JUNIO!M268+JULIO!M268+AGOSTO!M268+SEPTIEMBRE!M268+OCTUBRE!M268+NOVIEMBRE!M268+DICIEMBRE!M268 -> 0 | N13: =ENERO!N268+FEBRERO!N268+MARZO!N268+ABRIL!N268+MAYO!N268+JUNIO!N268+JULIO!N268+AGOSTO!N268+SEPTIEMBRE!N268+OCTUBRE!N268+NOVIEMBRE!N268+DICIEMBRE!N268 -> 0 | O13: =ENERO!O268+FEBRERO!O268+MARZO!O268+ABRIL!O268+MAYO!O268+JUNIO!O268+JULIO!O268+AGOSTO!O268+SEPTIEMBRE!O268+OCTUBRE!O268+NOVIEMBRE!O268+DICIEMBRE!O268 -> 0 | P13: =ENERO!P268+FEBRERO!P268+MARZO!P268+ABRIL!P268+MAYO!P268+JUNIO!P268+JULIO!P268+AGOSTO!P268+SEPTIEMBRE!P268+OCTUBRE!P268+NOVIEMBRE!P268+DICIEMBRE!P268 -> 0 | ... CO13: =ENERO!CO268+FEBRERO!CO268+MARZO!CO268+ABRIL!CO268+MAYO!CO268+JUNIO!CO268+JULIO!CO268+AGOSTO!CO268+SEPTIEMBRE!CO268+OCTUBRE!CO268+NOVIEMBRE!CO268+DICIEMBRE!CO268 -> 0
A14: Z07 | B14: ZAMORA CHINCHIPE | C14: PALANDA | D14: 19D03 | E14: 001946 | F14: LA CANELA | G14: NIVEL 1 | H14: PUESTO DE SALUD | I14: =ENERO!I269+FEBRERO!I269+MARZO!I269+ABRIL!I269+MAYO!I269+JUNIO!I269+JULIO!I269+AGOSTO!I269+SEPTIEMBRE!I269+OCTUBRE!I269+NOVIEMBRE!I269+DICIEMBRE!I269 -> 0 | J14: =ENERO!J269+FEBRERO!J269+MARZO!J269+ABRIL!J269+MAYO!J269+JUNIO!J269+JULIO!J269+AGOSTO!J269+SEPTIEMBRE!J269+OCTUBRE!J269+NOVIEMBRE!J269+DICIEMBRE!J269 -> 0 | K14: =ENERO!K269+FEBRERO!K269+MARZO!K269+ABRIL!K269+MAYO!K269+JUNIO!K269+JULIO!K269+AGOSTO!K269+SEPTIEMBRE!K269+OCTUBRE!K269+NOVIEMBRE!K269+DICIEMBRE!K269 -> 0 | L14: =ENERO!L269+FEBRERO!L269+MARZO!L269+ABRIL!L269+MAYO!L269+JUNIO!L269+JULIO!L269+AGOSTO!L269+SEPTIEMBRE!L269+OCTUBRE!L269+NOVIEMBRE!L269+DICIEMBRE!L269 -> 0 | M14: =ENERO!M269+FEBRERO!M269+MARZO!M269+ABRIL!M269+MAYO!M269+JUNIO!M269+JULIO!M269+AGOSTO!M269+SEPTIEMBRE!M269+OCTUBRE!M269+NOVIEMBRE!M269+DICIEMBRE!M269 -> 0 | N14: =ENERO!N269+FEBRERO!N269+MARZO!N269+ABRIL!N269+MAYO!N269+JUNIO!N269+JULIO!N269+AGOSTO!N269+SEPTIEMBRE!N269+OCTUBRE!N269+NOVIEMBRE!N269+DICIEMBRE!N269 -> 0 | O14: =ENERO!O269+FEBRERO!O269+MARZO!O269+ABRIL!O269+MAYO!O269+JUNIO!O269+JULIO!O269+AGOSTO!O269+SEPTIEMBRE!O269+OCTUBRE!O269+NOVIEMBRE!O269+DICIEMBRE!O269 -> 0 | P14: =ENERO!P269+FEBRERO!P269+MARZO!P269+ABRIL!P269+MAYO!P269+JUNIO!P269+JULIO!P269+AGOSTO!P269+SEPTIEMBRE!P269+OCTUBRE!P269+NOVIEMBRE!P269+DICIEMBRE!P269 -> 0 | ... CO14: =ENERO!CO269+FEBRERO!CO269+MARZO!CO269+ABRIL!CO269+MAYO!CO269+JUNIO!CO269+JULIO!CO269+AGOSTO!CO269+SEPTIEMBRE!CO269+OCTUBRE!CO269+NOVIEMBRE!CO269+DICIEMBRE!CO269 -> 0
I15: =I2+I3+I4+I5+I6+I7+I8+I9+I10+I11+I12+I13+I14 -> 944 | J15: =J2+J3+J4+J5+J6+J7+J8+J9+J10+J11+J12+J13+J14 -> 7 | K15: =K2+K3+K4+K5+K6+K7+K8+K9+K10+K11+K12+K13+K14 -> 0 | L15: =L2+L3+L4+L5+L6+L7+L8+L9+L10+L11+L12+L13+L14 -> 4 | M15: =M2+M3+M4+M5+M6+M7+M8+M9+M10+M11+M12+M13+M14 -> 8 | N15: =N2+N3+N4+N5+N6+N7+N8+N9+N10+N11+N12+N13+N14 -> 168 | O15: =O2+O3+O4+O5+O6+O7+O8+O9+O10+O11+O12+O13+O14 -> 13 | P15: =P2+P3+P4+P5+P6+P7+P8+P9+P10+P11+P12+P13+P14 -> 2 | ... CO15: =CO2+CO3+CO4+CO5+CO6+CO7+CO8+CO9+CO10+CO11+CO12+CO13+CO14 -> 34
