Workbook

Sheet ENERO
A1: Zona | B1: provincia | C1: canton | D1: distrito | E1: unicodigo | F1: uni_nombre | G1: nivel | H1: tipo | I1: Establecimiento | J1: CNH | K1: CDI | L1: E. General Básica | M1: Bachillerato | N1: Atención Comunitaria | O1: Vistas Domiciliaras | P1: ext_OTROS | Q1: Hombre | R1: Mujer | S1: Pertenece_ES | T1: No_pertenece_ES | U1: Ecuatoriana | V1: Colombiana | W1: Peruana | X1: Cubana | Y1: Venezolana | Z1: Otras | AA1: Indigena | AB1: Afro ecuatoriano/ Afro descendiente | AC1: Negro/a | AD1: Mulato/a | AE1: Montubio/a | AF1: Mestizo/a | AG1: Blanco/a | AH1: Otro | AI1: Achuar | AJ1: Andoa | AK1: Awa | AL1: Chachi | AM1: Cofan | AN1: Epera | AO1: Huancavilca | AP1: Kichwa | AQ1: Manta | AR1: Secoya | AS1: Shiwiar | AT1: Shuar | AU1: Siona | AV1: Tsáchila | AW1: Waorani | AX1: Zapara | AY1: Chibuleo | AZ1: Kañari | BA1: Karanki | BB1: Kayambi | BC1: Kichwa Amazónico | BD1: Kisapincha | BE1: Kitukara | BF1: Natabuela | BG1: Otavalo | BH1: Paltas | BI1: Panzaleo | BJ1: Pastos | BK1: Puruha | BL1: Salasaka | BM1: Saraguro | BN1: Tomabela | BO1: Waramka | BP1: fIPV_1ano_1d | BQ1: HB_1ano_1d | BR1: DPT_1ano_1d | BS1: fIPV_1ano_2d | BT1: HB_1ano_2d | BU1: DPT_1ano_2d | BV1: bOPV_1ano_3d | BW1: HB_1ano_3d | BX1: DPT_1ano_3d | BY1: fIPV_2anos_1d | BZ1: SRP_2anos_1d | CA1: HB_2anos_1d | CB1: DPT_2anos_1d | CC1: fIPV_2anos_2d | CD1: SRP_2anos_2d | CE1: HB_2anos_2d | CF1: DPT_2anos_2d | CG1: bOPV_2anos_3d | CH1: HB_2anos_3d | CI1: DPT_2anos_3d | CJ1: bOPV_2anos_4d | CK1: DPT_2anos_4d | CL1: FA_2anos | CM1: fIPV_3anos_1d | CN1: SRP_3anos_1d | CO1: HB_3anos_1d | CP1: DPT_3anos_1d | CQ1: fIPV_3anos_2d | CR1: SRP_3anos_2d | CS1: HB_3anos_2d | CT1: DPT_3anos_2d | CU1: bOPV_3anos_3d | CV1: HB_3anos_3d | CW1: DPT_3anos_3d | CX1: bOPV_3anos_4d | CY1: DPT_3anos_4d | CZ1: FA_3anos | DA1: fIPV_4anos_1d | DB1: SRP_4anos_1d | DC1: HB_4anos_1d | DD1: DPT_4anos_1d | DE1: fIPV_4anos_2d | DF1: SRP_4anos_2d | DG1: HB_4anos_2d | DH1: DPT_4anos_2d | DI1: bOPV_4anos_3d | DJ1: HB_4anos_3d | DK1: DPT_4anos_3d | DL1: bOPV_4anos_4d | DM1: DPT_4anos_4d | DN1: FA_4anos | DO1: fIPV_5anos_1d | DP1: SRP_5anos_1d | DQ1: HB_5anos_1d | DR1: DPT_5anos_1d | DS1: fIPV_5anos_2d | DT1: SRP_5anos_2d | DU1: HB_5anos_2d | DV1: DPT_5anos_2d | DW1: bOPV_5anos_3d | DX1: HB_5anos_3d | DY1: DPT_5anos_3d | DZ1: bOPV_5anos_4d | EA1: DPT_5anos_4d | EB1: FA_5anos | EC1: SRP_6anos_1d | ED1: SRP_6anos_2d | EE1: FA_6anos | EF1: SR_7anos_1d | EG1: SR_7anos_2d | EH1: FA_7anos | EI1: FA_8anos | EJ1: dT adulto_7a14 años | EK1: FA_9a14 | EL1: FA_15a19 | EM1: FA_20a59 | EN1: SR_8a14_1d | EO1: SR_8a14_2d | EP1: SR_15a29_1d | EQ1: SR_15a29_2d | ER1: SR_30a50_1d | ES1: SR_30a50_2d | ET1: dTadulto_MEF_1D | EU1: dTadulto_MEF_2D | EV1: dTadulto_MEF_3D | EW1: dTadulto_MEF_4D | EX1: dTadulto_MEF_5D | EY1: dTadulto_EMB_1D | EZ1: dTadulto_EMB_2D | FA1: dTadulto_EMB_3D | FB1: dTadulto_EMB_4D | FC1: dTadulto_EMB_5D | FD1: dTadulto_HOMBRE_1D | FE1: dTadulto_HOMBRE_2D | FF1: dTadulto_HOMBRE_3D | FG1: dTadulto_HOMBRE_4D | FH1: dTadulto_HOMBRE_5D | FI1: HB_TSALUD_1D | FJ1: HB_TSALUD_2D | FK1: HB_TSALUD_3D | FL1: HB_ESTSALUD_1D | FM1: HB_ESTSALUD_2D | FN1: HB_ESTSALUD_3D | FO1: HB_TSEXUAL_1D | FP1: HB_TSEXUAL_2D | FQ1: HB_TSEXUAL_3D | FR1: HB_PVV_1D | FS1: HB_PVV_2D | FT1: HB_PVV_3D | FU1: HB_PPL_1D | FV1: HB_PPL_2D | FW1: HB_PPL_3D | FX1: HB_OGRUP_1D | FY1: HB_OGRUP_2D | FZ1: HB_OGRUP_3D | GA1: Inmunoglobulina_Antitetánica | GB1: Inmunoglobulina_Anti Hepatitis B | GC1: Inmunoglobulina_Antirrábica
A2: Z07 | B2: EL ORO | C2: ARENILLAS | D2: 07D05 | E2: 000541 | F2: SAN VICENTE | G2: NIVEL 1 | H2: CENTRO DE SALUD TIPO A
A3: Z07 | B3: EL ORO | C3: ARENILLAS | D3: 07D05 | E3: 000542 | F3: SAN ISIDRO URBANO | G3: NIVEL 1 | H3: CENTRO DE SALUD TIPO B
A4: Z07 | B4: EL ORO | C4: ARENILLAS | D4: 07D05 | E4: 000543 | F4: CAÑAS | G4: NIVEL 1 | H4: PUESTO DE SALUD
A5: Z07 | B5: EL ORO | C5: ARENILLAS | D5: 07D05 | E5: 000544 | F5: LA CUCA | G5: NIVEL 1 | H5: CENTRO DE SALUD TIPO A
A6: Z07 | B6: EL ORO | C6: ARENILLAS | D6: 07D05 | E6: 000545 | F6: CARCABON | G6: NIVEL 1 | H6: CENTRO DE SALUD TIPO A
A7: Z07 | B7: EL ORO | C7: ARENILLAS | D7: 07D05 | E7: 000546 | F7: CHACRAS | G7: NIVEL 1 | H7: CENTRO DE SALUD TIPO A
A8: Z07 | B8: EL ORO | C8: ARENILLAS | D8: 07D05 | E8: 000547 | F8: PALMALES | G8: NIVEL 1 | H8: CENTRO DE SALUD TIPO A
A9: Z07 | B9: EL ORO | C9: ARENILLAS | D9: 07D05 | E9: 000548 | F9: MANABI DE EL ORO | G9: NIVEL 1 | H9: PUESTO DE SALUD
A10: Z07 | B10: EL ORO | C10: ARENILLAS | D10: 07D05 | E10: 000591 | F10: HOSPITAL BASICO DE ARENILLAS | G10: NIVEL 2 | H10: HOSPITAL BASICO
A11: Z07 | B11: EL ORO | C11: ARENILLAS | D11: 07D05 | E11: 002763 | F11: EL JOBO SAN VICENTE | G11: NIVEL 1 | H11: PUESTO DE SALUD
A12: Z07 | B12: EL ORO | C12: ARENILLAS | D12: 07D05 | E12: 002900 | F12: CENTRO DE SALUD ARENILLAS | G12: NIVEL 1 | H12: CENTRO DE SALUD TIPO A
A13: Z07 | B13: EL ORO | C13: ATAHUALPA | D13: 07D03 | E13: 000576 | F13: AYAPAMBA | G13: NIVEL 1 | H13: CENTRO DE SALUD TIPO A
... A258: Z07 | B258: ZAMORA CHINCHIPE | C258: CHINCHIPE | D258: 19D03 | E258: 001902 | F258: EL CHORRO | G258: NIVEL 1 | H258: PUESTO DE SALUD
A259: Z07 | B259: ZAMORA CHINCHIPE | C259: CHINCHIPE | D259: 19D03 | E259: 001903 | F259: CHITO | G259: NIVEL 1 | H259: CENTRO DE SALUD TIPO A | I259: 6 | O259: 7 | Q259: 3 | R259: 10 | S259: 6 | T259: 7 | U259: 8 | V259: 2 | Y259: 3 | AF259: 8 | AH259: 5 | EL259: 2 | EM259: 2 | ET259: 2 | EY259: 1 | FD259: 2 | FO259: 3 | FP259: 2 | FQ259: 1
A260: Z07 | B260: ZAMORA CHINCHIPE | C260: CHINCHIPE | D260: 19D03 | E260: 001921 | F260: LA GUAYUZA | G260: NIVEL 1 | H260: PUESTO DE SALUD | I260: 1 | Q260: 1 | S260: 1 | U260: 1 | AF260: 1 | FD260: 1
A261: Z07 | B261: ZAMORA CHINCHIPE | C261: CHINCHIPE | D261: 19D03 | E261: 001922 | F261: LA DIVERSION | G261: NIVEL 1 | H261: CENTRO DE SALUD TIPO A | I261: 1 | R261: 1 | S261: 1 | U261: 1 | AF261: 1 | EM261: 1
A262: Z07 | B262: ZAMORA CHINCHIPE | C262: CHINCHIPE | D262: 19D03 | E262: 001923 | F262: SAN ANDRES | G262: NIVEL 1 | H262: PUESTO DE SALUD | I262: 2 | Q262: 1 | R262: 1 | S262: 2 | U262: 2 | AF262: 2 | EM262: 2
A263: Z07 | B263: ZAMORA CHINCHIPE | C263: CHINCHIPE | D263: 19D03 | E263: 001949 | F263: HOSPITAL BASICO DE ZUMBA | G263: NIVEL 2 | H263: HOSPITAL BASICO
A264: Z07 | B264: ZAMORA CHINCHIPE | C264: CHINCHIPE | D264: 19D03 | E264: 002846 | F264: CENTRO DE SALUD DE ZUMBA | G264: NIVEL 1 | H264: CENTRO DE SALUD TIPO A | I264: 46 | P264: 4 | Q264: 17 | R264: 33 | S264: 50 | U264: 50 | AF264: 50 | EI264: 1 | EM264: 22 | ET264: 4 | EU264: 2 | EV264: 4 | EY264: 8 | EZ264: 8 | FA264: 1 | FC264: 1 | FD264: 2 | FE264: 1 | FI264: 1 | FJ264: 1 | FK264: 1 | FO264: 3 | FP264: 1 | FQ264: 1
A265: Z07 | B265: ZAMORA CHINCHIPE | C265: EL PANGUI | D265: 19D04 | E265: 001912 | F265: PACHICUTZA | G265: NIVEL 1 | H265: PUESTO DE SALUD
A266: Z07 | B266: ZAMORA CHINCHIPE | C266: EL PANGUI | D266: 19D04 | E266: 001913 | F266: EL PANGUI | G266: NIVEL 1 | H266: CENTRO DE SALUD TIPO B
A267: Z07 | B267: ZAMORA CHINCHIPE | C267: EL PANGUI | D267: 19D04 | E267: 001914 | F267: TUNDAYME | G267: NIVEL 1 | H267: PUESTO DE SALUD
A268: Z07 | B268: ZAMORA CHINCHIPE | C268: EL PANGUI | D268: 19D04 | E268: 001933 | F268: EL GUISMI | G268: NIVEL 1 | H268: PUESTO DE SALUD
A269: Z07 | B269: ZAMORA CHINCHIPE | C269: EL PANGUI | D269: 19D04 | E269: 001934 | F269: CHUCHUMBLETZA | G269: NIVEL 1 | H269: PUESTO DE SALUD
A270: Z07 | B270: ZAMORA CHINCHIPE | C270: NANGARITZA | D270: 19D02 | E270: 001906 | F270: NUEVO PARAISO | G270: NIVEL 1 | H270: PUESTO DE SALUD
A271: Z07 | B271: ZAMORA CHINCHIPE | C271: NANGARITZA | D271: 19D02 | E271: 001907 | F271: SHAIMI | G271: NIVEL 1 | H271: PUESTO DE SALUD
A272: Z07 | B272: ZAMORA CHINCHIPE | C272: NANGARITZA | D272: 19D02 | E272: 001908 | F272: GERANIOS | G272: NIVEL 1 | H272: PUESTO DE SALUD
A273: Z07 | B273: ZAMORA CHINCHIPE | C273: NANGARITZA | D273: 19D02 | E273: 001909 | F273: ZURMI | G273: NIVEL 1 | H273: PUESTO DE SALUD
A274: Z07 | B274: ZAMORA CHINCHIPE | C274: NANGARITZA | D274: 19D02 | E274: 001925 | F274: SANTA ELENA | G274: NIVEL 1 | H274: PUESTO DE SALUD
A275: Z07 | B275: ZAMORA CHINCHIPE | C275: NANGARITZA | D275: 19D02 | E275: 001926 | F275: GUAYZIMI | G275: NIVEL 1 | H275: CENTRO DE SALUD TIPO A
A276: Z07 | B276: ZAMORA CHINCHIPE | C276: PALANDA | D276: 19D03 | E276: 001904 | F276: SAN FRANCISCO DEL VERGEL | G276: NIVEL 1 | H276: PUESTO DE SALUD | I276: 12 | Q276: 3 | R276: 9 | S276: 8 | T276: 4 | U276: 12 | AF276: 12 | EM276: 3 | ET276: 1 | EV276: 1 | EY276: 2 | EZ276: 3 | FD276: 3
A277: Z07 | B277: ZAMORA CHINCHIPE | C277: PALANDA | D277: 19D03 | E277: 001937 | F277: EL PORVENIR DEL CARMEN | G277: NIVEL 1 | H277: PUESTO DE SALUD | I277: 7 | Q277: 3 | R277: 4 | S277: 7 | U277: 7 | AF277: 7 | EV277: 1 | EW277: 1 | EY277: 1 | EZ277: 1 | FE277: 1 | FG277: 1 | FH277: 1 | FJ277: 1
A278: Z07 | B278: ZAMORA CHINCHIPE | C278: PALANDA | D278: 19D03 | E278: 001944 | F278: PALANDA | G278: NIVEL 1 | H278: CENTRO DE SALUD TIPO B | I278: 34 | Q278: 13 | R278: 21 | S278: 34 | U278: 34 | AF278: 34 | EM278: 14 | ET278: 1 | EU278: 1 | EV278: 1 | EW278: 1 | EY278: 7 | EZ278: 8 | FD278: 2 | FX278: 1
A279: Z07 | B279: ZAMORA CHINCHIPE | C279: PALANDA | D279: 19D03 | E279: 001945 | F279: VALLADOLID | G279: NIVEL 1 | H279: CENTRO DE SALUD TIPO A | I279: 7 | Q279: 3 | R279: 4 | S279: 7 | U279: 7 | AF279: 7 | EM279: 2 | EW279: 1 | EZ279: 2 | FD279: 1 | FE279: 1 | FX279: 1
A280: Z07 | B280: ZAMORA CHINCHIPE | C280: PALANDA | D280: 19D03 | E280: 001946 | F280: LA CANELA | G280: NIVEL 1 | H280: PUESTO DE SALUD | I280: 7 | Q280: 1 | R280: 6 | S280: 6 | T280: 1 | U280: 7 | AF280: 7 | EY280: 5 | EZ280: 1 | FH280: 1
A281: Z07 | B281: ZAMORA CHINCHIPE | C281: PAQUISHA | D281: 19D02 | E281: 001899 | F281: PAQUISHA | G281: NIVEL 1 | H281: CENTRO DE SALUD TIPO B
A282: Z07 | B282: ZAMORA CHINCHIPE | C282: PAQUISHA | D282: 19D02 | E282: 001941 | F282: BELLAVISTA | G282: NIVEL 1 | H282: PUESTO DE SALUD
A283: Z07 | B283: ZAMORA CHINCHIPE | C283: PAQUISHA | D283: 19D02 | E283: 001942 | F283: CHINAPINTZA | G283: NIVEL 1 | H283: PUESTO DE SALUD
A284: Z07 | B284: ZAMORA CHINCHIPE | C284: PAQUISHA | D284: 19D02 | E284: 001943 | F284: CISAM | G284: NIVEL 1 | H284: PUESTO DE SALUD
A285: Z07 | B285: ZAMORA CHINCHIPE | C285: YACUAMBI | D285: 19D01 | E285: 001916 | F285: JEMBUENTZA | G285: NIVEL 1 | H285: PUESTO DE SALUD
A286: Z07 | B286: ZAMORA CHINCHIPE | C286: YACUAMBI | D286: 19D01 | E286: 001927 | F286: 28 DE MAYO (YACUAMBI) | G286: NIVEL 1 | H286: CENTRO DE SALUD TIPO A
A287: Z07 | B287: ZAMORA CHINCHIPE | C287: YACUAMBI | D287: 19D01 | E287: 001928 | F287: LA ESPERANZA | G287: NIVEL 1 | H287: PUESTO DE SALUD
A288: Z07 | B288: ZAMORA CHINCHIPE | C288: YACUAMBI | D288: 19D01 | E288: 001929 | F288: CHAPINTZA | G288: NIVEL 1 | H288: PUESTO DE SALUD
A289: Z07 | B289: ZAMORA CHINCHIPE | C289: YACUAMBI | D289: 19D01 | E289: 001930 | F289: LA PAZ | G289: NIVEL 1 | H289: PUESTO DE SALUD
A290: Z07 | B290: ZAMORA CHINCHIPE | C290: YACUAMBI | D290: 19D01 | E290: 001931 | F290: TUTUPALI | G290: NIVEL 1 | H290: PUESTO DE SALUD
A291: Z07 | B291: ZAMORA CHINCHIPE | C291: YANTZAZA | D291: 19D04 | E291: 001898 | F291: SAN VICENTE DE CANEY | G291: NIVEL 1 | H291: PUESTO DE SALUD
A292: Z07 | B292: ZAMORA CHINCHIPE | C292: YANTZAZA | D292: 19D04 | E292: 001932 | F292: CHICAÑA | G292: NIVEL 1 | H292: CENTRO DE SALUD TIPO A
... A309: Z07 | B309: ZAMORA CHINCHIPE | C309: ZAMORA | D309: 19D01 | E309: 002837 | F309: CENTRO DE SALUD ZAMORA | G309: NIVEL 1 | H309: CENTRO DE SALUD TIPO A
I310: =I257+I258+I259+I260+I261+I262+I263+I264+I276+I277+I278+I279+I280 -> 123 | J310: =J257+J258+J259+J260+J261+J262+J263+J264+J276+J277+J278+J279+J280 -> 0 | K310: =K257+K258+K259+K260+K261+K262+K263+K264+K276+K277+K278+K279+K280 -> 0 | L310: =L257+L258+L259+L260+L261+L262+L263+L264+L276+L277+L278+L279+L280 -> 0 | M310: =M257+M258+M259+M260+M261+M262+M263+M264+M276+M277+M278+M279+M280 -> 0 | N310: =N257+N258+N259+N260+N261+N262+N263+N264+N276+N277+N278+N279+N280 -> 0 | O310: =O257+O258+O259+O260+O261+O262+O263+O264+O276+O277+O278+O279+O280 -> 7 | P310: =P257+P258+P259+P260+P261+P262+P263+P264+P276+P277+P278+P279+P280 -> 4 | ... GD310: =GD257+GD258+GD259+GD260+GD261+GD262+GD263+GD264+GD276+GD277+GD278+GD279+GD280 -> 0

Sheet FEBRERO
A1: Zona | B1: provincia | C1: canton | D1: distrito | E1: unicodigo | F1: uni_nombre | G1: nivel | H1: tipo | I1: Establecimiento | J1: CNH | K1: CDI | L1: E. General Básica | M1: Bachillerato | N1: Atención Comunitaria | O1: Vistas Domiciliaras | P1: ext_OTROS | Q1: Hombre | R1: Mujer | S1: Pertenece_ES | T1: No_pertenece_ES | U1: Ecuatoriana | V1: Colombiana | W1: Peruana | X1: Cubana | Y1: Venezolana | Z1: Otras | AA1: Indigena | AB1: Afro ecuatoriano/ Afro descendiente | AC1: Negro/a | AD1: Mulato/a | AE1: Montubio/a | AF1: Mestizo/a | AG1: Blanco/a | AH1: Otro | AI1: Achuar | AJ1: Andoa | AK1: Awa | AL1: Chachi | AM1: Cofan | AN1: Epera | AO1: Huancavilca | AP1: Kichwa | AQ1: Manta | AR1: Secoya | AS1: Shiwiar | AT1: Shuar | AU1: Siona | AV1: Tsáchila | AW1: Waorani | AX1: Zapara | AY1: Chibuleo | AZ1: Kañari | BA1: Karanki | BB1: Kayambi | BC1: Kichwa Amazónico | BD1: Kisapincha | BE1: Kitukara | BF1: Natabuela | BG1: Otavalo | BH1: Paltas | BI1: Panzaleo | BJ1: Pastos | BK1: Puruha | BL1: Salasaka | BM1: Saraguro | BN1: Tomabela | BO1: Waramka | BP1: fIPV_1ano_1d | BQ1: HB_1ano_1d | BR1: DPT_1ano_1d | BS1: fIPV_1ano_2d | BT1: HB_1ano_2d | BU1: DPT_1ano_2d | BV1: bOPV_1ano_3d | BW1: HB_1ano_3d | BX1: DPT_1ano_3d | BY1: fIPV_2anos_1d | BZ1: SRP_2anos_1d | CA1: HB_2anos_1d | CB1: DPT_2anos_1d | CC1: fIPV_2anos_2d | CD1: SRP_2anos_2d | CE1: HB_2anos_2d | CF1: DPT_2anos_2d | CG1: bOPV_2anos_3d | CH1: HB_2anos_3d | CI1: DPT_2anos_3d | CJ1: bOPV_2anos_4d | CK1: DPT_2anos_4d | CL1: FA_2anos | CM1: fIPV_3anos_1d | CN1: SRP_3anos_1d | CO1: HB_3anos_1d | CP1: DPT_3anos_1d | CQ1: fIPV_3anos_2d | CR1: SRP_3anos_2d | CS1: HB_3anos_2d | CT1: DPT_3anos_2d | CU1: bOPV_3anos_3d | CV1: HB_3anos_3d | CW1: DPT_3anos_3d | CX1: bOPV_3anos_4d | CY1: DPT_3anos_4d | CZ1: FA_3anos | DA1: fIPV_4anos_1d | DB1: SRP_4anos_1d | DC1: HB_4anos_1d | DD1: DPT_4anos_1d | DE1: fIPV_4anos_2d | DF1: SRP_4anos_2d | DG1: HB_4anos_2d | DH1: DPT_4anos_2d | DI1: bOPV_4anos_3d | DJ1: HB_4anos_3d | DK1: DPT_4anos_3d | DL1: bOPV_4anos_4d | DM1: DPT_4anos_4d | DN1: FA_4anos | DO1: fIPV_5anos_1d | DP1: SRP_5anos_1d | DQ1: HB_5anos_1d | DR1: DPT_5anos_1d | DS1: fIPV_5anos_2d | DT1: SRP_5anos_2d | DU1: HB_5anos_2d | DV1: DPT_5anos_2d | DW1: bOPV_5anos_3d | DX1: HB_5anos_3d | DY1: DPT_5anos_3d | DZ1: bOPV_5anos_4d | EA1: DPT_5anos_4d | EB1: FA_5anos | EC1: SRP_6anos_1d | ED1: SRP_6anos_2d | EE1: FA_6anos | EF1: SR_7anos_1d | EG1: SR_7anos_2d | EH1: FA_7anos | EI1: FA_8anos | EJ1: dT adulto_7a14 años | EK1: FA_9a14 | EL1: FA_15a19 | EM1: FA_20a59 | EN1: SR_8a14_1d | EO1: SR_8a14_2d | EP1: SR_15a29_1d | EQ1: SR_15a29_2d | ER1: SR_30a50_1d | ES1: SR_30a50_2d | ET1: dTadulto_MEF_1D | EU1: dTadulto_MEF_2D | EV1: dTadulto_MEF_3D | EW1: dTadulto_MEF_4D | EX1: dTadulto_MEF_5D | EY1: dTadulto_EMB_1D | EZ1: dTadulto_EMB_2D | FA1: dTadulto_EMB_3D | FB1: dTadulto_EMB_4D | FC1: dTadulto_EMB_5D | FD1: dTadulto_HOMBRE_1D | FE1: dTadulto_HOMBRE_2D | FF1: dTadulto_HOMBRE_3D | FG1: dTadulto_HOMBRE_4D | FH1: dTadulto_HOMBRE_5D | FI1: HB_TSALUD_1D | FJ1: HB_TSALUD_2D | FK1: HB_TSALUD_3D | FL1: HB_ESTSALUD_1D | FM1: HB_ESTSALUD_2D | FN1: HB_ESTSALUD_3D | FO1: HB_TSEXUAL_1D | FP1: HB_TSEXUAL_2D | FQ1: HB_TSEXUAL_3D | FR1: HB_PVV_1D | FS1: HB_PVV_2D | FT1: HB_PVV_3D | FU1: HB_PPL_1D | FV1: HB_PPL_2D | FW1: HB_PPL_3D | FX1: HB_OGRUP_1D | FY1: HB_OGRUP_2D | FZ1: HB_OGRUP_3D | GA1: Inmunoglobulina_Antitetánica | GB1: Inmunoglobulina_Anti Hepatitis B | GC1: Inmunoglobulina_Antirrábica
A2: Z07 | B2: EL ORO | C2: ARENILLAS | D2: 07D05 | E2: 000541 | F2: SAN VICENTE | G2: NIVEL 1 | H2: CENTRO DE SALUD TIPO A
A3: Z07 | B3: EL ORO | C3: ARENILLAS | D3: 07D05 | E3: 000542 | F3: SAN ISIDRO URBANO | G3: NIVEL 1 | H3: CENTRO DE SALUD TIPO B
A4: Z07 | B4: EL ORO | C4: ARENILLAS | D4: 07D05 | E4: 000543 | F4: CAÑAS | G4: NIVEL 1 | H4: PUESTO DE SALUD
A5: Z07 | B5: EL ORO | C5: ARENILLAS | D5: 07D05 | E5: 000544 | F5: LA CUCA | G5: NIVEL 1 | H5: CENTRO DE SALUD TIPO A
A6: Z07 | B6: EL ORO | C6: ARENILLAS | D6: 07D05 | E6: 000545 | F6: CARCABON | G6: NIVEL 1 | H6: CENTRO DE SALUD TIPO A
A7: Z07 | B7: EL ORO | C7: ARENILLAS | D7: 07D05 | E7: 000546 | F7: CHACRAS | G7: NIVEL 1 | H7: CENTRO DE SALUD TIPO A
A8: Z07 | B8: EL ORO | C8: ARENILLAS | D8: 07D05 | E8: 000547 | F8: PALMALES | G8: NIVEL 1 | H8: CENTRO DE SALUD TIPO A
A9: Z07 | B9: EL ORO | C9: ARENILLAS | D9: 07D05 | E9: 000548 | F9: MANABI DE EL ORO | G9: NIVEL 1 | H9: PUESTO DE SALUD
A10: Z07 | B10: EL ORO | C10: ARENILLAS | D10: 07D05 | E10: 000591 | F10: HOSPITAL BASICO DE ARENILLAS | G10: NIVEL 2 | H10: HOSPITAL BASICO
A11: Z07 | B11: EL ORO | C11: ARENILLAS | D11: 07D05 | E11: 002763 | F11: EL JOBO SAN VICENTE | G11: NIVEL 1 | H11: PUESTO DE SALUD
A12: Z07 | B12: EL ORO | C12: ARENILLAS | D12: 07D05 | E12: 002900 | F12: CENTRO DE SALUD ARENILLAS | G12: NIVEL 1 | H12: CENTRO DE SALUD TIPO A
A13: Z07 | B13: EL ORO | C13: ATAHUALPA | D13: 07D03 | E13: 000576 | F13: AYAPAMBA | G13: NIVEL 1 | H13: CENTRO DE SALUD TIPO A
... A256: Z07 | B256: ZAMORA CHINCHIPE | C256: CENTINELA DEL CONDOR | D256: 19D02 | E256: 001900 | F256: ZUMBI | G256: NIVEL 1 | H256: CENTRO DE SALUD TIPO A
A257: Z07 | B257: ZAMORA CHINCHIPE | C257: CHINCHIPE | D257: 19D03 | E257: 001901 | F257: LA CHONTA | G257: NIVEL 1 | H257: CENTRO DE SALUD TIPO A | I257: 5 | P257: 3 | Q257: 2 | R257: 6 | S257: 5 | T257: 3 | U257: 8 | AA257: 1 | AF257: 7 | EM257: 6 | ET257: 6 | EY257: 1
A258: Z07 | B258: ZAMORA CHINCHIPE | C258: CHINCHIPE | D258: 19D03 | E258: 001902 | F258: EL CHORRO | G258: NIVEL 1 | H258: PUESTO DE SALUD
A259: Z07 | B259: ZAMORA CHINCHIPE | C259: CHINCHIPE | D259: 19D03 | E259: 001903 | F259: CHITO | G259: NIVEL 1 | H259: CENTRO DE SALUD TIPO A | I259: 7 | O259: 3 | Q259: 6 | R259: 4 | S259: 10 | U259: 10 | AF259: 10 | EM259: 6 | EY259: 2 | EZ259: 2
A260: Z07 | B260: ZAMORA CHINCHIPE | C260: CHINCHIPE | D260: 19D03 | E260: 001921 | F260: LA GUAYUZA | G260: NIVEL 1 | H260: PUESTO DE SALUD | I260: 1 | R260: 1 | S260: 1 | U260: 1 | AF260: 1 | EY260: 1
A261: Z07 | B261: ZAMORA CHINCHIPE | C261: CHINCHIPE | D261: 19D03 | E261: 001922 | F261: LA DIVERSION | G261: NIVEL 1 | H261: CENTRO DE SALUD TIPO A
A262: Z07 | B262: ZAMORA CHINCHIPE | C262: CHINCHIPE | D262: 19D03 | E262: 001923 | F262: SAN ANDRES | G262: NIVEL 1 | H262: PUESTO DE SALUD | I262: 3 | Q262: 1 | R262: 2 | S262: 3 | U262: 3 | AF262: 3 | EZ262: 1 | FH262: 1 | FX262: 1
A263: Z07 | B263: ZAMORA CHINCHIPE | C263: CHINCHIPE | D263: 19D03 | E263: 001949 | F263: HOSPITAL BASICO DE ZUMBA | G263: NIVEL 2 | H263: HOSPITAL BASICO | I263: 1 | Q263: 1 | S263: 1 | U263: 1 | AF263: 1 | GB263: 4
A264: Z07 | B264: ZAMORA CHINCHIPE | C264: CHINCHIPE | D264: 19D03 | E264: 002846 | F264: CENTRO DE SALUD DE ZUMBA | G264: NIVEL 1 | H264: CENTRO DE SALUD TIPO A | I264: 40 | Q264: 11 | R264: 29 | S264: 40 | U264: 39 | V264: 1 | AF264: 39 | AH264: 1 | CD264: 1 | CJ264: 1 | CK264: 1 | EL264: 1 | EM264: 10 | ET264: 2 | EU264: 5 | EW264: 2 | EY264: 7 | EZ264: 6 | FC264: 1 | FD264: 2 | FE264: 1 | FJ264: 1 | FK264: 2 | FO264: 1 | FP264: 2 | FQ264: 2 | FX264: 2
A265: Z07 | B265: ZAMORA CHINCHIPE | C265: EL PANGUI | D265: 19D04 | E265: 001912 | F265: PACHICUTZA | G265: NIVEL 1 | H265: PUESTO DE SALUD
A266: Z07 | B266: ZAMORA CHINCHIPE | C266: EL PANGUI | D266: 19D04 | E266: 001913 | F266: EL PANGUI | G266: NIVEL 1 | H266: CENTRO DE SALUD TIPO B
A267: Z07 | B267: ZAMORA CHINCHIPE | C267: EL PANGUI | D267: 19D04 | E267: 001914 | F267: TUNDAYME | G267: NIVEL 1 | H267: PUESTO DE SALUD
A268: Z07 | B268: ZAMORA CHINCHIPE | C268: EL PANGUI | D268: 19D04 | E268: 001933 | F268: EL GUISMI | G268: NIVEL 1 | H268: PUESTO DE SALUD
A269: Z07 | B269: ZAMORA CHINCHIPE | C269: EL PANGUI | D269: 19D04 | E269: 001934 | F269: CHUCHUMBLETZA | G269: NIVEL 1 | H269: PUESTO DE SALUD
A270: Z07 | B270: ZAMORA CHINCHIPE | C270: NANGARITZA | D270: 19D02 | E270: 001906 | F270: NUEVO PARAISO | G270: NIVEL 1 | H270: PUESTO DE SALUD
A271: Z07 | B271: ZAMORA CHINCHIPE | C271: NANGARITZA | D271: 19D02 | E271: 001907 | F271: SHAIMI | G271: NIVEL 1 | H271: PUESTO DE SALUD
A272: Z07 | B272: ZAMORA CHINCHIPE | C272: NANGARITZA | D272: 19D02 | E272: 001908 | F272: GERANIOS | G272: NIVEL 1 | H272: PUESTO DE SALUD
A273: Z07 | B273: ZAMORA CHINCHIPE | C273: NANGARITZA | D273: 19D02 | E273: 001909 | F273: ZURMI | G273: NIVEL 1 | H273: PUESTO DE SALUD
A274: Z07 | B274: ZAMORA CHINCHIPE | C274: NANGARITZA | D274: 19D02 | E274: 001925 | F274: SANTA ELENA | G274: NIVEL 1 | H274: PUESTO DE SALUD
A275: Z07 | B275: ZAMORA CHINCHIPE | C275: NANGARITZA | D275: 19D02 | E275: 001926 | F275: GUAYZIMI | G275: NIVEL 1 | H275: CENTRO DE SALUD TIPO A
A276: Z07 | B276: ZAMORA CHINCHIPE | C276: PALANDA | D276: 19D03 | E276: 001904 | F276: SAN FRANCISCO DEL VERGEL | G276: NIVEL 1 | H276: PUESTO DE SALUD | I276: 6 | J276: 1 | O276: 1 | R276: 8 | S276: 8 | U276: 8 | AF276: 8 | EY276: 3 | EZ276: 3 | FA276: 2
A277: Z07 | B277: ZAMORA CHINCHIPE | C277: PALANDA | D277: 19D03 | E277: 001937 | F277: EL PORVENIR DEL CARMEN | G277: NIVEL 1 | H277: PUESTO DE SALUD | I277: 4 | R277: 4 | S277: 4 | U277: 4 | AF277: 4 | EV277: 1 | EW277: 1 | EX277: 1 | FC277: 1
A278: Z07 | B278: ZAMORA CHINCHIPE | C278: PALANDA | D278: 19D03 | E278: 001944 | F278: PALANDA | G278: NIVEL 1 | H278: CENTRO DE SALUD TIPO B | I278: 32 | Q278: 16 | R278: 16 | S278: 32 | U278: 32 | AF278: 32 | EK278: 1 | EM278: 16 | ET278: 3 | EW278: 2 | EZ278: 5 | FA278: 1 | FD278: 4 | FE278: 3 | FF278: 1 | FG278: 1
A279: Z07 | B279: ZAMORA CHINCHIPE | C279: PALANDA | D279: 19D03 | E279: 001945 | F279: VALLADOLID | G279: NIVEL 1 | H279: CENTRO DE SALUD TIPO A | I279: 13 | Q279: 10 | R279: 3 | S279: 13 | U279: 13 | AF279: 13 | EM279: 5 | EP279: 1 | ER279: 1 | EZ279: 1 | FD279: 3 | FX279: 3
A280: Z07 | B280: ZAMORA CHINCHIPE | C280: PALANDA | D280: 19D03 | E280: 001946 | F280: LA CANELA | G280: NIVEL 1 | H280: PUESTO DE SALUD | I280: 3 | Q280: 2 | R280: 1 | S280: 3 | U280: 3 | AF280: 3 | EM280: 3
A281: Z07 | B281: ZAMORA CHINCHIPE | C281: PAQUISHA | D281: 19D02 | E281: 001899 | F281: PAQUISHA | G281: NIVEL 1 | H281: CENTRO DE SALUD TIPO B
A282: Z07 | B282: ZAMORA CHINCHIPE | C282: PAQUISHA | D282: 19D02 | E282: 001941 | F282: BELLAVISTA | G282: NIVEL 1 | H282: PUESTO DE SALUD
A283: Z07 | B283: ZAMORA CHINCHIPE | C283: PAQUISHA | D283: 19D02 | E283: 001942 | F283: CHINAPINTZA | G283: NIVEL 1 | H283: PUESTO DE SALUD
A284: Z07 | B284: ZAMORA CHINCHIPE | C284: PAQUISHA | D284: 19D02 | E284: 001943 | F284: CISAM | G284: NIVEL 1 | H284: PUESTO DE SALUD
A285: Z07 | B285: ZAMORA CHINCHIPE | C285: YACUAMBI | D285: 19D01 | E285: 001916 | F285: JEMBUENTZA | G285: NIVEL 1 | H285: PUESTO DE SALUD
A286: Z07 | B286: ZAMORA CHINCHIPE | C286: YACUAMBI | D286: 19D01 | E286: 001927 | F286: 28 DE MAYO (YACUAMBI) | G286: NIVEL 1 | H286: CENTRO DE SALUD TIPO A
A287: Z07 | B287: ZAMORA CHINCHIPE | C287: YACUAMBI | D287: 19D01 | E287: 001928 | F287: LA ESPERANZA | G287: NIVEL 1 | H287: PUESTO DE SALUD
A288: Z07 | B288: ZAMORA CHINCHIPE | C288: YACUAMBI | D288: 19D01 | E288: 001929 | F288: CHAPINTZA | G288: NIVEL 1 | H288: PUESTO DE SALUD
A289: Z07 | B289: ZAMORA CHINCHIPE | C289: YACUAMBI | D289: 19D01 | E289: 001930 | F289: LA PAZ | G289: NIVEL 1 | H289: PUESTO DE SALUD
A290: Z07 | B290: ZAMORA CHINCHIPE | C290: YACUAMBI | D290: 19D01 | E290: 001931 | F290: TUTUPALI | G290: NIVEL 1 | H290: PUESTO DE SALUD
A291: Z07 | B291: ZAMORA CHINCHIPE | C291: YANTZAZA | D291: 19D04 | E291: 001898 | F291: SAN VICENTE DE CANEY | G291: NIVEL 1 | H291: PUESTO DE SALUD
A292: Z07 | B292: ZAMORA CHINCHIPE | C292: YANTZAZA | D292: 19D04 | E292: 001932 | F292: CHICAÑA | G292: NIVEL 1 | H292: CENTRO DE SALUD TIPO A
... A309: Z07 | B309: ZAMORA CHINCHIPE | C309: ZAMORA | D309: 19D01 | E309: 002837 | F309: CENTRO DE SALUD ZAMORA | G309: NIVEL 1 | H309: CENTRO DE SALUD TIPO A
I310: =I257+I258+I259+I260+I261+I262+I263+I264+I276+I277+I278+I279+I280 -> 115 | J310: =J257+J258+J259+J260+J261+J262+J263+J264+J276+J277+J278+J279+J280 -> 1 | K310: =K257+K258+K259+K260+K261+K262+K263+K264+K276+K277+K278+K279+K280 -> 0 | L310: =L257+L258+L259+L260+L261+L262+L263+L264+L276+L277+L278+L279+L280 -> 0 | M310: =M257+M258+M259+M260+M261+M262+M263+M264+M276+M277+M278+M279+M280 -> 0 | N310: =N257+N258+N259+N260+N261+N262+N263+N264+N276+N277+N278+N279+N280 -> 0 | O310: =O257+O258+O259+O260+O261+O262+O263+O264+O276+O277+O278+O279+O280 -> 4 | P310: =P257+P258+P259+P260+P261+P262+P263+P264+P276+P277+P278+P279+P280 -> 3 | ... GC310: =GC257+GC258+GC259+GC260+GC261+GC262+GC263+GC264+GC276+GC277+GC278+GC279+GC280 -> 0

Sheet MARZO
A1: Zona | B1: provincia | C1: canton | D1: distrito | E1: unicodigo | F1: uni_nombre | G1: nivel | H1: tipo | I1: Establecimiento | J1: CNH | K1: CDI | L1: E. General Básica | M1: Bachillerato | N1: Atención Comunitaria | O1: Vistas Domiciliaras | P1: ext_OTROS | Q1: Hombre | R1: Mujer | S1: Pertenece_ES | T1: No_pertenece_ES | U1: Ecuatoriana | V1: Colombiana | W1: Peruana | X1: Cubana | Y1: Venezolana | Z1: Otras | AA1: Indigena | AB1: Afro ecuatoriano/ Afro descendiente | AC1: Negro/a | AD1: Mulato/a | AE1: Montubio/a | AF1: Mestizo/a | AG1: Blanco/a | AH1: Otro | AI1: Achuar | AJ1: Andoa | AK1: Awa | AL1: Chachi | AM1: Cofan | AN1: Epera | AO1: Huancavilca | AP1: Kichwa | AQ1: Manta | AR1: Secoya | AS1: Shiwiar | AT1: Shuar | AU1: Siona | AV1: Tsáchila | AW1: Waorani | AX1: Zapara | AY1: Chibuleo | AZ1: Kañari | BA1: Karanki | BB1: Kayambi | BC1: Kichwa Amazónico | BD1: Kisapincha | BE1: Kitukara | BF1: Natabuela | BG1: Otavalo | BH1: Paltas | BI1: Panzaleo | BJ1: Pastos | BK1: Puruha | BL1: Salasaka | BM1: Saraguro | BN1: Tomabela | BO1: Waramka | BP1: fIPV_1ano_1d | BQ1: HB_1ano_1d | BR1: DPT_1ano_1d | BS1: fIPV_1ano_2d | BT1: HB_1ano_2d | BU1: DPT_1ano_2d | BV1: bOPV_1ano_3d | BW1: HB_1ano_3d | BX1: DPT_1ano_3d | BY1: fIPV_2anos_1d | BZ1: SRP_2anos_1d | CA1: HB_2anos_1d | CB1: DPT_2anos_1d | CC1: fIPV_2anos_2d | CD1: SRP_2anos_2d | CE1: HB_2anos_2d | CF1: DPT_2anos_2d | CG1: bOPV_2anos_3d | CH1: HB_2anos_3d | CI1: DPT_2anos_3d | CJ1: bOPV_2anos_4d | CK1: DPT_2anos_4d | CL1: FA_2anos | CM1: fIPV_3anos_1d | CN1: SRP_3anos_1d | CO1: HB_3anos_1d | CP1: DPT_3anos_1d | CQ1: fIPV_3anos_2d | CR1: SRP_3anos_2d | CS1: HB_3anos_2d | CT1: DPT_3anos_2d | CU1: bOPV_3anos_3d | CV1: HB_3anos_3d | CW1: DPT_3anos_3d | CX1: bOPV_3anos_4d | CY1: DPT_3anos_4d | CZ1: FA_3anos | DA1: fIPV_4anos_1d | DB1: SRP_4anos_1d | DC1: HB_4anos_1d | DD1: DPT_4anos_1d | DE1: fIPV_4anos_2d | DF1: SRP_4anos_2d | DG1: HB_4anos_2d | DH1: DPT_4anos_2d | DI1: bOPV_4anos_3d | DJ1: HB_4anos_3d | DK1: DPT_4anos_3d | DL1: bOPV_4anos_4d | DM1: DPT_4anos_4d | DN1: FA_4anos | DO1: fIPV_5anos_1d | DP1: SRP_5anos_1d | DQ1: HB_5anos_1d | DR1: DPT_5anos_1d | DS1: fIPV_5anos_2d | DT1: SRP_5anos_2d | DU1: HB_5anos_2d | DV1: DPT_5anos_2d | DW1: bOPV_5anos_3d | DX1: HB_5anos_3d | DY1: DPT_5anos_3d | DZ1: bOPV_5anos_4d | EA1: DPT_5anos_4d | EB1: FA_5anos | EC1: SRP_6anos_1d | ED1: SRP_6anos_2d | EE1: FA_6anos | EF1: SR_7anos_1d | EG1: SR_7anos_2d | EH1: FA_7anos | EI1: FA_8anos | EJ1: dT adulto_7a14 años | EK1: FA_9a14 | EL1: FA_15a19 | EM1: FA_20a59 | EN1: SR_8a14_1d | EO1: SR_8a14_2d | EP1: SR_15a29_1d | EQ1: SR_15a29_2d | ER1: SR_30a50_1d | ES1: SR_30a50_2d | ET1: dTadulto_MEF_1D | EU1: dTadulto_MEF_2D | EV1: dTadulto_MEF_3D | EW1: dTadulto_MEF_4D | EX1: dTadulto_MEF_5D | EY1: dTadulto_EMB_1D | EZ1: dTadulto_EMB_2D | FA1: dTadulto_EMB_3D | FB1: dTadulto_EMB_4D | FC1: dTadulto_EMB_5D | FD1: dTadulto_HOMBRE_1D | FE1: dTadulto_HOMBRE_2D | FF1: dTadulto_HOMBRE_3D | FG1: dTadulto_HOMBRE_4D | FH1: dTadulto_HOMBRE_5D | FI1: HB_TSALUD_1D | FJ1: HB_TSALUD_2D | FK1: HB_TSALUD_3D | FL1: HB_ESTSALUD_1D | FM1: HB_ESTSALUD_2D | FN1: HB_ESTSALUD_3D | FO1: HB_TSEXUAL_1D | FP1: HB_TSEXUAL_2D | FQ1: HB_TSEXUAL_3D | FR1: HB_PVV_1D | FS1: HB_PVV_2D | FT1: HB_PVV_3D | FU1: HB_PPL_1D | FV1: HB_PPL_2D | FW1: HB_PPL_3D | FX1: HB_OGRUP_1D | FY1: HB_OGRUP_2D | FZ1: HB_OGRUP_3D | GA1: Inmunoglobulina_Antitetánica | GB1: Inmunoglobulina_Anti Hepatitis B | GC1: Inmunoglobulina_Antirrábica
A2: Z07 | B2: EL ORO | C2: ARENILLAS | D2: 07D05 | E2: 000541 | F2: SAN VICENTE | G2: NIVEL 1 | H2: CENTRO DE SALUD TIPO A
A3: Z07 | B3: EL ORO | C3: ARENILLAS | D3: 07D05 | E3: 000542 | F3: SAN ISIDRO URBANO | G3: NIVEL 1 | H3: CENTRO DE SALUD TIPO B
A4: Z07 | B4: EL ORO | C4: ARENILLAS | D4: 07D05 | E4: 000543 | F4: CAÑAS | G4: NIVEL 1 | H4: PUESTO DE SALUD
A5: Z07 | B5: EL ORO | C5: ARENILLAS | D5: 07D05 | E5: 000544 | F5: LA CUCA | G5: NIVEL 1 | H5: CENTRO DE SALUD TIPO A
A6: Z07 | B6: EL ORO | C6: ARENILLAS | D6: 07D05 | E6: 000545 | F6: CARCABON | G6: NIVEL 1 | H6: CENTRO DE SALUD TIPO A
A7: Z07 | B7: EL ORO | C7: ARENILLAS | D7: 07D05 | E7: 000546 | F7: CHACRAS | G7: NIVEL 1 | H7: CENTRO DE SALUD TIPO A
A8: Z07 | B8: EL ORO | C8: ARENILLAS | D8: 07D05 | E8: 000547 | F8: PALMALES | G8: NIVEL 1 | H8: CENTRO DE SALUD TIPO A
A9: Z07 | B9: EL ORO | C9: ARENILLAS | D9: 07D05 | E9: 000548 | F9: MANABI DE EL ORO | G9: NIVEL 1 | H9: PUESTO DE SALUD
A10: Z07 | B10: EL ORO | C10: ARENILLAS | D10: 07D05 | E10: 000591 | F10: HOSPITAL BASICO DE ARENILLAS | G10: NIVEL 2 | H10: HOSPITAL BASICO
A11: Z07 | B11: EL ORO | C11: ARENILLAS | D11: 07D05 | E11: 002763 | F11: EL JOBO SAN VICENTE | G11: NIVEL 1 | H11: PUESTO DE SALUD
A12: Z07 | B12: EL ORO | C12: ARENILLAS | D12: 07D05 | E12: 002900 | F12: CENTRO DE SALUD ARENILLAS | G12: NIVEL 1 | H12: CENTRO DE SALUD TIPO A
A13: Z07 | B13: EL ORO | C13: ATAHUALPA | D13: 07D03 | E13: 000576 | F13: AYAPAMBA | G13: NIVEL 1 | H13: CENTRO DE SALUD TIPO A
... A256: Z07 | B256: ZAMORA CHINCHIPE | C256: CENTINELA DEL CONDOR | D256: 19D02 | E256: 001900 | F256: ZUMBI | G256: NIVEL 1 | H256: CENTRO DE SALUD TIPO A
A257: Z07 | B257: ZAMORA CHINCHIPE | C257: CHINCHIPE | D257: 19D03 | E257: 001901 | F257: LA CHONTA | G257: NIVEL 1 | H257: CENTRO DE SALUD TIPO A | I257: 2 | N257: 1 | P257: 1 | Q257: 1 | R257: 3 | S257: 4 | U257: 4 | AF257: 4 | EU257: 3 | FD257: 1
A258: Z07 | B258: ZAMORA CHINCHIPE | C258: CHINCHIPE | D258: 19D03 | E258: 001902 | F258: EL CHORRO | G258: NIVEL 1 | H258: PUESTO DE SALUD
A259: Z07 | B259: ZAMORA CHINCHIPE | C259: CHINCHIPE | D259: 19D03 | E259: 001903 | F259: CHITO | G259: NIVEL 1 | H259: CENTRO DE SALUD TIPO A | I259: 12 | Q259: 1 | R259: 11 | S259: 12 | U259: 12 | AF259: 12 | EL259: 1 | EM259: 5 | EU259: 1 | EY259: 5 | EZ259: 1
A260: Z07 | B260: ZAMORA CHINCHIPE | C260: CHINCHIPE | D260: 19D03 | E260: 001921 | F260: LA GUAYUZA | G260: NIVEL 1 | H260: PUESTO DE SALUD | I260: 0 | N260: 5 | Q260: 5 | S260: 5 | U260: 5 | AF260: 5 | EM260: 2 | FD260: 3
A261: Z07 | B261: ZAMORA CHINCHIPE | C261: CHINCHIPE | D261: 19D03 | E261: 001922 | F261: LA DIVERSION | G261: NIVEL 1 | H261: CENTRO DE SALUD TIPO A
A262: Z07 | B262: ZAMORA CHINCHIPE | C262: CHINCHIPE | D262: 19D03 | E262: 001923 | F262: SAN ANDRES | G262: NIVEL 1 | H262: PUESTO DE SALUD | I262: 3 | R262: 3 | S262: 3 | U262: 3 | AF262: 3 | ET262: 2 | EX262: 1
A263: Z07 | B263: ZAMORA CHINCHIPE | C263: CHINCHIPE | D263: 19D03 | E263: 001949 | F263: HOSPITAL BASICO DE ZUMBA | G263: NIVEL 2 | H263: HOSPITAL BASICO
A264: Z07 | B264: ZAMORA CHINCHIPE | C264: CHINCHIPE | D264: 19D03 | E264: 002846 | F264: CENTRO DE SALUD DE ZUMBA | G264: NIVEL 1 | H264: CENTRO DE SALUD TIPO A | I264: 24 | Q264: 8 | R264: 16 | S264: 24 | U264: 24 | AF264: 24 | EL264: 2 | EM264: 10 | ET264: 3 | EU264: 2 | EV264: 1 | EW264: 1 | EY264: 3 | EZ264: 4 | FD264: 3 | FO264: 1 | FP264: 1 | FQ264: 1
A265: Z07 | B265: ZAMORA CHINCHIPE | C265: EL PANGUI | D265: 19D04 | E265: 001912 | F265: PACHICUTZA | G265: NIVEL 1 | H265: PUESTO DE SALUD
A266: Z07 | B266: ZAMORA CHINCHIPE | C266: EL PANGUI | D266: 19D04 | E266: 001913 | F266: EL PANGUI | G266: NIVEL 1 | H266: CENTRO DE SALUD TIPO B
A267: Z07 | B267: ZAMORA CHINCHIPE | C267: EL PANGUI | D267: 19D04 | E267: 001914 | F267: TUNDAYME | G267: NIVEL 1 | H267: PUESTO DE SALUD
A268: Z07 | B268: ZAMORA CHINCHIPE | C268: EL PANGUI | D268: 19D04 | E268: 001933 | F268: EL GUISMI | G268: NIVEL 1 | H268: PUESTO DE SALUD
A269: Z07 | B269: ZAMORA CHINCHIPE | C269: EL PANGUI | D269: 19D04 | E269: 001934 | F269: CHUCHUMBLETZA | G269: NIVEL 1 | H269: PUESTO DE SALUD
A270: Z07 | B270: ZAMORA CHINCHIPE | C270: NANGARITZA | D270: 19D02 | E270: 001906 | F270: NUEVO PARAISO | G270: NIVEL 1 | H270: PUESTO DE SALUD
A271: Z07 | B271: ZAMORA CHINCHIPE | C271: NANGARITZA | D271: 19D02 | E271: 001907 | F271: SHAIMI | G271: NIVEL 1 | H271: PUESTO DE SALUD
A272: Z07 | B272: ZAMORA CHINCHIPE | C272: NANGARITZA | D272: 19D02 | E272: 001908 | F272: GERANIOS | G272: NIVEL 1 | H272: PUESTO DE SALUD
A273: Z07 | B273: ZAMORA CHINCHIPE | C273: NANGARITZA | D273: 19D02 | E273: 001909 | F273: ZURMI | G273: NIVEL 1 | H273: PUESTO DE SALUD
A274: Z07 | B274: ZAMORA CHINCHIPE | C274: NANGARITZA | D274: 19D02 | E274: 001925 | F274: SANTA ELENA | G274: NIVEL 1 | H274: PUESTO DE SALUD
A275: Z07 | B275: ZAMORA CHINCHIPE | C275: NANGARITZA | D275: 19D02 | E275: 001926 | F275: GUAYZIMI | G275: NIVEL 1 | H275: CENTRO DE SALUD TIPO A
A276: Z07 | B276: ZAMORA CHINCHIPE | C276: PALANDA | D276: 19D03 | E276: 001904 | F276: SAN FRANCISCO DEL VERGEL | G276: NIVEL 1 | H276: PUESTO DE SALUD | I276: 7 | O276: 2 | Q276: 2 | R276: 7 | S276: 6 | T276: 3 | U276: 9 | AF276: 9 | EM276: 2 | EV276: 2 | EY276: 2 | EZ276: 2 | FA276: 1 | FD276: 2
A277: Z07 | B277: ZAMORA CHINCHIPE | C277: PALANDA | D277: 19D03 | E277: 001937 | F277: EL PORVENIR DEL CARMEN | G277: NIVEL 1 | H277: PUESTO DE SALUD | I277: 3 | O277: 1 | Q277: 1 | R277: 3 | S277: 4 | U277: 4 | AF277: 4 | ET277: 1 | EW277: 1 | EY277: 1 | FD277: 1
A278: Z07 | B278: ZAMORA CHINCHIPE | C278: PALANDA | D278: 19D03 | E278: 001944 | F278: PALANDA | G278: NIVEL 1 | H278: CENTRO DE SALUD TIPO B | I278: 33 | Q278: 18 | R278: 15 | S278: 33 | U278: 33 | AF278: 33 | CL278: 1 | EK278: 2 | EL278: 4 | EM278: 12 | ET278: 1 | EU278: 1 | EV278: 2 | EW278: 0 | EX278: 0 | EY278: 4 | EZ278: 2 | FA278: 0 | FB278: 0 | FC278: 0 | FD278: 4 | FE278: 2 | FF278: 1 | FG278: 0 | FH278: 0
A279: Z07 | B279: ZAMORA CHINCHIPE | C279: PALANDA | D279: 19D03 | E279: 001945 | F279: VALLADOLID | G279: NIVEL 1 | H279: CENTRO DE SALUD TIPO A | I279: 5 | Q279: 2 | R279: 3 | S279: 5 | U279: 5 | AF279: 5 | EV279: 1 | EY279: 1 | FD279: 1 | FF279: 1 | FK279: 3
A280: Z07 | B280: ZAMORA CHINCHIPE | C280: PALANDA | D280: 19D03 | E280: 001946 | F280: LA CANELA | G280: NIVEL 1 | H280: PUESTO DE SALUD | I280: 8 | Q280: 2 | R280: 6 | S280: 8 | U280: 8 | AF280: 8 | ET280: 1 | EU280: 2 | EY280: 4 | EZ280: 1
A281: Z07 | B281: ZAMORA CHINCHIPE | C281: PAQUISHA | D281: 19D02 | E281: 001899 | F281: PAQUISHA | G281: NIVEL 1 | H281: CENTRO DE SALUD TIPO B
A282: Z07 | B282: ZAMORA CHINCHIPE | C282: PAQUISHA | D282: 19D02 | E282: 001941 | F282: BELLAVISTA | G282: NIVEL 1 | H282: PUESTO DE SALUD
A283: Z07 | B283: ZAMORA CHINCHIPE | C283: PAQUISHA | D283: 19D02 | E283: 001942 | F283: CHINAPINTZA | G283: NIVEL 1 | H283: PUESTO DE SALUD
A284: Z07 | B284: ZAMORA CHINCHIPE | C284: PAQUISHA | D284: 19D02 | E284: 001943 | F284: CISAM | G284: NIVEL 1 | H284: PUESTO DE SALUD
A285: Z07 | B285: ZAMORA CHINCHIPE | C285: YACUAMBI | D285: 19D01 | E285: 001916 | F285: JEMBUENTZA | G285: NIVEL 1 | H285: PUESTO DE SALUD
A286: Z07 | B286: ZAMORA CHINCHIPE | C286: YACUAMBI | D286: 19D01 | E286: 001927 | F286: 28 DE MAYO (YACUAMBI) | G286: NIVEL 1 | H286: CENTRO DE SALUD TIPO A
A287: Z07 | B287: ZAMORA CHINCHIPE | C287: YACUAMBI | D287: 19D01 | E287: 001928 | F287: LA ESPERANZA | G287: NIVEL 1 | H287: PUESTO DE SALUD
A288: Z07 | B288: ZAMORA CHINCHIPE | C288: YACUAMBI | D288: 19D01 | E288: 001929 | F288: CHAPINTZA | G288: NIVEL 1 | H288: PUESTO DE SALUD
A289: Z07 | B289: ZAMORA CHINCHIPE | C289: YACUAMBI | D289: 19D01 | E289: 001930 | F289: LA PAZ | G289: NIVEL 1 | H289: PUESTO DE SALUD
A290: Z07 | B290: ZAMORA CHINCHIPE | C290: YACUAMBI | D290: 19D01 | E290: 001931 | F290: TUTUPALI | G290: NIVEL 1 | H290: PUESTO DE SALUD
A291: Z07 | B291: ZAMORA CHINCHIPE | C291: YANTZAZA | D291: 19D04 | E291: 001898 | F291: SAN VICENTE DE CANEY | G291: NIVEL 1 | H291: PUESTO DE SALUD
A292: Z07 | B292: ZAMORA CHINCHIPE | C292: YANTZAZA | D292: 19D04 | E292: 001932 | F292: CHICAÑA | G292: NIVEL 1 | H292: CENTRO DE SALUD TIPO A
... A309: Z07 | B309: ZAMORA CHINCHIPE | C309: ZAMORA | D309: 19D01 | E309: 002837 | F309: CENTRO DE SALUD ZAMORA | G309: NIVEL 1 | H309: CENTRO DE SALUD TIPO A
I310: =I257+I258+I259+I260+I261+I262+I263+I264+I276+I277+I278+I279+I280 -> 97 | J310: =J257+J258+J259+J260+J261+J262+J263+J264+J276+J277+J278+J279+J280 -> 0 | K310: =K257+K258+K259+K260+K261+K262+K263+K264+K276+K277+K278+K279+K280 -> 0 | L310: =L257+L258+L259+L260+L261+L262+L263+L264+L276+L277+L278+L279+L280 -> 0 | M310: =M257+M258+M259+M260+M261+M262+M263+M264+M276+M277+M278+M279+M280 -> 0 | N310: =N257+N258+N259+N260+N261+N262+N263+N264+N276+N277+N278+N279+N280 -> 6 | O310: =O257+O258+O259+O260+O261+O262+O263+O264+O276+O277+O278+O279+O280 -> 3 | P310: =P257+P258+P259+P260+P261+P262+P263+P264+P276+P277+P278+P279+P280 -> 1 | ... GC310: =GC257+GC258+GC259+GC260+GC261+GC262+GC263+GC264+GC276+GC277+GC278+GC279+GC280 -> 0

Sheet ABRIL
A1: Zona | B1: provincia | C1: canton | D1: distrito | E1: unicodigo | F1: uni_nombre | G1: nivel | H1: tipo | I1: Establecimiento | J1: CNH | K1: CDI | L1: E. General Básica | M1: Bachillerato | N1: Atención Comunitaria | O1: Vistas Domiciliaras | P1: ext_OTROS | Q1: Hombre | R1: Mujer | S1: Pertenece_ES | T1: No_pertenece_ES | U1: Ecuatoriana | V1: Colombiana | W1: Peruana | X1: Cubana | Y1: Venezolana | Z1: Otras | AA1: Indigena | AB1: Afro ecuatoriano/ Afro descendiente | AC1: Negro/a | AD1: Mulato/a | AE1: Montubio/a | AF1: Mestizo/a | AG1: Blanco/a | AH1: Otro | AI1: Achuar | AJ1: Andoa | AK1: Awa | AL1: Chachi | AM1: Cofan | AN1: Epera | AO1: Huancavilca | AP1: Kichwa | AQ1: Manta | AR1: Secoya | AS1: Shiwiar | AT1: Shuar | AU1: Siona | AV1: Tsáchila | AW1: Waorani | AX1: Zapara | AY1: Chibuleo | AZ1: Kañari | BA1: Karanki | BB1: Kayambi | BC1: Kichwa Amazónico | BD1: Kisapincha | BE1: Kitukara | BF1: Natabuela | BG1: Otavalo | BH1: Paltas | BI1: Panzaleo | BJ1: Pastos | BK1: Puruha | BL1: Salasaka | BM1: Saraguro | BN1: Tomabela | BO1: Waramka | BP1: fIPV_1ano_1d | BQ1: HB_1ano_1d | BR1: DPT_1ano_1d | BS1: fIPV_1ano_2d | BT1: HB_1ano_2d | BU1: DPT_1ano_2d | BV1: bOPV_1ano_3d | BW1: HB_1ano_3d | BX1: DPT_1ano_3d | BY1: fIPV_2anos_1d | BZ1: SRP_2anos_1d | CA1: HB_2anos_1d | CB1: DPT_2anos_1d | CC1: fIPV_2anos_2d | CD1: SRP_2anos_2d | CE1: HB_2anos_2d | CF1: DPT_2anos_2d | CG1: bOPV_2anos_3d | CH1: HB_2anos_3d | CI1: DPT_2anos_3d | CJ1: bOPV_2anos_4d | CK1: DPT_2anos_4d | CL1: FA_2anos | CM1: fIPV_3anos_1d | CN1: SRP_3anos_1d | CO1: HB_3anos_1d | CP1: DPT_3anos_1d | CQ1: fIPV_3anos_2d | CR1: SRP_3anos_2d | CS1: HB_3anos_2d | CT1: DPT_3anos_2d | CU1: bOPV_3anos_3d | CV1: HB_3anos_3d | CW1: DPT_3anos_3d | CX1: bOPV_3anos_4d | CY1: DPT_3anos_4d | CZ1: FA_3anos | DA1: fIPV_4anos_1d | DB1: SRP_4anos_1d | DC1: HB_4anos_1d | DD1: DPT_4anos_1d | DE1: fIPV_4anos_2d | DF1: SRP_4anos_2d | DG1: HB_4anos_2d | DH1: DPT_4anos_2d | DI1: bOPV_4anos_3d | DJ1: HB_4anos_3d | DK1: DPT_4anos_3d | DL1: bOPV_4anos_4d | DM1: DPT_4anos_4d | DN1: FA_4anos | DO1: fIPV_5anos_1d | DP1: SRP_5anos_1d | DQ1: HB_5anos_1d | DR1: DPT_5anos_1d | DS1: fIPV_5anos_2d | DT1: SRP_5anos_2d | DU1: HB_5anos_2d | DV1: DPT_5anos_2d | DW1: bOPV_5anos_3d | DX1: HB_5anos_3d | DY1: DPT_5anos_3d | DZ1: bOPV_5anos_4d | EA1: DPT_5anos_4d | EB1: FA_5anos | EC1: SRP_6anos_1d | ED1: SRP_6anos_2d | EE1: FA_6anos | EF1: SR_7anos_1d | EG1: SR_7anos_2d | EH1: FA_7anos | EI1: FA_8anos | EJ1: dT adulto_7a14 años | EK1: FA_9a14 | EL1: FA_15a19 | EM1: FA_20a59 | EN1: SR_8a14_1d | EO1: SR_8a14_2d | EP1: SR_15a29_1d | EQ1: SR_15a29_2d | ER1: SR_30a50_1d | ES1: SR_30a50_2d | ET1: dTadulto_MEF_1D | EU1: dTadulto_MEF_2D | EV1: dTadulto_MEF_3D | EW1: dTadulto_MEF_4D | EX1: dTadulto_MEF_5D | EY1: dTadulto_EMB_1D | EZ1: dTadulto_EMB_2D | FA1: dTadulto_EMB_3D | FB1: dTadulto_EMB_4D | FC1: dTadulto_EMB_5D | FD1: dTadulto_HOMBRE_1D | FE1: dTadulto_HOMBRE_2D | FF1: dTadulto_HOMBRE_3D | FG1: dTadulto_HOMBRE_4D | FH1: dTadulto_HOMBRE_5D | FI1: HB_TSALUD_1D | FJ1: HB_TSALUD_2D | FK1: HB_TSALUD_3D | FL1: HB_ESTSALUD_1D | FM1: HB_ESTSALUD_2D | FN1: HB_ESTSALUD_3D | FO1: HB_TSEXUAL_1D | FP1: HB_TSEXUAL_2D | FQ1: HB_TSEXUAL_3D | FR1: HB_PVV_1D | FS1: HB_PVV_2D | FT1: HB_PVV_3D | FU1: HB_PPL_1D | FV1: HB_PPL_2D | FW1: HB_PPL_3D | FX1: HB_OGRUP_1D | FY1: HB_OGRUP_2D | FZ1: HB_OGRUP_3D | GA1: Inmunoglobulina_Antitetánica | GB1: Inmunoglobulina_Anti Hepatitis B | GC1: Inmunoglobulina_Antirrábica
A2: Z07 | B2: EL ORO | C2: ARENILLAS | D2: 07D05 | E2: 000541 | F2: SAN VICENTE | G2: NIVEL 1 | H2: CENTRO DE SALUD TIPO A
A3: Z07 | B3: EL ORO | C3: ARENILLAS | D3: 07D05 | E3: 000542 | F3: SAN ISIDRO URBANO | G3: NIVEL 1 | H3: CENTRO DE SALUD TIPO B
A4: Z07 | B4: EL ORO | C4: ARENILLAS | D4: 07D05 | E4: 000543 | F4: CAÑAS | G4: NIVEL 1 | H4: PUESTO DE SALUD
A5: Z07 | B5: EL ORO | C5: ARENILLAS | D5: 07D05 | E5: 000544 | F5: LA CUCA | G5: NIVEL 1 | H5: CENTRO DE SALUD TIPO A
A6: Z07 | B6: EL ORO | C6: ARENILLAS | D6: 07D05 | E6: 000545 | F6: CARCABON | G6: NIVEL 1 | H6: CENTRO DE SALUD TIPO A
A7: Z07 | B7: EL ORO | C7: ARENILLAS | D7: 07D05 | E7: 000546 | F7: CHACRAS | G7: NIVEL 1 | H7: CENTRO DE SALUD TIPO A
A8: Z07 | B8: EL ORO | C8: ARENILLAS | D8: 07D05 | E8: 000547 | F8: PALMALES | G8: NIVEL 1 | H8: CENTRO DE SALUD TIPO A
A9: Z07 | B9: EL ORO | C9: ARENILLAS | D9: 07D05 | E9: 000548 | F9: MANABI DE EL ORO | G9: NIVEL 1 | H9: PUESTO DE SALUD
A10: Z07 | B10: EL ORO | C10: ARENILLAS | D10: 07D05 | E10: 000591 | F10: HOSPITAL BASICO DE ARENILLAS | G10: NIVEL 2 | H10: HOSPITAL BASICO
A11: Z07 | B11: EL ORO | C11: ARENILLAS | D11: 07D05 | E11: 002763 | F11: EL JOBO SAN VICENTE | G11: NIVEL 1 | H11: PUESTO DE SALUD
A12: Z07 | B12: EL ORO | C12: ARENILLAS | D12: 07D05 | E12: 002900 | F12: CENTRO DE SALUD ARENILLAS | G12: NIVEL 1 | H12: CENTRO DE SALUD TIPO A
A13: Z07 | B13: EL ORO | C13: ATAHUALPA | D13: 07D03 | E13: 000576 | F13: AYAPAMBA | G13: NIVEL 1 | H13: CENTRO DE SALUD TIPO A
... A256: Z07 | B256: ZAMORA CHINCHIPE | C256: CENTINELA DEL CONDOR | D256: 19D02 | E256: 001900 | F256: ZUMBI | G256: NIVEL 1 | H256: CENTRO DE SALUD TIPO A
A257: Z07 | B257: ZAMORA CHINCHIPE | C257: CHINCHIPE | D257: 19D03 | E257: 001901 | F257: LA CHONTA | G257: NIVEL 1 | H257: CENTRO DE SALUD TIPO A | I257: 2 | R257: 2 | S257: 2 | U257: 2 | AF257: 2 | ET257: 2
A258: Z07 | B258: ZAMORA CHINCHIPE | C258: CHINCHIPE | D258: 19D03 | E258: 001902 | F258: EL CHORRO | G258: NIVEL 1 | H258: PUESTO DE SALUD
A259: Z07 | B259: ZAMORA CHINCHIPE | C259: CHINCHIPE | D259: 19D03 | E259: 001903 | F259: CHITO | G259: NIVEL 1 | H259: CENTRO DE SALUD TIPO A | I259: 2 | N259: 1 | R259: 3 | S259: 3 | U259: 3 | AF259: 3 | EY259: 1 | EZ259: 2
A260: Z07 | B260: ZAMORA CHINCHIPE | C260: CHINCHIPE | D260: 19D03 | E260: 001921 | F260: LA GUAYUZA | G260: NIVEL 1 | H260: PUESTO DE SALUD
A261: Z07 | B261: ZAMORA CHINCHIPE | C261: CHINCHIPE | D261: 19D03 | E261: 001922 | F261: LA DIVERSION | G261: NIVEL 1 | H261: CENTRO DE SALUD TIPO A | I261: 2 | N261: 1 | R261: 3 | S261: 3 | U261: 3 | AF261: 3 | EL261: 1 | EW261: 1 | EY261: 1
A262: Z07 | B262: ZAMORA CHINCHIPE | C262: CHINCHIPE | D262: 19D03 | E262: 001923 | F262: SAN ANDRES | G262: NIVEL 1 | H262: PUESTO DE SALUD | I262: 12 | Q262: 4 | R262: 8 | S262: 12 | U262: 12 | AF262: 12 | EM262: 9 | ET262: 1 | EU262: 2 | EW262: 1 | FD262: 1
A263: Z07 | B263: ZAMORA CHINCHIPE | C263: CHINCHIPE | D263: 19D03 | E263: 001949 | F263: HOSPITAL BASICO DE ZUMBA | G263: NIVEL 2 | H263: HOSPITAL BASICO
A264: Z07 | B264: ZAMORA CHINCHIPE | C264: CHINCHIPE | D264: 19D03 | E264: 002846 | F264: CENTRO DE SALUD DE ZUMBA | G264: NIVEL 1 | H264: CENTRO DE SALUD TIPO A | I264: 52 | Q264: 10 | R264: 42 | S264: 52 | U264: 51 | Y264: 1 | AF264: 51 | AH264: 1 | EM264: 23 | ET264: 10 | EU264: 4 | EV264: 3 | EW264: 5 | EY264: 8 | EZ264: 4 | FB264: 2 | FD264: 5 | FG264: 3
A265: Z07 | B265: ZAMORA CHINCHIPE | C265: EL PANGUI | D265: 19D04 | E265: 001912 | F265: PACHICUTZA | G265: NIVEL 1 | H265: PUESTO DE SALUD
A266: Z07 | B266: ZAMORA CHINCHIPE | C266: EL PANGUI | D266: 19D04 | E266: 001913 | F266: EL PANGUI | G266: NIVEL 1 | H266: CENTRO DE SALUD TIPO B
A267: Z07 | B267: ZAMORA CHINCHIPE | C267: EL PANGUI | D267: 19D04 | E267: 001914 | F267: TUNDAYME | G267: NIVEL 1 | H267: PUESTO DE SALUD
A268: Z07 | B268: ZAMORA CHINCHIPE | C268: EL PANGUI | D268: 19D04 | E268: 001933 | F268: EL GUISMI | G268: NIVEL 1 | H268: PUESTO DE SALUD
A269: Z07 | B269: ZAMORA CHINCHIPE | C269: EL PANGUI | D269: 19D04 | E269: 001934 | F269: CHUCHUMBLETZA | G269: NIVEL 1 | H269: PUESTO DE SALUD
A270: Z07 | B270: ZAMORA CHINCHIPE | C270: NANGARITZA | D270: 19D02 | E270: 001906 | F270: NUEVO PARAISO | G270: NIVEL 1 | H270: PUESTO DE SALUD
A271: Z07 | B271: ZAMORA CHINCHIPE | C271: NANGARITZA | D271: 19D02 | E271: 001907 | F271: SHAIMI | G271: NIVEL 1 | H271: PUESTO DE SALUD
A272: Z07 | B272: ZAMORA CHINCHIPE | C272: NANGARITZA | D272: 19D02 | E272: 001908 | F272: GERANIOS | G272: NIVEL 1 | H272: PUESTO DE SALUD
A273: Z07 | B273: ZAMORA CHINCHIPE | C273: NANGARITZA | D273: 19D02 | E273: 001909 | F273: ZURMI | G273: NIVEL 1 | H273: PUESTO DE SALUD
A274: Z07 | B274: ZAMORA CHINCHIPE | C274: NANGARITZA | D274: 19D02 | E274: 001925 | F274: SANTA ELENA | G274: NIVEL 1 | H274: PUESTO DE SALUD
A275: Z07 | B275: ZAMORA CHINCHIPE | C275: NANGARITZA | D275: 19D02 | E275: 001926 | F275: GUAYZIMI | G275: NIVEL 1 | H275: CENTRO DE SALUD TIPO A
A276: Z07 | B276: ZAMORA CHINCHIPE | C276: PALANDA | D276: 19D03 | E276: 001904 | F276: SAN FRANCISCO DEL VERGEL | G276: NIVEL 1 | H276: PUESTO DE SALUD | I276: 5 | R276: 5 | S276: 2 | T276: 3 | U276: 5 | AF276: 5 | EV276: 1 | EY276: 3 | FA276: 1
A277: Z07 | B277: ZAMORA CHINCHIPE | C277: PALANDA | D277: 19D03 | E277: 001937 | F277: EL PORVENIR DEL CARMEN | G277: NIVEL 1 | H277: PUESTO DE SALUD | I277: 6 | Q277: 1 | R277: 5 | S277: 6 | U277: 6 | AF277: 6 | BZ277: 1 | EV277: 1 | EW277: 1 | EZ277: 2 | FG277: 1
A278: Z07 | B278: ZAMORA CHINCHIPE | C278: PALANDA | D278: 19D03 | E278: 001944 | F278: PALANDA | G278: NIVEL 1 | H278: CENTRO DE SALUD TIPO B | I278: 23 | Q278: 9 | R278: 14 | S278: 23 | U278: 23 | AF278: 23 | EK278: 1 | EM278: 9 | ET278: 1 | EV278: 3 | EY278: 5 | EZ278: 2 | FA278: 1 | FD278: 4 | FF278: 2
A279: Z07 | B279: ZAMORA CHINCHIPE | C279: PALANDA | D279: 19D03 | E279: 001945 | F279: VALLADOLID | G279: NIVEL 1 | H279: CENTRO DE SALUD TIPO A | I279: 3 | Q279: 1 | R279: 2 | S279: 3 | U279: 3 | AF279: 3 | EY279: 1 | EZ279: 1 | FD279: 1
A280: Z07 | B280: ZAMORA CHINCHIPE | C280: PALANDA | D280: 19D03 | E280: 001946 | F280: LA CANELA | G280: NIVEL 1 | H280: PUESTO DE SALUD | I280: 1 | R280: 1 | S280: 1 | U280: 1 | AF280: 1 | EU280: 1
A281: Z07 | B281: ZAMORA CHINCHIPE | C281: PAQUISHA | D281: 19D02 | E281: 001899 | F281: PAQUISHA | G281: NIVEL 1 | H281: CENTRO DE SALUD TIPO B
A282: Z07 | B282: ZAMORA CHINCHIPE | C282: PAQUISHA | D282: 19D02 | E282: 001941 | F282: BELLAVISTA | G282: NIVEL 1 | H282: PUESTO DE SALUD
A283: Z07 | B283: ZAMORA CHINCHIPE | C283: PAQUISHA | D283: 19D02 | E283: 001942 | F283: CHINAPINTZA | G283: NIVEL 1 | H283: PUESTO DE SALUD
A284: Z07 | B284: ZAMORA CHINCHIPE | C284: PAQUISHA | D284: 19D02 | E284: 001943 | F284: CISAM | G284: NIVEL 1 | H284: PUESTO DE SALUD
A285: Z07 | B285: ZAMORA CHINCHIPE | C285: YACUAMBI | D285: 19D01 | E285: 001916 | F285: JEMBUENTZA | G285: NIVEL 1 | H285: PUESTO DE SALUD
A286: Z07 | B286: ZAMORA CHINCHIPE | C286: YACUAMBI | D286: 19D01 | E286: 001927 | F286: 28 DE MAYO (YACUAMBI) | G286: NIVEL 1 | H286: CENTRO DE SALUD TIPO A
A287: Z07 | B287: ZAMORA CHINCHIPE | C287: YACUAMBI | D287: 19D01 | E287: 001928 | F287: LA ESPERANZA | G287: NIVEL 1 | H287: PUESTO DE SALUD
A288: Z07 | B288: ZAMORA CHINCHIPE | C288: YACUAMBI | D288: 19D01 | E288: 001929 | F288: CHAPINTZA | G288: NIVEL 1 | H288: PUESTO DE SALUD
A289: Z07 | B289: ZAMORA CHINCHIPE | C289: YACUAMBI | D289: 19D01 | E289: 001930 | F289: LA PAZ | G289: NIVEL 1 | H289: PUESTO DE SALUD
A290: Z07 | B290: ZAMORA CHINCHIPE | C290: YACUAMBI | D290: 19D01 | E290: 001931 | F290: TUTUPALI | G290: NIVEL 1 | H290: PUESTO DE SALUD
A291: Z07 | B291: ZAMORA CHINCHIPE | C291: YANTZAZA | D291: 19D04 | E291: 001898 | F291: SAN VICENTE DE CANEY | G291: NIVEL 1 | H291: PUESTO DE SALUD
A292: Z07 | B292: ZAMORA CHINCHIPE | C292: YANTZAZA | D292: 19D04 | E292: 001932 | F292: CHICAÑA | G292: NIVEL 1 | H292: CENTRO DE SALUD TIPO A
... A309: Z07 | B309: ZAMORA CHINCHIPE | C309: ZAMORA | D309: 19D01 | E309: 002837 | F309: CENTRO DE SALUD ZAMORA | G309: NIVEL 1 | H309: CENTRO DE SALUD TIPO A
I310: =I257+I258+I259+I260+I261+I262+I263+I264+I276+I277+I278+I279+I280 -> 108 | J310: =J257+J258+J259+J260+J261+J262+J263+J264+J276+J277+J278+J279+J280 -> 0 | K310: =K257+K258+K259+K260+K261+K262+K263+K264+K276+K277+K278+K279+K280 -> 0 | L310: =L257+L258+L259+L260+L261+L262+L263+L264+L276+L277+L278+L279+L280 -> 0 | M310: =M257+M258+M259+M260+M261+M262+M263+M264+M276+M277+M278+M279+M280 -> 0 | N310: =N257+N258+N259+N260+N261+N262+N263+N264+N276+N277+N278+N279+N280 -> 2 | O310: =O257+O258+O259+O260+O261+O262+O263+O264+O276+O277+O278+O279+O280 -> 0 | P310: =P257+P258+P259+P260+P261+P262+P263+P264+P276+P277+P278+P279+P280 -> 0 | ... GC310: =GC257+GC258+GC259+GC260+GC261+GC262+GC263+GC264+GC276+GC277+GC278+GC279+GC280 -> 0

Sheet MAYO
A1: Zona | B1: provincia | C1: canton | D1: distrito | E1: unicodigo | F1: uni_nombre | G1: nivel | H1: tipo | I1: Establecimiento | J1: CNH | K1: CDI | L1: E. General Básica | M1: Bachillerato | N1: Atención Comunitaria | O1: Vistas Domiciliaras | P1: ext_OTROS | Q1: Hombre | R1: Mujer | S1: Pertenece_ES | T1: No_pertenece_ES | U1: Ecuatoriana | V1: Colombiana | W1: Peruana | X1: Cubana | Y1: Venezolana | Z1: Otras | AA1: Indigena | AB1: Afro ecuatoriano/ Afro descendiente | AC1: Negro/a | AD1: Mulato/a | AE1: Montubio/a | AF1: Mestizo/a | AG1: Blanco/a | AH1: Otro | AI1: Achuar | AJ1: Andoa | AK1: Awa | AL1: Chachi | AM1: Cofan | AN1: Epera | AO1: Huancavilca | AP1: Kichwa | AQ1: Manta | AR1: Secoya | AS1: Shiwiar | AT1: Shuar | AU1: Siona | AV1: Tsáchila | AW1: Waorani | AX1: Zapara | AY1: Chibuleo | AZ1: Kañari | BA1: Karanki | BB1: Kayambi | BC1: Kichwa Amazónico | BD1: Kisapincha | BE1: Kitukara | BF1: Natabuela | BG1: Otavalo | BH1: Paltas | BI1: Panzaleo | BJ1: Pastos | BK1: Puruha | BL1: Salasaka | BM1: Saraguro | BN1: Tomabela | BO1: Waramka | BP1: fIPV_1ano_1d | BQ1: HB_1ano_1d | BR1: DPT_1ano_1d | BS1: fIPV_1ano_2d | BT1: HB_1ano_2d | BU1: DPT_1ano_2d | BV1: bOPV_1ano_3d | BW1: HB_1ano_3d | BX1: DPT_1ano_3d | BY1: fIPV_2anos_1d | BZ1: SRP_2anos_1d | CA1: HB_2anos_1d | CB1: DPT_2anos_1d | CC1: fIPV_2anos_2d | CD1: SRP_2anos_2d | CE1: HB_2anos_2d | CF1: DPT_2anos_2d | CG1: bOPV_2anos_3d | CH1: HB_2anos_3d | CI1: DPT_2anos_3d | CJ1: bOPV_2anos_4d | CK1: DPT_2anos_4d | CL1: FA_2anos | CM1: fIPV_3anos_1d | CN1: SRP_3anos_1d | CO1: HB_3anos_1d | CP1: DPT_3anos_1d | CQ1: fIPV_3anos_2d | CR1: SRP_3anos_2d | CS1: HB_3anos_2d | CT1: DPT_3anos_2d | CU1: bOPV_3anos_3d | CV1: HB_3anos_3d | CW1: DPT_3anos_3d | CX1: bOPV_3anos_4d | CY1: DPT_3anos_4d | CZ1: FA_3anos | DA1: fIPV_4anos_1d | DB1: SRP_4anos_1d | DC1: HB_4anos_1d | DD1: DPT_4anos_1d | DE1: fIPV_4anos_2d | DF1: SRP_4anos_2d | DG1: HB_4anos_2d | DH1: DPT_4anos_2d | DI1: bOPV_4anos_3d | DJ1: HB_4anos_3d | DK1: DPT_4anos_3d | DL1: bOPV_4anos_4d | DM1: DPT_4anos_4d | DN1: FA_4anos | DO1: fIPV_5anos_1d | DP1: SRP_5anos_1d | DQ1: HB_5anos_1d | DR1: DPT_5anos_1d | DS1: fIPV_5anos_2d | DT1: SRP_5anos_2d | DU1: HB_5anos_2d | DV1: DPT_5anos_2d | DW1: bOPV_5anos_3d | DX1: HB_5anos_3d | DY1: DPT_5anos_3d | DZ1: bOPV_5anos_4d | EA1: DPT_5anos_4d | EB1: FA_5anos | EC1: SRP_6anos_1d | ED1: SRP_6anos_2d | EE1: FA_6anos | EF1: SR_7anos_1d | EG1: SR_7anos_2d | EH1: FA_7anos | EI1: FA_8anos | EJ1: dT adulto_7a14 años | EK1: FA_9a14 | EL1: FA_15a19 | EM1: FA_20a59 | EN1: SR_8a14_1d | EO1: SR_8a14_2d | EP1: SR_15a29_1d | EQ1: SR_15a29_2d | ER1: SR_30a50_1d | ES1: SR_30a50_2d | ET1: dTadulto_MEF_1D | EU1: dTadulto_MEF_2D | EV1: dTadulto_MEF_3D | EW1: dTadulto_MEF_4D | EX1: dTadulto_MEF_5D | EY1: dTadulto_EMB_1D | EZ1: dTadulto_EMB_2D | FA1: dTadulto_EMB_3D | FB1: dTadulto_EMB_4D | FC1: dTadulto_EMB_5D | FD1: dTadulto_HOMBRE_1D | FE1: dTadulto_HOMBRE_2D | FF1: dTadulto_HOMBRE_3D | FG1: dTadulto_HOMBRE_4D | FH1: dTadulto_HOMBRE_5D | FI1: HB_TSALUD_1D | FJ1: HB_TSALUD_2D | FK1: HB_TSALUD_3D | FL1: HB_ESTSALUD_1D | FM1: HB_ESTSALUD_2D | FN1: HB_ESTSALUD_3D | FO1: HB_TSEXUAL_1D | FP1: HB_TSEXUAL_2D | FQ1: HB_TSEXUAL_3D | FR1: HB_PVV_1D | FS1: HB_PVV_2D | FT1: HB_PVV_3D | FU1: HB_PPL_1D | FV1: HB_PPL_2D | FW1: HB_PPL_3D | FX1: HB_OGRUP_1D | FY1: HB_OGRUP_2D | FZ1: HB_OGRUP_3D | GA1: Inmunoglobulina_Antitetánica | GB1: Inmunoglobulina_Anti Hepatitis B | GC1: Inmunoglobulina_Antirrábica
A2: Z07 | B2: EL ORO | C2: ARENILLAS | D2: 07D05 | E2: 000541 | F2: SAN VICENTE | G2: NIVEL 1 | H2: CENTRO DE SALUD TIPO A
A3: Z07 | B3: EL ORO | C3: ARENILLAS | D3: 07D05 | E3: 000542 | F3: SAN ISIDRO URBANO | G3: NIVEL 1 | H3: CENTRO DE SALUD TIPO B
A4: Z07 | B4: EL ORO | C4: ARENILLAS | D4: 07D05 | E4: 000543 | F4: CAÑAS | G4: NIVEL 1 | H4: PUESTO DE SALUD
A5: Z07 | B5: EL ORO | C5: ARENILLAS | D5: 07D05 | E5: 000544 | F5: LA CUCA | G5: NIVEL 1 | H5: CENTRO DE SALUD TIPO A
A6: Z07 | B6: EL ORO | C6: ARENILLAS | D6: 07D05 | E6: 000545 | F6: CARCABON | G6: NIVEL 1 | H6: CENTRO DE SALUD TIPO A
A7: Z07 | B7: EL ORO | C7: ARENILLAS | D7: 07D05 | E7: 000546 | F7: CHACRAS | G7: NIVEL 1 | H7: CENTRO DE SALUD TIPO A
A8: Z07 | B8: EL ORO | C8: ARENILLAS | D8: 07D05 | E8: 000547 | F8: PALMALES | G8: NIVEL 1 | H8: CENTRO DE SALUD TIPO A
A9: Z07 | B9: EL ORO | C9: ARENILLAS | D9: 07D05 | E9: 000548 | F9: MANABI DE EL ORO | G9: NIVEL 1 | H9: PUESTO DE SALUD
A10: Z07 | B10: EL ORO | C10: ARENILLAS | D10: 07D05 | E10: 000591 | F10: HOSPITAL BASICO DE ARENILLAS | G10: NIVEL 2 | H10: HOSPITAL BASICO
A11: Z07 | B11: EL ORO | C11: ARENILLAS | D11: 07D05 | E11: 002763 | F11: EL JOBO SAN VICENTE | G11: NIVEL 1 | H11: PUESTO DE SALUD
A12: Z07 | B12: EL ORO | C12: ARENILLAS | D12: 07D05 | E12: 002900 | F12: CENTRO DE SALUD ARENILLAS | G12: NIVEL 1 | H12: CENTRO DE SALUD TIPO A
A13: Z07 | B13: EL ORO | C13: ATAHUALPA | D13: 07D03 | E13: 000576 | F13: AYAPAMBA | G13: NIVEL 1 | H13: CENTRO DE SALUD TIPO A
... A258: Z07 | B258: ZAMORA CHINCHIPE | C258: CHINCHIPE | D258: 19D03 | E258: 001902 | F258: EL CHORRO | G258: NIVEL 1 | H258: PUESTO DE SALUD
A259: Z07 | B259: ZAMORA CHINCHIPE | C259: CHINCHIPE | D259: 19D03 | E259: 001903 | F259: CHITO | G259: NIVEL 1 | H259: CENTRO DE SALUD TIPO A | I259: 5 | O259: 3 | Q259: 2 | R259: 6 | S259: 8 | U259: 8 | AF259: 8 | EY259: 3 | EZ259: 3 | FD259: 2
A260: Z07 | B260: ZAMORA CHINCHIPE | C260: CHINCHIPE | D260: 19D03 | E260: 001921 | F260: LA GUAYUZA | G260: NIVEL 1 | H260: PUESTO DE SALUD
A261: Z07 | B261: ZAMORA CHINCHIPE | C261: CHINCHIPE | D261: 19D03 | E261: 001922 | F261: LA DIVERSION | G261: NIVEL 1 | H261: CENTRO DE SALUD TIPO A | I261: 1 | R261: 1 | S261: 1 | U261: 1 | AF261: 1 | EV261: 1
A262: Z07 | B262: ZAMORA CHINCHIPE | C262: CHINCHIPE | D262: 19D03 | E262: 001923 | F262: SAN ANDRES | G262: NIVEL 1 | H262: PUESTO DE SALUD | I262: 2 | Q262: 1 | R262: 1 | S262: 2 | U262: 2 | AF262: 2 | EZ262: 1 | FD262: 1
A263: Z07 | B263: ZAMORA CHINCHIPE | C263: CHINCHIPE | D263: 19D03 | E263: 001949 | F263: HOSPITAL BASICO DE ZUMBA | G263: NIVEL 2 | H263: HOSPITAL BASICO
A264: Z07 | B264: ZAMORA CHINCHIPE | C264: CHINCHIPE | D264: 19D03 | E264: 002846 | F264: CENTRO DE SALUD DE ZUMBA | G264: NIVEL 1 | H264: CENTRO DE SALUD TIPO A | I264: 35 | Q264: 4 | R264: 31 | S264: 35 | U264: 34 | V264: 1 | AF264: 34 | AH264: 1 | CB264: 1 | CD264: 1 | EL264: 2 | EM264: 12 | ET264: 8 | EU264: 3 | EV264: 1 | EX264: 1 | EY264: 6 | EZ264: 4 | FD264: 4 | FQ264: 1
A265: Z07 | B265: ZAMORA CHINCHIPE | C265: EL PANGUI | D265: 19D04 | E265: 001912 | F265: PACHICUTZA | G265: NIVEL 1 | H265: PUESTO DE SALUD
A266: Z07 | B266: ZAMORA CHINCHIPE | C266: EL PANGUI | D266: 19D04 | E266: 001913 | F266: EL PANGUI | G266: NIVEL 1 | H266: CENTRO DE SALUD TIPO B
A267: Z07 | B267: ZAMORA CHINCHIPE | C267: EL PANGUI | D267: 19D04 | E267: 001914 | F267: TUNDAYME | G267: NIVEL 1 | H267: PUESTO DE SALUD
A268: Z07 | B268: ZAMORA CHINCHIPE | C268: EL PANGUI | D268: 19D04 | E268: 001933 | F268: EL GUISMI | G268: NIVEL 1 | H268: PUESTO DE SALUD
A269: Z07 | B269: ZAMORA CHINCHIPE | C269: EL PANGUI | D269: 19D04 | E269: 001934 | F269: CHUCHUMBLETZA | G269: NIVEL 1 | H269: PUESTO DE SALUD
A270: Z07 | B270: ZAMORA CHINCHIPE | C270: NANGARITZA | D270: 19D02 | E270: 001906 | F270: NUEVO PARAISO | G270: NIVEL 1 | H270: PUESTO DE SALUD
A271: Z07 | B271: ZAMORA CHINCHIPE | C271: NANGARITZA | D271: 19D02 | E271: 001907 | F271: SHAIMI | G271: NIVEL 1 | H271: PUESTO DE SALUD
A272: Z07 | B272: ZAMORA CHINCHIPE | C272: NANGARITZA | D272: 19D02 | E272: 001908 | F272: GERANIOS | G272: NIVEL 1 | H272: PUESTO DE SALUD
A273: Z07 | B273: ZAMORA CHINCHIPE | C273: NANGARITZA | D273: 19D02 | E273: 001909 | F273: ZURMI | G273: NIVEL 1 | H273: PUESTO DE SALUD
A274: Z07 | B274: ZAMORA CHINCHIPE | C274: NANGARITZA | D274: 19D02 | E274: 001925 | F274: SANTA ELENA | G274: NIVEL 1 | H274: PUESTO DE SALUD
A275: Z07 | B275: ZAMORA CHINCHIPE | C275: NANGARITZA | D275: 19D02 | E275: 001926 | F275: GUAYZIMI | G275: NIVEL 1 | H275: CENTRO DE SALUD TIPO A
A276: Z07 | B276: ZAMORA CHINCHIPE | C276: PALANDA | D276: 19D03 | E276: 001904 | F276: SAN FRANCISCO DEL VERGEL | G276: NIVEL 1 | H276: PUESTO DE SALUD | I276: 7 | Q276: 1 | R276: 6 | S276: 4 | T276: 3 | U276: 7 | AF276: 7 | EV276: 1 | EY276: 3 | EZ276: 2 | FD276: 1
A277: Z07 | B277: ZAMORA CHINCHIPE | C277: PALANDA | D277: 19D03 | E277: 001937 | F277: EL PORVENIR DEL CARMEN | G277: NIVEL 1 | H277: PUESTO DE SALUD | I277: 8 | O277: 1 | Q277: 2 | R277: 7 | S277: 9 | U277: 9 | AF277: 9 | CD277: 1 | CI277: 2 | EM277: 1 | EV277: 1 | EW277: 1 | EZ277: 3 | FD277: 1
A278: Z07 | B278: ZAMORA CHINCHIPE | C278: PALANDA | D278: 19D03 | E278: 001944 | F278: PALANDA | G278: NIVEL 1 | H278: CENTRO DE SALUD TIPO B | I278: 31 | Q278: 7 | R278: 24 | S278: 31 | U278: 31 | AF278: 31 | EI278: 1 | EM278: 4 | EU278: 5 | EV278: 2 | EW278: 2 | EY278: 6 | EZ278: 7 | FA278: 1 | FD278: 4 | FE278: 1
A279: Z07 | B279: ZAMORA CHINCHIPE | C279: PALANDA | D279: 19D03 | E279: 001945 | F279: VALLADOLID | G279: NIVEL 1 | H279: CENTRO DE SALUD TIPO A | I279: 7 | Q279: 5 | R279: 2 | S279: 7 | U279: 7 | AF279: 7 | ET279: 1 | EX279: 1 | FD279: 1 | FE279: 1 | FG279: 1 | FY279: 2
A280: Z07 | B280: ZAMORA CHINCHIPE | C280: PALANDA | D280: 19D03 | E280: 001946 | F280: LA CANELA | G280: NIVEL 1 | H280: PUESTO DE SALUD | I280: 3 | Q280: 1 | R280: 2 | S280: 3 | U280: 3 | AF280: 3 | EX280: 1 | EZ280: 1 | FD280: 1
A281: Z07 | B281: ZAMORA CHINCHIPE | C281: PAQUISHA | D281: 19D02 | E281: 001899 | F281: PAQUISHA | G281: NIVEL 1 | H281: CENTRO DE SALUD TIPO B
A282: Z07 | B282: ZAMORA CHINCHIPE | C282: PAQUISHA | D282: 19D02 | E282: 001941 | F282: BELLAVISTA | G282: NIVEL 1 | H282: PUESTO DE SALUD
A283: Z07 | B283: ZAMORA CHINCHIPE | C283: PAQUISHA | D283: 19D02 | E283: 001942 | F283: CHINAPINTZA | G283: NIVEL 1 | H283: PUESTO DE SALUD
A284: Z07 | B284: ZAMORA CHINCHIPE | C284: PAQUISHA | D284: 19D02 | E284: 001943 | F284: CISAM | G284: NIVEL 1 | H284: PUESTO DE SALUD
A285: Z07 | B285: ZAMORA CHINCHIPE | C285: YACUAMBI | D285: 19D01 | E285: 001916 | F285: JEMBUENTZA | G285: NIVEL 1 | H285: PUESTO DE SALUD
A286: Z07 | B286: ZAMORA CHINCHIPE | C286: YACUAMBI | D286: 19D01 | E286: 001927 | F286: 28 DE MAYO (YACUAMBI) | G286: NIVEL 1 | H286: CENTRO DE SALUD TIPO A
A287: Z07 | B287: ZAMORA CHINCHIPE | C287: YACUAMBI | D287: 19D01 | E287: 001928 | F287: LA ESPERANZA | G287: NIVEL 1 | H287: PUESTO DE SALUD
A288: Z07 | B288: ZAMORA CHINCHIPE | C288: YACUAMBI | D288: 19D01 | E288: 001929 | F288: CHAPINTZA | G288: NIVEL 1 | H288: PUESTO DE SALUD
A289: Z07 | B289: ZAMORA CHINCHIPE | C289: YACUAMBI | D289: 19D01 | E289: 001930 | F289: LA PAZ | G289: NIVEL 1 | H289: PUESTO DE SALUD
A290: Z07 | B290: ZAMORA CHINCHIPE | C290: YACUAMBI | D290: 19D01 | E290: 001931 | F290: TUTUPALI | G290: NIVEL 1 | H290: PUESTO DE SALUD
A291: Z07 | B291: ZAMORA CHINCHIPE | C291: YANTZAZA | D291: 19D04 | E291: 001898 | F291: SAN VICENTE DE CANEY | G291: NIVEL 1 | H291: PUESTO DE SALUD
A292: Z07 | B292: ZAMORA CHINCHIPE | C292: YANTZAZA | D292: 19D04 | E292: 001932 | F292: CHICAÑA | G292: NIVEL 1 | H292: CENTRO DE SALUD TIPO A
... A309: Z07 | B309: ZAMORA CHINCHIPE | C309: ZAMORA | D309: 19D01 | E309: 002837 | F309: CENTRO DE SALUD ZAMORA | G309: NIVEL 1 | H309: CENTRO DE SALUD TIPO A
I310: =I257+I258+I259+I260+I261+I262+I263+I264+I276+I277+I278+I279+I280 -> 99 | J310: =J257+J258+J259+J260+J261+J262+J263+J264+J276+J277+J278+J279+J280 -> 0 | K310: =K257+K258+K259+K260+K261+K262+K263+K264+K276+K277+K278+K279+K280 -> 0 | L310: =L257+L258+L259+L260+L261+L262+L263+L264+L276+L277+L278+L279+L280 -> 0 | M310: =M257+M258+M259+M260+M261+M262+M263+M264+M276+M277+M278+M279+M280 -> 0 | N310: =N257+N258+N259+N260+N261+N262+N263+N264+N276+N277+N278+N279+N280 -> 0 | O310: =O257+O258+O259+O260+O261+O262+O263+O264+O276+O277+O278+O279+O280 -> 4 | P310: =P257+P258+P259+P260+P261+P262+P263+P264+P276+P277+P278+P279+P280 -> 0 | ... GC310: =GC257+GC258+GC259+GC260+GC261+GC262+GC263+GC264+GC276+GC277+GC278+GC279+GC280 -> 0

Sheet JUNIO
A1: Zona | B1: provincia | C1: canton | D1: distrito | E1: unicodigo | F1: uni_nombre | G1: nivel | H1: tipo | I1: Establecimiento | J1: CNH | K1: CDI | L1: E. General Básica | M1: Bachillerato | N1: Atención Comunitaria | O1: Vistas Domiciliaras | P1: ext_OTROS | Q1: Hombre | R1: Mujer | S1: Pertenece_ES | T1: No_pertenece_ES | U1: Ecuatoriana | V1: Colombiana | W1: Peruana | X1: Cubana | Y1: Venezolana | Z1: Otras | AA1: Indigena | AB1: Afro ecuatoriano/ Afro descendiente | AC1: Negro/a | AD1: Mulato/a | AE1: Montubio/a | AF1: Mestizo/a | AG1: Blanco/a | AH1: Otro | AI1: Achuar | AJ1: Andoa | AK1: Awa | AL1: Chachi | AM1: Cofan | AN1: Epera | AO1: Huancavilca | AP1: Kichwa | AQ1: Manta | AR1: Secoya | AS1: Shiwiar | AT1: Shuar | AU1: Siona | AV1: Tsáchila | AW1: Waorani | AX1: Zapara | AY1: Chibuleo | AZ1: Kañari | BA1: Karanki | BB1: Kayambi | BC1: Kichwa Amazónico | BD1: Kisapincha | BE1: Kitukara | BF1: Natabuela | BG1: Otavalo | BH1: Paltas | BI1: Panzaleo | BJ1: Pastos | BK1: Puruha | BL1: Salasaka | BM1: Saraguro | BN1: Tomabela | BO1: Waramka | BP1: fIPV_1ano_1d | BQ1: HB_1ano_1d | BR1: DPT_1ano_1d | BS1: fIPV_1ano_2d | BT1: HB_1ano_2d | BU1: DPT_1ano_2d | BV1: bOPV_1ano_3d | BW1: HB_1ano_3d | BX1: DPT_1ano_3d | BY1: fIPV_2anos_1d | BZ1: SRP_2anos_1d | CA1: HB_2anos_1d | CB1: DPT_2anos_1d | CC1: fIPV_2anos_2d | CD1: SRP_2anos_2d | CE1: HB_2anos_2d | CF1: DPT_2anos_2d | CG1: bOPV_2anos_3d | CH1: HB_2anos_3d | CI1: DPT_2anos_3d | CJ1: bOPV_2anos_4d | CK1: DPT_2anos_4d | CL1: FA_2anos | CM1: fIPV_3anos_1d | CN1: SRP_3anos_1d | CO1: HB_3anos_1d | CP1: DPT_3anos_1d | CQ1: fIPV_3anos_2d | CR1: SRP_3anos_2d | CS1: HB_3anos_2d | CT1: DPT_3anos_2d | CU1: bOPV_3anos_3d | CV1: HB_3anos_3d | CW1: DPT_3anos_3d | CX1: bOPV_3anos_4d | CY1: DPT_3anos_4d | CZ1: FA_3anos | DA1: fIPV_4anos_1d | DB1: SRP_4anos_1d | DC1: HB_4anos_1d | DD1: DPT_4anos_1d | DE1: fIPV_4anos_2d | DF1: SRP_4anos_2d | DG1: HB_4anos_2d | DH1: DPT_4anos_2d | DI1: bOPV_4anos_3d | DJ1: HB_4anos_3d | DK1: DPT_4anos_3d | DL1: bOPV_4anos_4d | DM1: DPT_4anos_4d | DN1: FA_4anos | DO1: fIPV_5anos_1d | DP1: SRP_5anos_1d | DQ1: HB_5anos_1d | DR1: DPT_5anos_1d | DS1: fIPV_5anos_2d | DT1: SRP_5anos_2d | DU1: HB_5anos_2d | DV1: DPT_5anos_2d | DW1: bOPV_5anos_3d | DX1: HB_5anos_3d | DY1: DPT_5anos_3d | DZ1: bOPV_5anos_4d | EA1: DPT_5anos_4d | EB1: FA_5anos | EC1: SRP_6anos_1d | ED1: SRP_6anos_2d | EE1: FA_6anos | EF1: SR_7anos_1d | EG1: SR_7anos_2d | EH1: FA_7anos | EI1: FA_8anos | EJ1: dT adulto_7a14 años | EK1: FA_9a14 | EL1: FA_15a19 | EM1: FA_20a59 | EN1: SR_8a14_1d | EO1: SR_8a14_2d | EP1: SR_15a29_1d | EQ1: SR_15a29_2d | ER1: SR_30a50_1d | ES1: SR_30a50_2d | ET1: dTadulto_MEF_1D | EU1: dTadulto_MEF_2D | EV1: dTadulto_MEF_3D | EW1: dTadulto_MEF_4D | EX1: dTadulto_MEF_5D | EY1: dTadulto_EMB_1D | EZ1: dTadulto_EMB_2D | FA1: dTadulto_EMB_3D | FB1: dTadulto_EMB_4D | FC1: dTadulto_EMB_5D | FD1: dTadulto_HOMBRE_1D | FE1: dTadulto_HOMBRE_2D | FF1: dTadulto_HOMBRE_3D | FG1: dTadulto_HOMBRE_4D | FH1: dTadulto_HOMBRE_5D | FI1: HB_TSALUD_1D | FJ1: HB_TSALUD_2D | FK1: HB_TSALUD_3D | FL1: HB_ESTSALUD_1D | FM1: HB_ESTSALUD_2D | FN1: HB_ESTSALUD_3D | FO1: HB_TSEXUAL_1D | FP1: HB_TSEXUAL_2D | FQ1: HB_TSEXUAL_3D | FR1: HB_PVV_1D | FS1: HB_PVV_2D | FT1: HB_PVV_3D | FU1: HB_PPL_1D | FV1: HB_PPL_2D | FW1: HB_PPL_3D | FX1: HB_OGRUP_1D | FY1: HB_OGRUP_2D | FZ1: HB_OGRUP_3D | GA1: Inmunoglobulina_Antitetánica | GB1: Inmunoglobulina_Anti Hepatitis B | GC1: Inmunoglobulina_Antirrábica
A2: Z07 | B2: EL ORO | C2: ARENILLAS | D2: 07D05 | E2: 000541 | F2: SAN VICENTE | G2: NIVEL 1 | H2: CENTRO DE SALUD TIPO A
A3: Z07 | B3: EL ORO | C3: ARENILLAS | D3: 07D05 | E3: 000542 | F3: SAN ISIDRO URBANO | G3: NIVEL 1 | H3: CENTRO DE SALUD TIPO B
A4: Z07 | B4: EL ORO | C4: ARENILLAS | D4: 07D05 | E4: 000543 | F4: CAÑAS | G4: NIVEL 1 | H4: PUESTO DE SALUD
A5: Z07 | B5: EL ORO | C5: ARENILLAS | D5: 07D05 | E5: 000544 | F5: LA CUCA | G5: NIVEL 1 | H5: CENTRO DE SALUD TIPO A
A6: Z07 | B6: EL ORO | C6: ARENILLAS | D6: 07D05 | E6: 000545 | F6: CARCABON | G6: NIVEL 1 | H6: CENTRO DE SALUD TIPO A
A7: Z07 | B7: EL ORO | C7: ARENILLAS | D7: 07D05 | E7: 000546 | F7: CHACRAS | G7: NIVEL 1 | H7: CENTRO DE SALUD TIPO A
A8: Z07 | B8: EL ORO | C8: ARENILLAS | D8: 07D05 | E8: 000547 | F8: PALMALES | G8: NIVEL 1 | H8: CENTRO DE SALUD TIPO A
A9: Z07 | B9: EL ORO | C9: ARENILLAS | D9: 07D05 | E9: 000548 | F9: MANABI DE EL ORO | G9: NIVEL 1 | H9: PUESTO DE SALUD
A10: Z07 | B10: EL ORO | C10: ARENILLAS | D10: 07D05 | E10: 000591 | F10: HOSPITAL BASICO DE ARENILLAS | G10: NIVEL 2 | H10: HOSPITAL BASICO
A11: Z07 | B11: EL ORO | C11: ARENILLAS | D11: 07D05 | E11: 002763 | F11: EL JOBO SAN VICENTE | G11: NIVEL 1 | H11: PUESTO DE SALUD
A12: Z07 | B12: EL ORO | C12: ARENILLAS | D12: 07D05 | E12: 002900 | F12: CENTRO DE SALUD ARENILLAS | G12: NIVEL 1 | H12: CENTRO DE SALUD TIPO A
A13: Z07 | B13: EL ORO | C13: ATAHUALPA | D13: 07D03 | E13: 000576 | F13: AYAPAMBA | G13: NIVEL 1 | H13: CENTRO DE SALUD TIPO A
... A256: Z07 | B256: ZAMORA CHINCHIPE | C256: CENTINELA DEL CONDOR | D256: 19D02 | E256: 001900 | F256: ZUMBI | G256: NIVEL 1 | H256: CENTRO DE SALUD TIPO A
A257: Z07 | B257: ZAMORA CHINCHIPE | C257: CHINCHIPE | D257: 19D03 | E257: 001901 | F257: LA CHONTA | G257: NIVEL 1 | H257: CENTRO DE SALUD TIPO A | I257: 8 | Q257: 1 | R257: 7 | S257: 8 | U257: 8 | AF257: 8 | CJ257: 1 | CK257: 1 | EU257: 1 | EX257: 2 | EY257: 1 | FD257: 1 | FI257: 2
A258: Z07 | B258: ZAMORA CHINCHIPE | C258: CHINCHIPE | D258: 19D03 | E258: 001902 | F258: EL CHORRO | G258: NIVEL 1 | H258: PUESTO DE SALUD
A259: Z07 | B259: ZAMORA CHINCHIPE | C259: CHINCHIPE | D259: 19D03 | E259: 001903 | F259: CHITO | G259: NIVEL 1 | H259: CENTRO DE SALUD TIPO A | I259: 6 | R259: 6 | S259: 6 | U259: 5 | W259: 1 | AF259: 5 | AH259: 1 | EY259: 2 | EZ259: 4
A260: Z07 | B260: ZAMORA CHINCHIPE | C260: CHINCHIPE | D260: 19D03 | E260: 001921 | F260: LA GUAYUZA | G260: NIVEL 1 | H260: PUESTO DE SALUD | I260: 2 | N260: 0 | Q260: 1 | R260: 1 | S260: 2 | U260: 2 | AF260: 2 | ET260: 2 | EY260: 0
A261: Z07 | B261: ZAMORA CHINCHIPE | C261: CHINCHIPE | D261: 19D03 | E261: 001922 | F261: LA DIVERSION | G261: NIVEL 1 | H261: CENTRO DE SALUD TIPO A | I261: 2 | R261: 2 | S261: 2 | U261: 2 | AF261: 2 | EM261: 2 | ET261: 2 | FI261: 2
A262: Z07 | B262: ZAMORA CHINCHIPE | C262: CHINCHIPE | D262: 19D03 | E262: 001923 | F262: SAN ANDRES | G262: NIVEL 1 | H262: PUESTO DE SALUD | I262: 3 | Q262: 1 | R262: 2 | S262: 3 | U262: 3 | AF262: 3 | EM262: 3
A263: Z07 | B263: ZAMORA CHINCHIPE | C263: CHINCHIPE | D263: 19D03 | E263: 001949 | F263: HOSPITAL BASICO DE ZUMBA | G263: NIVEL 2 | H263: HOSPITAL BASICO
A264: Z07 | B264: ZAMORA CHINCHIPE | C264: CHINCHIPE | D264: 19D03 | E264: 002846 | F264: CENTRO DE SALUD DE ZUMBA | G264: NIVEL 1 | H264: CENTRO DE SALUD TIPO A | I264: 41 | Q264: 17 | R264: 24 | S264: 41 | U264: 39 | V264: 1 | Y264: 1 | AF264: 39 | AH264: 2 | EL264: 1 | EM264: 9 | EQ264: 10 | ET264: 3 | EU264: 1 | EV264: 4 | EY264: 5 | EZ264: 1 | FA264: 1 | FC264: 1 | FD264: 4 | FE264: 1 | FF264: 1 | FG264: 3 | FI264: 6 | FJ264: 3 | FK264: 2 | FN264: 1 | FO264: 1 | FP264: 1
A265: Z07 | B265: ZAMORA CHINCHIPE | C265: EL PANGUI | D265: 19D04 | E265: 001912 | F265: PACHICUTZA | G265: NIVEL 1 | H265: PUESTO DE SALUD
A266: Z07 | B266: ZAMORA CHINCHIPE | C266: EL PANGUI | D266: 19D04 | E266: 001913 | F266: EL PANGUI | G266: NIVEL 1 | H266: CENTRO DE SALUD TIPO B
A267: Z07 | B267: ZAMORA CHINCHIPE | C267: EL PANGUI | D267: 19D04 | E267: 001914 | F267: TUNDAYME | G267: NIVEL 1 | H267: PUESTO DE SALUD
A268: Z07 | B268: ZAMORA CHINCHIPE | C268: EL PANGUI | D268: 19D04 | E268: 001933 | F268: EL GUISMI | G268: NIVEL 1 | H268: PUESTO DE SALUD
A269: Z07 | B269: ZAMORA CHINCHIPE | C269: EL PANGUI | D269: 19D04 | E269: 001934 | F269: CHUCHUMBLETZA | G269: NIVEL 1 | H269: PUESTO DE SALUD
A270: Z07 | B270: ZAMORA CHINCHIPE | C270: NANGARITZA | D270: 19D02 | E270: 001906 | F270: NUEVO PARAISO | G270: NIVEL 1 | H270: PUESTO DE SALUD
A271: Z07 | B271: ZAMORA CHINCHIPE | C271: NANGARITZA | D271: 19D02 | E271: 001907 | F271: SHAIMI | G271: NIVEL 1 | H271: PUESTO DE SALUD
A272: Z07 | B272: ZAMORA CHINCHIPE | C272: NANGARITZA | D272: 19D02 | E272: 001908 | F272: GERANIOS | G272: NIVEL 1 | H272: PUESTO DE SALUD
A273: Z07 | B273: ZAMORA CHINCHIPE | C273: NANGARITZA | D273: 19D02 | E273: 001909 | F273: ZURMI | G273: NIVEL 1 | H273: PUESTO DE SALUD
A274: Z07 | B274: ZAMORA CHINCHIPE | C274: NANGARITZA | D274: 19D02 | E274: 001925 | F274: SANTA ELENA | G274: NIVEL 1 | H274: PUESTO DE SALUD
A275: Z07 | B275: ZAMORA CHINCHIPE | C275: NANGARITZA | D275: 19D02 | E275: 001926 | F275: GUAYZIMI | G275: NIVEL 1 | H275: CENTRO DE SALUD TIPO A
A276: Z07 | B276: ZAMORA CHINCHIPE | C276: PALANDA | D276: 19D03 | E276: 001904 | F276: SAN FRANCISCO DEL VERGEL | G276: NIVEL 1 | H276: PUESTO DE SALUD | I276: 4 | R276: 4 | S276: 4 | U276: 4 | AF276: 4 | EY276: 1 | EZ276: 2 | FA276: 1
A277: Z07 | B277: ZAMORA CHINCHIPE | C277: PALANDA | D277: 19D03 | E277: 001937 | F277: EL PORVENIR DEL CARMEN | G277: NIVEL 1 | H277: PUESTO DE SALUD | I277: 2 | R277: 2 | S277: 2 | U277: 2 | AF277: 2 | EU277: 1 | EY277: 1
A278: Z07 | B278: ZAMORA CHINCHIPE | C278: PALANDA | D278: 19D03 | E278: 001944 | F278: PALANDA | G278: NIVEL 1 | H278: CENTRO DE SALUD TIPO B | I278: 33 | Q278: 19 | R278: 14 | S278: 33 | U278: 33 | AF278: 33 | EM278: 3 | EY278: 3 | EZ278: 4 | FA278: 2 | FD278: 7 | FK278: 1 | FX278: 16 | FY278: 1
A279: Z07 | B279: ZAMORA CHINCHIPE | C279: PALANDA | D279: 19D03 | E279: 001945 | F279: VALLADOLID | G279: NIVEL 1 | H279: CENTRO DE SALUD TIPO A | I279: 5 | Q279: 4 | R279: 1 | S279: 5 | U279: 5 | AF279: 5 | EM279: 4 | EZ279: 1
A280: Z07 | B280: ZAMORA CHINCHIPE | C280: PALANDA | D280: 19D03 | E280: 001946 | F280: LA CANELA | G280: NIVEL 1 | H280: PUESTO DE SALUD | I280: 8 | Q280: 1 | R280: 7 | S280: 8 | U280: 8 | AF280: 8 | EM280: 5 | EY280: 1 | EZ280: 1 | FA280: 1
A281: Z07 | B281: ZAMORA CHINCHIPE | C281: PAQUISHA | D281: 19D02 | E281: 001899 | F281: PAQUISHA | G281: NIVEL 1 | H281: CENTRO DE SALUD TIPO B
A282: Z07 | B282: ZAMORA CHINCHIPE | C282: PAQUISHA | D282: 19D02 | E282: 001941 | F282: BELLAVISTA | G282: NIVEL 1 | H282: PUESTO DE SALUD
A283: Z07 | B283: ZAMORA CHINCHIPE | C283: PAQUISHA | D283: 19D02 | E283: 001942 | F283: CHINAPINTZA | G283: NIVEL 1 | H283: PUESTO DE SALUD
A284: Z07 | B284: ZAMORA CHINCHIPE | C284: PAQUISHA | D284: 19D02 | E284: 001943 | F284: CISAM | G284: NIVEL 1 | H284: PUESTO DE SALUD
A285: Z07 | B285: ZAMORA CHINCHIPE | C285: YACUAMBI | D285: 19D01 | E285: 001916 | F285: JEMBUENTZA | G285: NIVEL 1 | H285: PUESTO DE SALUD
A286: Z07 | B286: ZAMORA CHINCHIPE | C286: YACUAMBI | D286: 19D01 | E286: 001927 | F286: 28 DE MAYO (YACUAMBI) | G286: NIVEL 1 | H286: CENTRO DE SALUD TIPO A
A287: Z07 | B287: ZAMORA CHINCHIPE | C287: YACUAMBI | D287: 19D01 | E287: 001928 | F287: LA ESPERANZA | G287: NIVEL 1 | H287: PUESTO DE SALUD
A288: Z07 | B288: ZAMORA CHINCHIPE | C288: YACUAMBI | D288: 19D01 | E288: 001929 | F288: CHAPINTZA | G288: NIVEL 1 | H288: PUESTO DE SALUD
A289: Z07 | B289: ZAMORA CHINCHIPE | C289: YACUAMBI | D289: 19D01 | E289: 001930 | F289: LA PAZ | G289: NIVEL 1 | H289: PUESTO DE SALUD
A290: Z07 | B290: ZAMORA CHINCHIPE | C290: YACUAMBI | D290: 19D01 | E290: 001931 | F290: TUTUPALI | G290: NIVEL 1 | H290: PUESTO DE SALUD
A291: Z07 | B291: ZAMORA CHINCHIPE | C291: YANTZAZA | D291: 19D04 | E291: 001898 | F291: SAN VICENTE DE CANEY | G291: NIVEL 1 | H291: PUESTO DE SALUD
A292: Z07 | B292: ZAMORA CHINCHIPE | C292: YANTZAZA | D292: 19D04 | E292: 001932 | F292: CHICAÑA | G292: NIVEL 1 | H292: CENTRO DE SALUD TIPO A
... A309: Z07 | B309: ZAMORA CHINCHIPE | C309: ZAMORA | D309: 19D01 | E309: 002837 | F309: CENTRO DE SALUD ZAMORA | G309: NIVEL 1 | H309: CENTRO DE SALUD TIPO A
I310: =SUBTOTAL(9,I257:I309) -> 114 | J310: =SUBTOTAL(9,J257:J309) -> 0 | K310: =SUBTOTAL(9,K257:K309) -> 0 | L310: =SUBTOTAL(9,L257:L309) -> 0 | M310: =SUBTOTAL(9,M257:M309) -> 0 | N310: =SUBTOTAL(9,N257:N309) -> 0 | O310: =SUBTOTAL(9,O257:O309) -> 0 | P310: =SUBTOTAL(9,P257:P309) -> 0 | ... GC310: =SUBTOTAL(9,GC257:GC309) -> 0

Sheet JULIO
A1: Zona | B1: provincia | C1: canton | D1: distrito | E1: unicodigo | F1: uni_nombre | G1: nivel | H1: tipo | I1: Establecimiento | J1: CNH | K1: CDI | L1: E. General Básica | M1: Bachillerato | N1: Atención Comunitaria | O1: Vistas Domiciliaras | P1: ext_OTROS | Q1: Hombre | R1: Mujer | S1: Pertenece_ES | T1: No_pertenece_ES | U1: Ecuatoriana | V1: Colombiana | W1: Peruana | X1: Cubana | Y1: Venezolana | Z1: Otras | AA1: Indigena | AB1: Afro ecuatoriano/ Afro descendiente | AC1: Negro/a | AD1: Mulato/a | AE1: Montubio/a | AF1: Mestizo/a | AG1: Blanco/a | AH1: Otro | AI1: Achuar | AJ1: Andoa | AK1: Awa | AL1: Chachi | AM1: Cofan | AN1: Epera | AO1: Huancavilca | AP1: Kichwa | AQ1: Manta | AR1: Secoya | AS1: Shiwiar | AT1: Shuar | AU1: Siona | AV1: Tsáchila | AW1: Waorani | AX1: Zapara | AY1: Chibuleo | AZ1: Kañari | BA1: Karanki | BB1: Kayambi | BC1: Kichwa Amazónico | BD1: Kisapincha | BE1: Kitukara | BF1: Natabuela | BG1: Otavalo | BH1: Paltas | BI1: Panzaleo | BJ1: Pastos | BK1: Puruha | BL1: Salasaka | BM1: Saraguro | BN1: Tomabela | BO1: Waramka | BP1: fIPV_1ano_1d | BQ1: HB_1ano_1d | BR1: DPT_1ano_1d | BS1: fIPV_1ano_2d | BT1: HB_1ano_2d | BU1: DPT_1ano_2d | BV1: bOPV_1ano_3d | BW1: HB_1ano_3d | BX1: DPT_1ano_3d | BY1: fIPV_2anos_1d | BZ1: SRP_2anos_1d | CA1: HB_2anos_1d | CB1: DPT_2anos_1d | CC1: fIPV_2anos_2d | CD1: SRP_2anos_2d | CE1: HB_2anos_2d | CF1: DPT_2anos_2d | CG1: bOPV_2anos_3d | CH1: HB_2anos_3d | CI1: DPT_2anos_3d | CJ1: bOPV_2anos_4d | CK1: DPT_2anos_4d | CL1: FA_2anos | CM1: fIPV_3anos_1d | CN1: SRP_3anos_1d | CO1: HB_3anos_1d | CP1: DPT_3anos_1d | CQ1: fIPV_3anos_2d | CR1: SRP_3anos_2d | CS1: HB_3anos_2d | CT1: DPT_3anos_2d | CU1: bOPV_3anos_3d | CV1: HB_3anos_3d | CW1: DPT_3anos_3d | CX1: bOPV_3anos_4d | CY1: DPT_3anos_4d | CZ1: FA_3anos | DA1: fIPV_4anos_1d | DB1: SRP_4anos_1d | DC1: HB_4anos_1d | DD1: DPT_4anos_1d | DE1: fIPV_4anos_2d | DF1: SRP_4anos_2d | DG1: HB_4anos_2d | DH1: DPT_4anos_2d | DI1: bOPV_4anos_3d | DJ1: HB_4anos_3d | DK1: DPT_4anos_3d | DL1: bOPV_4anos_4d | DM1: DPT_4anos_4d | DN1: FA_4anos | DO1: fIPV_5anos_1d | DP1: SRP_5anos_1d | DQ1: HB_5anos_1d | DR1: DPT_5anos_1d | DS1: fIPV_5anos_2d | DT1: SRP_5anos_2d | DU1: HB_5anos_2d | DV1: DPT_5anos_2d | DW1: bOPV_5anos_3d | DX1: HB_5anos_3d | DY1: DPT_5anos_3d | DZ1: bOPV_5anos_4d | EA1: DPT_5anos_4d | EB1: FA_5anos | EC1: SRP_6anos_1d | ED1: SRP_6anos_2d | EE1: FA_6anos | EF1: SR_7anos_1d | EG1: SR_7anos_2d | EH1: FA_7anos | EI1: FA_8anos | EJ1: dT adulto_7a14 años | EK1: FA_9a14 | EL1: FA_15a19 | EM1: FA_20a59 | EN1: SR_8a14_1d | EO1: SR_8a14_2d | EP1: SR_15a29_1d | EQ1: SR_15a29_2d | ER1: SR_30a50_1d | ES1: SR_30a50_2d | ET1: dTadulto_MEF_1D | EU1: dTadulto_MEF_2D | EV1: dTadulto_MEF_3D | EW1: dTadulto_MEF_4D | EX1: dTadulto_MEF_5D | EY1: dTadulto_EMB_1D | EZ1: dTadulto_EMB_2D | FA1: dTadulto_EMB_3D | FB1: dTadulto_EMB_4D | FC1: dTadulto_EMB_5D | FD1: dTadulto_HOMBRE_1D | FE1: dTadulto_HOMBRE_2D | FF1: dTadulto_HOMBRE_3D | FG1: dTadulto_HOMBRE_4D | FH1: dTadulto_HOMBRE_5D | FI1: HB_TSALUD_1D | FJ1: HB_TSALUD_2D | FK1: HB_TSALUD_3D | FL1: HB_ESTSALUD_1D | FM1: HB_ESTSALUD_2D | FN1: HB_ESTSALUD_3D | FO1: HB_TSEXUAL_1D | FP1: HB_TSEXUAL_2D | FQ1: HB_TSEXUAL_3D | FR1: HB_PVV_1D | FS1: HB_PVV_2D | FT1: HB_PVV_3D | FU1: HB_PPL_1D | FV1: HB_PPL_2D | FW1: HB_PPL_3D | FX1: HB_OGRUP_1D | FY1: HB_OGRUP_2D | FZ1: HB_OGRUP_3D | GA1: Inmunoglobulina_Antitetánica | GB1: Inmunoglobulina_Anti Hepatitis B | GC1: Inmunoglobulina_Antirrábica
A2: Z07 | B2: EL ORO | C2: ARENILLAS | D2: 07D05 | E2: 000541 | F2: SAN VICENTE | G2: NIVEL 1 | H2: CENTRO DE SALUD TIPO A
A3: Z07 | B3: EL ORO | C3: ARENILLAS | D3: 07D05 | E3: 000542 | F3: SAN ISIDRO URBANO | G3: NIVEL 1 | H3: CENTRO DE SALUD TIPO B
A4: Z07 | B4: EL ORO | C4: ARENILLAS | D4: 07D05 | E4: 000543 | F4: CAÑAS | G4: NIVEL 1 | H4: PUESTO DE SALUD
A5: Z07 | B5: EL ORO | C5: ARENILLAS | D5: 07D05 | E5: 000544 | F5: LA CUCA | G5: NIVEL 1 | H5: CENTRO DE SALUD TIPO A
A6: Z07 | B6: EL ORO | C6: ARENILLAS | D6: 07D05 | E6: 000545 | F6: CARCABON | G6: NIVEL 1 | H6: CENTRO DE SALUD TIPO A
A7: Z07 | B7: EL ORO | C7: ARENILLAS | D7: 07D05 | E7: 000546 | F7: CHACRAS | G7: NIVEL 1 | H7: CENTRO DE SALUD TIPO A
A8: Z07 | B8: EL ORO | C8: ARENILLAS | D8: 07D05 | E8: 000547 | F8: PALMALES | G8: NIVEL 1 | H8: CENTRO DE SALUD TIPO A
A9: Z07 | B9: EL ORO | C9: ARENILLAS | D9: 07D05 | E9: 000548 | F9: MANABI DE EL ORO | G9: NIVEL 1 | H9: PUESTO DE SALUD
A10: Z07 | B10: EL ORO | C10: ARENILLAS | D10: 07D05 | E10: 000591 | F10: HOSPITAL BASICO DE ARENILLAS | G10: NIVEL 2 | H10: HOSPITAL BASICO
A11: Z07 | B11: EL ORO | C11: ARENILLAS | D11: 07D05 | E11: 002763 | F11: EL JOBO SAN VICENTE | G11: NIVEL 1 | H11: PUESTO DE SALUD
A12: Z07 | B12: EL ORO | C12: ARENILLAS | D12: 07D05 | E12: 002900 | F12: CENTRO DE SALUD ARENILLAS | G12: NIVEL 1 | H12: CENTRO DE SALUD TIPO A
A13: Z07 | B13: EL ORO | C13: ATAHUALPA | D13: 07D03 | E13: 000576 | F13: AYAPAMBA | G13: NIVEL 1 | H13: CENTRO DE SALUD TIPO A
... A256: Z07 | B256: ZAMORA CHINCHIPE | C256: CENTINELA DEL CONDOR | D256: 19D02 | E256: 001900 | F256: ZUMBI | G256: NIVEL 1 | H256: CENTRO DE SALUD TIPO A
A257: Z07 | B257: ZAMORA CHINCHIPE | C257: CHINCHIPE | D257: 19D03 | E257: 001901 | F257: LA CHONTA | G257: NIVEL 1 | H257: CENTRO DE SALUD TIPO A | I257: 3 | Q257: 2 | R257: 1 | S257: 3 | U257: 3 | AF257: 3 | EJ257: 2 | FD257: 1
A258: Z07 | B258: ZAMORA CHINCHIPE | C258: CHINCHIPE | D258: 19D03 | E258: 001902 | F258: EL CHORRO | G258: NIVEL 1 | H258: PUESTO DE SALUD
A259: Z07 | B259: ZAMORA CHINCHIPE | C259: CHINCHIPE | D259: 19D03 | E259: 001903 | F259: CHITO | G259: NIVEL 1 | H259: CENTRO DE SALUD TIPO A | I259: 4 | O259: 1 | R259: 5 | S259: 5 | U259: 5 | AF259: 5 | ET259: 1 | EY259: 1 | EZ259: 3
A260: Z07 | B260: ZAMORA CHINCHIPE | C260: CHINCHIPE | D260: 19D03 | E260: 001921 | F260: LA GUAYUZA | G260: NIVEL 1 | H260: PUESTO DE SALUD | I260: 3 | N260: 0 | Q260: 1 | R260: 2 | S260: 3 | U260: 3 | AF260: 3 | EM260: 2 | EY260: 0 | FD260: 1 | FE260: 2
A261: Z07 | B261: ZAMORA CHINCHIPE | C261: CHINCHIPE | D261: 19D03 | E261: 001922 | F261: LA DIVERSION | G261: NIVEL 1 | H261: CENTRO DE SALUD TIPO A | I261: 1 | N261: 1 | R261: 2 | S261: 2 | U261: 2 | AF261: 2 | EU261: 1 | EZ261: 1 | FJ261: 1
A262: Z07 | B262: ZAMORA CHINCHIPE | C262: CHINCHIPE | D262: 19D03 | E262: 001923 | F262: SAN ANDRES | G262: NIVEL 1 | H262: PUESTO DE SALUD | I262: 1 | Q262: 1 | S262: 1 | U262: 1 | AF262: 1 | FE262: 1
A263: Z07 | B263: ZAMORA CHINCHIPE | C263: CHINCHIPE | D263: 19D03 | E263: 001949 | F263: HOSPITAL BASICO DE ZUMBA | G263: NIVEL 2 | H263: HOSPITAL BASICO
A264: Z07 | B264: ZAMORA CHINCHIPE | C264: CHINCHIPE | D264: 19D03 | E264: 002846 | F264: CENTRO DE SALUD DE ZUMBA | G264: NIVEL 1 | H264: CENTRO DE SALUD TIPO A | I264: 41 | Q264: 2 | R264: 39 | S264: 41 | U264: 38 | Y264: 3 | AF264: 38 | AH264: 3 | CJ264: 1 | EL264: 1 | EM264: 10 | ET264: 8 | EU264: 8 | EV264: 3 | EX264: 1 | EY264: 3 | EZ264: 9 | FA264: 1 | FD264: 2 | FJ264: 1 | FK264: 1 | FO264: 6 | FP264: 2 | FQ264: 1
A265: Z07 | B265: ZAMORA CHINCHIPE | C265: EL PANGUI | D265: 19D04 | E265: 001912 | F265: PACHICUTZA | G265: NIVEL 1 | H265: PUESTO DE SALUD
A266: Z07 | B266: ZAMORA CHINCHIPE | C266: EL PANGUI | D266: 19D04 | E266: 001913 | F266: EL PANGUI | G266: NIVEL 1 | H266: CENTRO DE SALUD TIPO B
A267: Z07 | B267: ZAMORA CHINCHIPE | C267: EL PANGUI | D267: 19D04 | E267: 001914 | F267: TUNDAYME | G267: NIVEL 1 | H267: PUESTO DE SALUD
A268: Z07 | B268: ZAMORA CHINCHIPE | C268: EL PANGUI | D268: 19D04 | E268: 001933 | F268: EL GUISMI | G268: NIVEL 1 | H268: PUESTO DE SALUD
A269: Z07 | B269: ZAMORA CHINCHIPE | C269: EL PANGUI | D269: 19D04 | E269: 001934 | F269: CHUCHUMBLETZA | G269: NIVEL 1 | H269: PUESTO DE SALUD
A270: Z07 | B270: ZAMORA CHINCHIPE | C270: NANGARITZA | D270: 19D02 | E270: 001906 | F270: NUEVO PARAISO | G270: NIVEL 1 | H270: PUESTO DE SALUD
A271: Z07 | B271: ZAMORA CHINCHIPE | C271: NANGARITZA | D271: 19D02 | E271: 001907 | F271: SHAIMI | G271: NIVEL 1 | H271: PUESTO DE SALUD
A272: Z07 | B272: ZAMORA CHINCHIPE | C272: NANGARITZA | D272: 19D02 | E272: 001908 | F272: GERANIOS | G272: NIVEL 1 | H272: PUESTO DE SALUD
A273: Z07 | B273: ZAMORA CHINCHIPE | C273: NANGARITZA | D273: 19D02 | E273: 001909 | F273: ZURMI | G273: NIVEL 1 | H273: PUESTO DE SALUD
A274: Z07 | B274: ZAMORA CHINCHIPE | C274: NANGARITZA | D274: 19D02 | E274: 001925 | F274: SANTA ELENA | G274: NIVEL 1 | H274: PUESTO DE SALUD
A275: Z07 | B275: ZAMORA CHINCHIPE | C275: NANGARITZA | D275: 19D02 | E275: 001926 | F275: GUAYZIMI | G275: NIVEL 1 | H275: CENTRO DE SALUD TIPO A
A276: Z07 | B276: ZAMORA CHINCHIPE | C276: PALANDA | D276: 19D03 | E276: 001904 | F276: SAN FRANCISCO DEL VERGEL | G276: NIVEL 1 | H276: PUESTO DE SALUD | I276: 5 | Q276: 1 | R276: 4 | S276: 4 | T276: 1 | U276: 5 | AF276: 5 | EY276: 2 | EZ276: 2 | FD276: 1
A277: Z07 | B277: ZAMORA CHINCHIPE | C277: PALANDA | D277: 19D03 | E277: 001937 | F277: EL PORVENIR DEL CARMEN | G277: NIVEL 1 | H277: PUESTO DE SALUD | I277: 2 | R277: 2 | S277: 2 | U277: 2 | AF277: 2 | EZ277: 2
A278: Z07 | B278: ZAMORA CHINCHIPE | C278: PALANDA | D278: 19D03 | E278: 001944 | F278: PALANDA | G278: NIVEL 1 | H278: CENTRO DE SALUD TIPO B | I278: 15 | Q278: 4 | R278: 11 | S278: 15 | U278: 15 | AF278: 15 | EM278: 1 | EU278: 1 | EV278: 2 | EW278: 1 | EY278: 1 | EZ278: 4 | FA278: 1 | FD278: 2 | FE278: 1 | FF278: 1 | FJ278: 1 | FX278: 1
A279: Z07 | B279: ZAMORA CHINCHIPE | C279: PALANDA | D279: 19D03 | E279: 001945 | F279: VALLADOLID | G279: NIVEL 1 | H279: CENTRO DE SALUD TIPO A | I279: 6 | Q279: 4 | R279: 2 | S279: 6 | U279: 6 | AF279: 6 | EM279: 2 | EY279: 1 | FD279: 2 | FE279: 1 | FX279: 1 | FY279: 1
A280: Z07 | B280: ZAMORA CHINCHIPE | C280: PALANDA | D280: 19D03 | E280: 001946 | F280: LA CANELA | G280: NIVEL 1 | H280: PUESTO DE SALUD | I280: 5 | Q280: 1 | R280: 4 | S280: 5 | U280: 4 | W280: 1 | AF280: 4 | AH280: 1 | EY280: 2 | EZ280: 2 | FD280: 1
A281: Z07 | B281: ZAMORA CHINCHIPE | C281: PAQUISHA | D281: 19D02 | E281: 001899 | F281: PAQUISHA | G281: NIVEL 1 | H281: CENTRO DE SALUD TIPO B
A282: Z07 | B282: ZAMORA CHINCHIPE | C282: PAQUISHA | D282: 19D02 | E282: 001941 | F282: BELLAVISTA | G282: NIVEL 1 | H282: PUESTO DE SALUD
A283: Z07 | B283: ZAMORA CHINCHIPE | C283: PAQUISHA | D283: 19D02 | E283: 001942 | F283: CHINAPINTZA | G283: NIVEL 1 | H283: PUESTO DE SALUD
A284: Z07 | B284: ZAMORA CHINCHIPE | C284: PAQUISHA | D284: 19D02 | E284: 001943 | F284: CISAM | G284: NIVEL 1 | H284: PUESTO DE SALUD
A285: Z07 | B285: ZAMORA CHINCHIPE | C285: YACUAMBI | D285: 19D01 | E285: 001916 | F285: JEMBUENTZA | G285: NIVEL 1 | H285: PUESTO DE SALUD
A286: Z07 | B286: ZAMORA CHINCHIPE | C286: YACUAMBI | D286: 19D01 | E286: 001927 | F286: 28 DE MAYO (YACUAMBI) | G286: NIVEL 1 | H286: CENTRO DE SALUD TIPO A
A287: Z07 | B287: ZAMORA CHINCHIPE | C287: YACUAMBI | D287: 19D01 | E287: 001928 | F287: LA ESPERANZA | G287: NIVEL 1 | H287: PUESTO DE SALUD
A288: Z07 | B288: ZAMORA CHINCHIPE | C288: YACUAMBI | D288: 19D01 | E288: 001929 | F288: CHAPINTZA | G288: NIVEL 1 | H288: PUESTO DE SALUD
A289: Z07 | B289: ZAMORA CHINCHIPE | C289: YACUAMBI | D289: 19D01 | E289: 001930 | F289: LA PAZ | G289: NIVEL 1 | H289: PUESTO DE SALUD
A290: Z07 | B290: ZAMORA CHINCHIPE | C290: YACUAMBI | D290: 19D01 | E290: 001931 | F290: TUTUPALI | G290: NIVEL 1 | H290: PUESTO DE SALUD
A291: Z07 | B291: ZAMORA CHINCHIPE | C291: YANTZAZA | D291: 19D04 | E291: 001898 | F291: SAN VICENTE DE CANEY | G291: NIVEL 1 | H291: PUESTO DE SALUD
A292: Z07 | B292: ZAMORA CHINCHIPE | C292: YANTZAZA | D292: 19D04 | E292: 001932 | F292: CHICAÑA | G292: NIVEL 1 | H292: CENTRO DE SALUD TIPO A
... A309: Z07 | B309: ZAMORA CHINCHIPE | C309: ZAMORA | D309: 19D01 | E309: 002837 | F309: CENTRO DE SALUD ZAMORA | G309: NIVEL 1 | H309: CENTRO DE SALUD TIPO A
I310: =SUBTOTAL(9,I257:I309) -> 86 | J310: =SUBTOTAL(9,J257:J309) -> 0 | K310: =SUBTOTAL(9,K257:K309) -> 0 | L310: =SUBTOTAL(9,L257:L309) -> 0 | M310: =SUBTOTAL(9,M257:M309) -> 0 | N310: =SUBTOTAL(9,N257:N309) -> 1 | O310: =SUBTOTAL(9,O257:O309) -> 1 | P310: =SUBTOTAL(9,P257:P309) -> 0 | ... GC310: =SUBTOTAL(9,GC257:GC309) -> 0

Sheet AGOSTO
A1: Zona | B1: provincia | C1: canton | D1: distrito | E1: unicodigo | F1: uni_nombre | G1: nivel | H1: tipo | I1: Establecimiento | J1: CNH | K1: CDI | L1: E. General Básica | M1: Bachillerato | N1: Atención Comunitaria | O1: Vistas Domiciliaras | P1: ext_OTROS | Q1: Hombre | R1: Mujer | S1: Pertenece_ES | T1: No_pertenece_ES | U1: Ecuatoriana | V1: Colombiana | W1: Peruana | X1: Cubana | Y1: Venezolana | Z1: Otras | AA1: Indigena | AB1: Afro ecuatoriano/ Afro descendiente | AC1: Negro/a | AD1: Mulato/a | AE1: Montubio/a | AF1: Mestizo/a | AG1: Blanco/a | AH1: Otro | AI1: Achuar | AJ1: Andoa | AK1: Awa | AL1: Chachi | AM1: Cofan | AN1: Epera | AO1: Huancavilca | AP1: Kichwa | AQ1: Manta | AR1: Secoya | AS1: Shiwiar | AT1: Shuar | AU1: Siona | AV1: Tsáchila | AW1: Waorani | AX1: Zapara | AY1: Chibuleo | AZ1: Kañari | BA1: Karanki | BB1: Kayambi | BC1: Kichwa Amazónico | BD1: Kisapincha | BE1: Kitukara | BF1: Natabuela | BG1: Otavalo | BH1: Paltas | BI1: Panzaleo | BJ1: Pastos | BK1: Puruha | BL1: Salasaka | BM1: Saraguro | BN1: Tomabela | BO1: Waramka | BP1: fIPV_1ano_1d | BQ1: HB_1ano_1d | BR1: DPT_1ano_1d | BS1: fIPV_1ano_2d | BT1: HB_1ano_2d | BU1: DPT_1ano_2d | BV1: bOPV_1ano_3d | BW1: HB_1ano_3d | BX1: DPT_1ano_3d | BY1: fIPV_2anos_1d | BZ1: SRP_2anos_1d | CA1: HB_2anos_1d | CB1: DPT_2anos_1d | CC1: fIPV_2anos_2d | CD1: SRP_2anos_2d | CE1: HB_2anos_2d | CF1: DPT_2anos_2d | CG1: bOPV_2anos_3d | CH1: HB_2anos_3d | CI1: DPT_2anos_3d | CJ1: bOPV_2anos_4d | CK1: DPT_2anos_4d | CL1: FA_2anos | CM1: fIPV_3anos_1d | CN1: SRP_3anos_1d | CO1: HB_3anos_1d | CP1: DPT_3anos_1d | CQ1: fIPV_3anos_2d | CR1: SRP_3anos_2d | CS1: HB_3anos_2d | CT1: DPT_3anos_2d | CU1: bOPV_3anos_3d | CV1: HB_3anos_3d | CW1: DPT_3anos_3d | CX1: bOPV_3anos_4d | CY1: DPT_3anos_4d | CZ1: FA_3anos | DA1: fIPV_4anos_1d | DB1: SRP_4anos_1d | DC1: HB_4anos_1d | DD1: DPT_4anos_1d | DE1: fIPV_4anos_2d | DF1: SRP_4anos_2d | DG1: HB_4anos_2d | DH1: DPT_4anos_2d | DI1: bOPV_4anos_3d | DJ1: HB_4anos_3d | DK1: DPT_4anos_3d | DL1: bOPV_4anos_4d | DM1: DPT_4anos_4d | DN1: FA_4anos | DO1: fIPV_5anos_1d | DP1: SRP_5anos_1d | DQ1: HB_5anos_1d | DR1: DPT_5anos_1d | DS1: fIPV_5anos_2d | DT1: SRP_5anos_2d | DU1: HB_5anos_2d | DV1: DPT_5anos_2d | DW1: bOPV_5anos_3d | DX1: HB_5anos_3d | DY1: DPT_5anos_3d | DZ1: bOPV_5anos_4d | EA1: DPT_5anos_4d | EB1: FA_5anos | EC1: SRP_6anos_1d | ED1: SRP_6anos_2d | EE1: FA_6anos | EF1: SR_7anos_1d | EG1: SR_7anos_2d | EH1: FA_7anos | EI1: FA_8anos | EJ1: dT adulto_7a14 años | EK1: FA_9a14 | EL1: FA_15a19 | EM1: FA_20a59 | EN1: SR_8a14_1d | EO1: SR_8a14_2d | EP1: SR_15a29_1d | EQ1: SR_15a29_2d | ER1: SR_30a50_1d | ES1: SR_30a50_2d | ET1: dTadulto_MEF_1D | EU1: dTadulto_MEF_2D | EV1: dTadulto_MEF_3D | EW1: dTadulto_MEF_4D | EX1: dTadulto_MEF_5D | EY1: dTadulto_EMB_1D | EZ1: dTadulto_EMB_2D | FA1: dTadulto_EMB_3D | FB1: dTadulto_EMB_4D | FC1: dTadulto_EMB_5D | FD1: dTadulto_HOMBRE_1D | FE1: dTadulto_HOMBRE_2D | FF1: dTadulto_HOMBRE_3D | FG1: dTadulto_HOMBRE_4D | FH1: dTadulto_HOMBRE_5D | FI1: HB_TSALUD_1D | FJ1: HB_TSALUD_2D | FK1: HB_TSALUD_3D | FL1: HB_ESTSALUD_1D | FM1: HB_ESTSALUD_2D | FN1: HB_ESTSALUD_3D | FO1: HB_TSEXUAL_1D | FP1: HB_TSEXUAL_2D | FQ1: HB_TSEXUAL_3D | FR1: HB_PVV_1D | FS1: HB_PVV_2D | FT1: HB_PVV_3D | FU1: HB_PPL_1D | FV1: HB_PPL_2D | FW1: HB_PPL_3D | FX1: HB_OGRUP_1D | FY1: HB_OGRUP_2D | FZ1: HB_OGRUP_3D | GA1: Inmunoglobulina_Antitetánica | GB1: Inmunoglobulina_Anti Hepatitis B | GC1: Inmunoglobulina_Antirrábica
A2: Z07 | B2: EL ORO | C2: ARENILLAS | D2: 07D05 | E2: 000541 | F2: SAN VICENTE | G2: NIVEL 1 | H2: CENTRO DE SALUD TIPO A
A3: Z07 | B3: EL ORO | C3: ARENILLAS | D3: 07D05 | E3: 000542 | F3: SAN ISIDRO URBANO | G3: NIVEL 1 | H3: CENTRO DE SALUD TIPO B
A4: Z07 | B4: EL ORO | C4: ARENILLAS | D4: 07D05 | E4: 000543 | F4: CAÑAS | G4: NIVEL 1 | H4: PUESTO DE SALUD
A5: Z07 | B5: EL ORO | C5: ARENILLAS | D5: 07D05 | E5: 000544 | F5: LA CUCA | G5: NIVEL 1 | H5: CENTRO DE SALUD TIPO A
A6: Z07 | B6: EL ORO | C6: ARENILLAS | D6: 07D05 | E6: 000545 | F6: CARCABON | G6: NIVEL 1 | H6: CENTRO DE SALUD TIPO A
A7: Z07 | B7: EL ORO | C7: ARENILLAS | D7: 07D05 | E7: 000546 | F7: CHACRAS | G7: NIVEL 1 | H7: CENTRO DE SALUD TIPO A
A8: Z07 | B8: EL ORO | C8: ARENILLAS | D8: 07D05 | E8: 000547 | F8: PALMALES | G8: NIVEL 1 | H8: CENTRO DE SALUD TIPO A
A9: Z07 | B9: EL ORO | C9: ARENILLAS | D9: 07D05 | E9: 000548 | F9: MANABI DE EL ORO | G9: NIVEL 1 | H9: PUESTO DE SALUD
A10: Z07 | B10: EL ORO | C10: ARENILLAS | D10: 07D05 | E10: 000591 | F10: HOSPITAL BASICO DE ARENILLAS | G10: NIVEL 2 | H10: HOSPITAL BASICO
A11: Z07 | B11: EL ORO | C11: ARENILLAS | D11: 07D05 | E11: 002763 | F11: EL JOBO SAN VICENTE | G11: NIVEL 1 | H11: PUESTO DE SALUD
A12: Z07 | B12: EL ORO | C12: ARENILLAS | D12: 07D05 | E12: 002900 | F12: CENTRO DE SALUD ARENILLAS | G12: NIVEL 1 | H12: CENTRO DE SALUD TIPO A
A13: Z07 | B13: EL ORO | C13: ATAHUALPA | D13: 07D03 | E13: 000576 | F13: AYAPAMBA | G13: NIVEL 1 | H13: CENTRO DE SALUD TIPO A
... A256: Z07 | B256: ZAMORA CHINCHIPE | C256: CENTINELA DEL CONDOR | D256: 19D02 | E256: 001900 | F256: ZUMBI | G256: NIVEL 1 | H256: CENTRO DE SALUD TIPO A
A257: Z07 | B257: ZAMORA CHINCHIPE | C257: CHINCHIPE | D257: 19D03 | E257: 001901 | F257: LA CHONTA | G257: NIVEL 1 | H257: CENTRO DE SALUD TIPO A | I257: 3 | N257: 0 | Q257: 2 | R257: 1 | S257: 3 | U257: 3 | AF257: 3 | EJ257: 0 | EY257: 0 | FD257: 1 | FE257: 1 | FI257: 1 | FJ257: 0
A258: Z07 | B258: ZAMORA CHINCHIPE | C258: CHINCHIPE | D258: 19D03 | E258: 001902 | F258: EL CHORRO | G258: NIVEL 1 | H258: PUESTO DE SALUD | N258: 0 | EY258: 0
A259: Z07 | B259: ZAMORA CHINCHIPE | C259: CHINCHIPE | D259: 19D03 | E259: 001903 | F259: CHITO | G259: NIVEL 1 | H259: CENTRO DE SALUD TIPO A | I259: 5 | N259: 0 | Q259: 1 | R259: 4 | S259: 5 | U259: 4 | W259: 1 | AF259: 4 | AH259: 1 | EJ259: 1 | EY259: 1 | EZ259: 2 | FI259: 1
A260: Z07 | B260: ZAMORA CHINCHIPE | C260: CHINCHIPE | D260: 19D03 | E260: 001921 | F260: LA GUAYUZA | G260: NIVEL 1 | H260: PUESTO DE SALUD | I260: 3 | N260: 0 | Q260: 1 | R260: 2 | S260: 3 | U260: 3 | AF260: 3 | ET260: 2 | EY260: 0 | FD260: 1
A261: Z07 | B261: ZAMORA CHINCHIPE | C261: CHINCHIPE | D261: 19D03 | E261: 001922 | F261: LA DIVERSION | G261: NIVEL 1 | H261: CENTRO DE SALUD TIPO A | I261: 1 | N261: 0 | R261: 1 | S261: 1 | U261: 1 | AF261: 1 | EU261: 1 | FJ261: 1
A262: Z07 | B262: ZAMORA CHINCHIPE | C262: CHINCHIPE | D262: 19D03 | E262: 001923 | F262: SAN ANDRES | G262: NIVEL 1 | H262: PUESTO DE SALUD
A263: Z07 | B263: ZAMORA CHINCHIPE | C263: CHINCHIPE | D263: 19D03 | E263: 001949 | F263: HOSPITAL BASICO DE ZUMBA | G263: NIVEL 2 | H263: HOSPITAL BASICO
A264: Z07 | B264: ZAMORA CHINCHIPE | C264: CHINCHIPE | D264: 19D03 | E264: 002846 | F264: CENTRO DE SALUD DE ZUMBA | G264: NIVEL 1 | H264: CENTRO DE SALUD TIPO A | I264: 35 | Q264: 7 | R264: 28 | S264: 35 | U264: 33 | V264: 1 | Y264: 1 | AF264: 33 | AH264: 2 | CG264: 1 | EL264: 4 | EM264: 13 | ET264: 2 | EU264: 6 | EV264: 1 | EY264: 1 | EZ264: 9 | FD264: 5 | FE264: 1 | FK264: 2 | FL264: 1 | FO264: 2 | FP264: 1 | FQ264: 2
A265: Z07 | B265: ZAMORA CHINCHIPE | C265: EL PANGUI | D265: 19D04 | E265: 001912 | F265: PACHICUTZA | G265: NIVEL 1 | H265: PUESTO DE SALUD
A266: Z07 | B266: ZAMORA CHINCHIPE | C266: EL PANGUI | D266: 19D04 | E266: 001913 | F266: EL PANGUI | G266: NIVEL 1 | H266: CENTRO DE SALUD TIPO B
A267: Z07 | B267: ZAMORA CHINCHIPE | C267: EL PANGUI | D267: 19D04 | E267: 001914 | F267: TUNDAYME | G267: NIVEL 1 | H267: PUESTO DE SALUD
A268: Z07 | B268: ZAMORA CHINCHIPE | C268: EL PANGUI | D268: 19D04 | E268: 001933 | F268: EL GUISMI | G268: NIVEL 1 | H268: PUESTO DE SALUD
A269: Z07 | B269: ZAMORA CHINCHIPE | C269: EL PANGUI | D269: 19D04 | E269: 001934 | F269: CHUCHUMBLETZA | G269: NIVEL 1 | H269: PUESTO DE SALUD
A270: Z07 | B270: ZAMORA CHINCHIPE | C270: NANGARITZA | D270: 19D02 | E270: 001906 | F270: NUEVO PARAISO | G270: NIVEL 1 | H270: PUESTO DE SALUD
A271: Z07 | B271: ZAMORA CHINCHIPE | C271: NANGARITZA | D271: 19D02 | E271: 001907 | F271: SHAIMI | G271: NIVEL 1 | H271: PUESTO DE SALUD
A272: Z07 | B272: ZAMORA CHINCHIPE | C272: NANGARITZA | D272: 19D02 | E272: 001908 | F272: GERANIOS | G272: NIVEL 1 | H272: PUESTO DE SALUD
A273: Z07 | B273: ZAMORA CHINCHIPE | C273: NANGARITZA | D273: 19D02 | E273: 001909 | F273: ZURMI | G273: NIVEL 1 | H273: PUESTO DE SALUD
A274: Z07 | B274: ZAMORA CHINCHIPE | C274: NANGARITZA | D274: 19D02 | E274: 001925 | F274: SANTA ELENA | G274: NIVEL 1 | H274: PUESTO DE SALUD
A275: Z07 | B275: ZAMORA CHINCHIPE | C275: NANGARITZA | D275: 19D02 | E275: 001926 | F275: GUAYZIMI | G275: NIVEL 1 | H275: CENTRO DE SALUD TIPO A
A276: Z07 | B276: ZAMORA CHINCHIPE | C276: PALANDA | D276: 19D03 | E276: 001904 | F276: SAN FRANCISCO DEL VERGEL | G276: NIVEL 1 | H276: PUESTO DE SALUD | I276: 4 | R276: 4 | S276: 4 | U276: 4 | AF276: 4 | EV276: 1 | EY276: 1 | EZ276: 1 | FA276: 1
A277: Z07 | B277: ZAMORA CHINCHIPE | C277: PALANDA | D277: 19D03 | E277: 001937 | F277: EL PORVENIR DEL CARMEN | G277: NIVEL 1 | H277: PUESTO DE SALUD | I277: 1 | Q277: 1 | S277: 1 | U277: 1 | AF277: 1 | FD277: 1
A278: Z07 | B278: ZAMORA CHINCHIPE | C278: PALANDA | D278: 19D03 | E278: 001944 | F278: PALANDA | G278: NIVEL 1 | H278: CENTRO DE SALUD TIPO B | I278: 22 | Q278: 7 | R278: 15 | S278: 22 | U278: 22 | AF278: 22 | EK278: 2 | EL278: 1 | EM278: 2 | ET278: 3 | EV278: 1 | EY278: 7 | FA278: 2 | FD278: 3 | FE278: 2
A279: Z07 | B279: ZAMORA CHINCHIPE | C279: PALANDA | D279: 19D03 | E279: 001945 | F279: VALLADOLID | G279: NIVEL 1 | H279: CENTRO DE SALUD TIPO A | I279: 16 | Q279: 8 | R279: 8 | S279: 16 | U279: 16 | AF279: 16 | EK279: 1 | EL279: 1 | EM279: 3 | ET279: 3 | EZ279: 1 | FD279: 6 | FX279: 6
A280: Z07 | B280: ZAMORA CHINCHIPE | C280: PALANDA | D280: 19D03 | E280: 001946 | F280: LA CANELA | G280: NIVEL 1 | H280: PUESTO DE SALUD | I280: 4 | Q280: 2 | R280: 2 | S280: 4 | U280: 4 | AF280: 4 | EY280: 1 | EZ280: 1 | FD280: 2
A281: Z07 | B281: ZAMORA CHINCHIPE | C281: PAQUISHA | D281: 19D02 | E281: 001899 | F281: PAQUISHA | G281: NIVEL 1 | H281: CENTRO DE SALUD TIPO B
A282: Z07 | B282: ZAMORA CHINCHIPE | C282: PAQUISHA | D282: 19D02 | E282: 001941 | F282: BELLAVISTA | G282: NIVEL 1 | H282: PUESTO DE SALUD
A283: Z07 | B283: ZAMORA CHINCHIPE | C283: PAQUISHA | D283: 19D02 | E283: 001942 | F283: CHINAPINTZA | G283: NIVEL 1 | H283: PUESTO DE SALUD
A284: Z07 | B284: ZAMORA CHINCHIPE | C284: PAQUISHA | D284: 19D02 | E284: 001943 | F284: CISAM | G284: NIVEL 1 | H284: PUESTO DE SALUD
A285: Z07 | B285: ZAMORA CHINCHIPE | C285: YACUAMBI | D285: 19D01 | E285: 001916 | F285: JEMBUENTZA | G285: NIVEL 1 | H285: PUESTO DE SALUD
A286: Z07 | B286: ZAMORA CHINCHIPE | C286: YACUAMBI | D286: 19D01 | E286: 001927 | F286: 28 DE MAYO (YACUAMBI) | G286: NIVEL 1 | H286: CENTRO DE SALUD TIPO A
A287: Z07 | B287: ZAMORA CHINCHIPE | C287: YACUAMBI | D287: 19D01 | E287: 001928 | F287: LA ESPERANZA | G287: NIVEL 1 | H287: PUESTO DE SALUD
A288: Z07 | B288: ZAMORA CHINCHIPE | C288: YACUAMBI | D288: 19D01 | E288: 001929 | F288: CHAPINTZA | G288: NIVEL 1 | H288: PUESTO DE SALUD
A289: Z07 | B289: ZAMORA CHINCHIPE | C289: YACUAMBI | D289: 19D01 | E289: 001930 | F289: LA PAZ | G289: NIVEL 1 | H289: PUESTO DE SALUD
A290: Z07 | B290: ZAMORA CHINCHIPE | C290: YACUAMBI | D290: 19D01 | E290: 001931 | F290: TUTUPALI | G290: NIVEL 1 | H290: PUESTO DE SALUD
A291: Z07 | B291: ZAMORA CHINCHIPE | C291: YANTZAZA | D291: 19D04 | E291: 001898 | F291: SAN VICENTE DE CANEY | G291: NIVEL 1 | H291: PUESTO DE SALUD
A292: Z07 | B292: ZAMORA CHINCHIPE | C292: YANTZAZA | D292: 19D04 | E292: 001932 | F292: CHICAÑA | G292: NIVEL 1 | H292: CENTRO DE SALUD TIPO A
... A309: Z07 | B309: ZAMORA CHINCHIPE | C309: ZAMORA | D309: 19D01 | E309: 002837 | F309: CENTRO DE SALUD ZAMORA | G309: NIVEL 1 | H309: CENTRO DE SALUD TIPO A
I310: =I257+I258+I259+I260+I261+I262+I263+I264+I276+I277+I278+I279+I280 -> 94 | J310: =J257+J258+J259+J260+J261+J262+J263+J264+J276+J277+J278+J279+J280 -> 0 | K310: =K257+K258+K259+K260+K261+K262+K263+K264+K276+K277+K278+K279+K280 -> 0 | L310: =L257+L258+L259+L260+L261+L262+L263+L264+L276+L277+L278+L279+L280 -> 0 | M310: =M257+M258+M259+M260+M261+M262+M263+M264+M276+M277+M278+M279+M280 -> 0 | N310: =N257+N258+N259+N260+N261+N262+N263+N264+N276+N277+N278+N279+N280 -> 0 | O310: =O257+O258+O259+O260+O261+O262+O263+O264+O276+O277+O278+O279+O280 -> 0 | P310: =P257+P258+P259+P260+P261+P262+P263+P264+P276+P277+P278+P279+P280 -> 0 | ... GC310: =GC257+GC258+GC259+GC260+GC261+GC262+GC263+GC264+GC276+GC277+GC278+GC279+GC280 -> 0

Sheet SEPTIEMBRE
A1: Zona | B1: provincia | C1: canton | D1: distrito | E1: unicodigo | F1: uni_nombre | G1: nivel | H1: tipo | I1: Establecimiento | J1: CNH | K1: CDI | L1: E. General Básica | M1: Bachillerato | N1: Atención Comunitaria | O1: Vistas Domiciliaras | P1: ext_OTROS | Q1: Hombre | R1: Mujer | S1: Pertenece_ES | T1: No_pertenece_ES | U1: Ecuatoriana | V1: Colombiana | W1: Peruana | X1: Cubana | Y1: Venezolana | Z1: Otras | AA1: Indigena | AB1: Afro ecuatoriano/ Afro descendiente | AC1: Negro/a | AD1: Mulato/a | AE1: Montubio/a | AF1: Mestizo/a | AG1: Blanco/a | AH1: Otro | AI1: Achuar | AJ1: Andoa | AK1: Awa | AL1: Chachi | AM1: Cofan | AN1: Epera | AO1: Huancavilca | AP1: Kichwa | AQ1: Manta | AR1: Secoya | AS1: Shiwiar | AT1: Shuar | AU1: Siona | AV1: Tsáchila | AW1: Waorani | AX1: Zapara | AY1: Chibuleo | AZ1: Kañari | BA1: Karanki | BB1: Kayambi | BC1: Kichwa Amazónico | BD1: Kisapincha | BE1: Kitukara | BF1: Natabuela | BG1: Otavalo | BH1: Paltas | BI1: Panzaleo | BJ1: Pastos | BK1: Puruha | BL1: Salasaka | BM1: Saraguro | BN1: Tomabela | BO1: Waramka | BP1: fIPV_1ano_1d | BQ1: HB_1ano_1d | BR1: DPT_1ano_1d | BS1: fIPV_1ano_2d | BT1: HB_1ano_2d | BU1: DPT_1ano_2d | BV1: bOPV_1ano_3d | BW1: HB_1ano_3d | BX1: DPT_1ano_3d | BY1: fIPV_2anos_1d | BZ1: SRP_2anos_1d | CA1: HB_2anos_1d | CB1: DPT_2anos_1d | CC1: fIPV_2anos_2d | CD1: SRP_2anos_2d | CE1: HB_2anos_2d | CF1: DPT_2anos_2d | CG1: bOPV_2anos_3d | CH1: HB_2anos_3d | CI1: DPT_2anos_3d | CJ1: bOPV_2anos_4d | CK1: DPT_2anos_4d | CL1: FA_2anos | CM1: fIPV_3anos_1d | CN1: SRP_3anos_1d | CO1: HB_3anos_1d | CP1: DPT_3anos_1d | CQ1: fIPV_3anos_2d | CR1: SRP_3anos_2d | CS1: HB_3anos_2d | CT1: DPT_3anos_2d | CU1: bOPV_3anos_3d | CV1: HB_3anos_3d | CW1: DPT_3anos_3d | CX1: bOPV_3anos_4d | CY1: DPT_3anos_4d | CZ1: FA_3anos | DA1: fIPV_4anos_1d | DB1: SRP_4anos_1d | DC1: HB_4anos_1d | DD1: DPT_4anos_1d | DE1: fIPV_4anos_2d | DF1: SRP_4anos_2d | DG1: HB_4anos_2d | DH1: DPT_4anos_2d | DI1: bOPV_4anos_3d | DJ1: HB_4anos_3d | DK1: DPT_4anos_3d | DL1: bOPV_4anos_4d | DM1: DPT_4anos_4d | DN1: FA_4anos | DO1: fIPV_5anos_1d | DP1: SRP_5anos_1d | DQ1: HB_5anos_1d | DR1: DPT_5anos_1d | DS1: fIPV_5anos_2d | DT1: SRP_5anos_2d | DU1: HB_5anos_2d | DV1: DPT_5anos_2d | DW1: bOPV_5anos_3d | DX1: HB_5anos_3d | DY1: DPT_5anos_3d | DZ1: bOPV_5anos_4d | EA1: DPT_5anos_4d | EB1: FA_5anos | EC1: SRP_6anos_1d | ED1: SRP_6anos_2d | EE1: FA_6anos | EF1: SR_7anos_1d | EG1: SR_7anos_2d | EH1: FA_7anos | EI1: FA_8anos | EJ1: dT adulto_7a14 años | EK1: FA_9a14 | EL1: FA_15a19 | EM1: FA_20a59 | EN1: SR_8a14_1d | EO1: SR_8a14_2d | EP1: SR_15a29_1d | EQ1: SR_15a29_2d | ER1: SR_30a50_1d | ES1: SR_30a50_2d | ET1: dTadulto_MEF_1D | EU1: dTadulto_MEF_2D | EV1: dTadulto_MEF_3D | EW1: dTadulto_MEF_4D | EX1: dTadulto_MEF_5D | EY1: dTadulto_EMB_1D | EZ1: dTadulto_EMB_2D | FA1: dTadulto_EMB_3D | FB1: dTadulto_EMB_4D | FC1: dTadulto_EMB_5D | FD1: dTadulto_HOMBRE_1D | FE1: dTadulto_HOMBRE_2D | FF1: dTadulto_HOMBRE_3D | FG1: dTadulto_HOMBRE_4D | FH1: dTadulto_HOMBRE_5D | FI1: HB_TSALUD_1D | FJ1: HB_TSALUD_2D | FK1: HB_TSALUD_3D | FL1: HB_ESTSALUD_1D | FM1: HB_ESTSALUD_2D | FN1: HB_ESTSALUD_3D | FO1: HB_TSEXUAL_1D | FP1: HB_TSEXUAL_2D | FQ1: HB_TSEXUAL_3D | FR1: HB_PVV_1D | FS1: HB_PVV_2D | FT1: HB_PVV_3D | FU1: HB_PPL_1D | FV1: HB_PPL_2D | FW1: HB_PPL_3D | FX1: HB_OGRUP_1D | FY1: HB_OGRUP_2D | FZ1: HB_OGRUP_3D | GA1: Inmunoglobulina_Antitetánica | GB1: Inmunoglobulina_Anti Hepatitis B | GC1: Inmunoglobulina_Antirrábica
A2: Z07 | B2: EL ORO | C2: ARENILLAS | D2: 07D05 | E2: 000541 | F2: SAN VICENTE | G2: NIVEL 1 | H2: CENTRO DE SALUD TIPO A
A3: Z07 | B3: EL ORO | C3: ARENILLAS | D3: 07D05 | E3: 000542 | F3: SAN ISIDRO URBANO | G3: NIVEL 1 | H3: CENTRO DE SALUD TIPO B
A4: Z07 | B4: EL ORO | C4: ARENILLAS | D4: 07D05 | E4: 000543 | F4: CAÑAS | G4: NIVEL 1 | H4: PUESTO DE SALUD
A5: Z07 | B5: EL ORO | C5: ARENILLAS | D5: 07D05 | E5: 000544 | F5: LA CUCA | G5: NIVEL 1 | H5: CENTRO DE SALUD TIPO A
A6: Z07 | B6: EL ORO | C6: ARENILLAS | D6: 07D05 | E6: 000545 | F6: CARCABON | G6: NIVEL 1 | H6: CENTRO DE SALUD TIPO A
A7: Z07 | B7: EL ORO | C7: ARENILLAS | D7: 07D05 | E7: 000546 | F7: CHACRAS | G7: NIVEL 1 | H7: CENTRO DE SALUD TIPO A
A8: Z07 | B8: EL ORO | C8: ARENILLAS | D8: 07D05 | E8: 000547 | F8: PALMALES | G8: NIVEL 1 | H8: CENTRO DE SALUD TIPO A
A9: Z07 | B9: EL ORO | C9: ARENILLAS | D9: 07D05 | E9: 000548 | F9: MANABI DE EL ORO | G9: NIVEL 1 | H9: PUESTO DE SALUD
A10: Z07 | B10: EL ORO | C10: ARENILLAS | D10: 07D05 | E10: 000591 | F10: HOSPITAL BASICO DE ARENILLAS | G10: NIVEL 2 | H10: HOSPITAL BASICO
A11: Z07 | B11: EL ORO | C11: ARENILLAS | D11: 07D05 | E11: 002763 | F11: EL JOBO SAN VICENTE | G11: NIVEL 1 | H11: PUESTO DE SALUD
A12: Z07 | B12: EL ORO | C12: ARENILLAS | D12: 07D05 | E12: 002900 | F12: CENTRO DE SALUD ARENILLAS | G12: NIVEL 1 | H12: CENTRO DE SALUD TIPO A
A13: Z07 | B13: EL ORO | C13: ATAHUALPA | D13: 07D03 | E13: 000576 | F13: AYAPAMBA | G13: NIVEL 1 | H13: CENTRO DE SALUD TIPO A
... A258: Z07 | B258: ZAMORA CHINCHIPE | C258: CHINCHIPE | D258: 19D03 | E258: 001902 | F258: EL CHORRO | G258: NIVEL 1 | H258: PUESTO DE SALUD
A259: Z07 | B259: ZAMORA CHINCHIPE | C259: CHINCHIPE | D259: 19D03 | E259: 001903 | F259: CHITO | G259: NIVEL 1 | H259: CENTRO DE SALUD TIPO A | I259: 4 | R259: 4 | S259: 4 | U259: 4 | AF259: 4 | EY259: 1 | EZ259: 3
A260: Z07 | B260: ZAMORA CHINCHIPE | C260: CHINCHIPE | D260: 19D03 | E260: 001921 | F260: LA GUAYUZA | G260: NIVEL 1 | H260: PUESTO DE SALUD | I260: 0 | EY260: 0
A261: Z07 | B261: ZAMORA CHINCHIPE | C261: CHINCHIPE | D261: 19D03 | E261: 001922 | F261: LA DIVERSION | G261: NIVEL 1 | H261: CENTRO DE SALUD TIPO A
A262: Z07 | B262: ZAMORA CHINCHIPE | C262: CHINCHIPE | D262: 19D03 | E262: 001923 | F262: SAN ANDRES | G262: NIVEL 1 | H262: PUESTO DE SALUD | I262: 1 | Q262: 1 | S262: 1 | U262: 1 | AF262: 1 | EM262: 1
A263: Z07 | B263: ZAMORA CHINCHIPE | C263: CHINCHIPE | D263: 19D03 | E263: 001949 | F263: HOSPITAL BASICO DE ZUMBA | G263: NIVEL 2 | H263: HOSPITAL BASICO
A264: Z07 | B264: ZAMORA CHINCHIPE | C264: CHINCHIPE | D264: 19D03 | E264: 002846 | F264: CENTRO DE SALUD DE ZUMBA | G264: NIVEL 1 | H264: CENTRO DE SALUD TIPO A | I264: 25 | O264: 11 | Q264: 14 | R264: 22 | S264: 36 | U264: 30 | V264: 1 | W264: 4 | Y264: 1 | AF264: 30 | AH264: 6 | EL264: 3 | EM264: 17 | ET264: 8 | EV264: 2 | EW264: 1 | EX264: 1 | EY264: 5 | EZ264: 1 | FA264: 1 | FD264: 10 | FE264: 1 | FF264: 1 | FX264: 1
A265: Z07 | B265: ZAMORA CHINCHIPE | C265: EL PANGUI | D265: 19D04 | E265: 001912 | F265: PACHICUTZA | G265: NIVEL 1 | H265: PUESTO DE SALUD
A266: Z07 | B266: ZAMORA CHINCHIPE | C266: EL PANGUI | D266: 19D04 | E266: 001913 | F266: EL PANGUI | G266: NIVEL 1 | H266: CENTRO DE SALUD TIPO B
A267: Z07 | B267: ZAMORA CHINCHIPE | C267: EL PANGUI | D267: 19D04 | E267: 001914 | F267: TUNDAYME | G267: NIVEL 1 | H267: PUESTO DE SALUD
A268: Z07 | B268: ZAMORA CHINCHIPE | C268: EL PANGUI | D268: 19D04 | E268: 001933 | F268: EL GUISMI | G268: NIVEL 1 | H268: PUESTO DE SALUD
A269: Z07 | B269: ZAMORA CHINCHIPE | C269: EL PANGUI | D269: 19D04 | E269: 001934 | F269: CHUCHUMBLETZA | G269: NIVEL 1 | H269: PUESTO DE SALUD
A270: Z07 | B270: ZAMORA CHINCHIPE | C270: NANGARITZA | D270: 19D02 | E270: 001906 | F270: NUEVO PARAISO | G270: NIVEL 1 | H270: PUESTO DE SALUD
A271: Z07 | B271: ZAMORA CHINCHIPE | C271: NANGARITZA | D271: 19D02 | E271: 001907 | F271: SHAIMI | G271: NIVEL 1 | H271: PUESTO DE SALUD
A272: Z07 | B272: ZAMORA CHINCHIPE | C272: NANGARITZA | D272: 19D02 | E272: 001908 | F272: GERANIOS | G272: NIVEL 1 | H272: PUESTO DE SALUD
A273: Z07 | B273: ZAMORA CHINCHIPE | C273: NANGARITZA | D273: 19D02 | E273: 001909 | F273: ZURMI | G273: NIVEL 1 | H273: PUESTO DE SALUD
A274: Z07 | B274: ZAMORA CHINCHIPE | C274: NANGARITZA | D274: 19D02 | E274: 001925 | F274: SANTA ELENA | G274: NIVEL 1 | H274: PUESTO DE SALUD
A275: Z07 | B275: ZAMORA CHINCHIPE | C275: NANGARITZA | D275: 19D02 | E275: 001926 | F275: GUAYZIMI | G275: NIVEL 1 | H275: CENTRO DE SALUD TIPO A
A276: Z07 | B276: ZAMORA CHINCHIPE | C276: PALANDA | D276: 19D03 | E276: 001904 | F276: SAN FRANCISCO DEL VERGEL | G276: NIVEL 1 | H276: PUESTO DE SALUD | I276: 6 | R276: 6 | S276: 3 | T276: 3 | U276: 6 | AF276: 6 | EY276: 4 | EZ276: 2
A277: Z07 | B277: ZAMORA CHINCHIPE | C277: PALANDA | D277: 19D03 | E277: 001937 | F277: EL PORVENIR DEL CARMEN | G277: NIVEL 1 | H277: PUESTO DE SALUD
A278: Z07 | B278: ZAMORA CHINCHIPE | C278: PALANDA | D278: 19D03 | E278: 001944 | F278: PALANDA | G278: NIVEL 1 | H278: CENTRO DE SALUD TIPO B | I278: 16 | Q278: 5 | R278: 11 | S278: 16 | U278: 16 | AF278: 16 | EL278: 1 | EM278: 2 | ET278: 1 | EU278: 1 | EV278: 1 | EW278: 1 | EY278: 2 | EZ278: 4 | FD278: 4
A279: Z07 | B279: ZAMORA CHINCHIPE | C279: PALANDA | D279: 19D03 | E279: 001945 | F279: VALLADOLID | G279: NIVEL 1 | H279: CENTRO DE SALUD TIPO A | I279: 7 | Q279: 3 | R279: 4 | S279: 7 | U279: 7 | AF279: 7 | EL279: 1 | EM279: 2 | EY279: 1 | EZ279: 1 | FD279: 3
A280: Z07 | B280: ZAMORA CHINCHIPE | C280: PALANDA | D280: 19D03 | E280: 001946 | F280: LA CANELA | G280: NIVEL 1 | H280: PUESTO DE SALUD | I280: 2 | Q280: 2 | S280: 2 | U280: 2 | AF280: 2 | EJ280: 2
A281: Z07 | B281: ZAMORA CHINCHIPE | C281: PAQUISHA | D281: 19D02 | E281: 001899 | F281: PAQUISHA | G281: NIVEL 1 | H281: CENTRO DE SALUD TIPO B
A282: Z07 | B282: ZAMORA CHINCHIPE | C282: PAQUISHA | D282: 19D02 | E282: 001941 | F282: BELLAVISTA | G282: NIVEL 1 | H282: PUESTO DE SALUD
A283: Z07 | B283: ZAMORA CHINCHIPE | C283: PAQUISHA | D283: 19D02 | E283: 001942 | F283: CHINAPINTZA | G283: NIVEL 1 | H283: PUESTO DE SALUD
A284: Z07 | B284: ZAMORA CHINCHIPE | C284: PAQUISHA | D284: 19D02 | E284: 001943 | F284: CISAM | G284: NIVEL 1 | H284: PUESTO DE SALUD
A285: Z07 | B285: ZAMORA CHINCHIPE | C285: YACUAMBI | D285: 19D01 | E285: 001916 | F285: JEMBUENTZA | G285: NIVEL 1 | H285: PUESTO DE SALUD
A286: Z07 | B286: ZAMORA CHINCHIPE | C286: YACUAMBI | D286: 19D01 | E286: 001927 | F286: 28 DE MAYO (YACUAMBI) | G286: NIVEL 1 | H286: CENTRO DE SALUD TIPO A
A287: Z07 | B287: ZAMORA CHINCHIPE | C287: YACUAMBI | D287: 19D01 | E287: 001928 | F287: LA ESPERANZA | G287: NIVEL 1 | H287: PUESTO DE SALUD
A288: Z07 | B288: ZAMORA CHINCHIPE | C288: YACUAMBI | D288: 19D01 | E288: 001929 | F288: CHAPINTZA | G288: NIVEL 1 | H288: PUESTO DE SALUD
A289: Z07 | B289: ZAMORA CHINCHIPE | C289: YACUAMBI | D289: 19D01 | E289: 001930 | F289: LA PAZ | G289: NIVEL 1 | H289: PUESTO DE SALUD
A290: Z07 | B290: ZAMORA CHINCHIPE | C290: YACUAMBI | D290: 19D01 | E290: 001931 | F290: TUTUPALI | G290: NIVEL 1 | H290: PUESTO DE SALUD
A291: Z07 | B291: ZAMORA CHINCHIPE | C291: YANTZAZA | D291: 19D04 | E291: 001898 | F291: SAN VICENTE DE CANEY | G291: NIVEL 1 | H291: PUESTO DE SALUD
A292: Z07 | B292: ZAMORA CHINCHIPE | C292: YANTZAZA | D292: 19D04 | E292: 001932 | F292: CHICAÑA | G292: NIVEL 1 | H292: CENTRO DE SALUD TIPO A
... A309: Z07 | B309: ZAMORA CHINCHIPE | C309: ZAMORA | D309: 19D01 | E309: 002837 | F309: CENTRO DE SALUD ZAMORA | G309: NIVEL 1 | H309: CENTRO DE SALUD TIPO A
I310: =SUBTOTAL(9,I257:I309) -> 61 | J310: =SUBTOTAL(9,J257:J309) -> 0 | K310: =SUBTOTAL(9,K257:K309) -> 0 | L310: =SUBTOTAL(9,L257:L309) -> 0 | M310: =SUBTOTAL(9,M257:M309) -> 0 | N310: =SUBTOTAL(9,N257:N309) -> 0 | O310: =SUBTOTAL(9,O257:O309) -> 11 | P310: =SUBTOTAL(9,P257:P309) -> 0 | ... GC310: =SUBTOTAL(9,GC257:GC309) -> 0

Sheet OCTUBRE
A1: Zona | B1: provincia | C1: canton | D1: distrito | E1: unicodigo | F1: uni_nombre | G1: nivel | H1: tipo | I1: Establecimiento | J1: CNH | K1: CDI | L1: E. General Básica | M1: Bachillerato | N1: Atención Comunitaria | O1: Vistas Domiciliaras | P1: ext_OTROS | Q1: Hombre | R1: Mujer | S1: Pertenece_ES | T1: No_pertenece_ES | U1: Ecuatoriana | V1: Colombiana | W1: Peruana | X1: Cubana | Y1: Venezolana | Z1: Otras | AA1: Indigena | AB1: Afro ecuatoriano/ Afro descendiente | AC1: Negro/a | AD1: Mulato/a | AE1: Montubio/a | AF1: Mestizo/a | AG1: Blanco/a | AH1: Otro | AI1: Achuar | AJ1: Andoa | AK1: Awa | AL1: Chachi | AM1: Cofan | AN1: Epera | AO1: Huancavilca | AP1: Kichwa | AQ1: Manta | AR1: Secoya | AS1: Shiwiar | AT1: Shuar | AU1: Siona | AV1: Tsáchila | AW1: Waorani | AX1: Zapara | AY1: Chibuleo | AZ1: Kañari | BA1: Karanki | BB1: Kayambi | BC1: Kichwa Amazónico | BD1: Kisapincha | BE1: Kitukara | BF1: Natabuela | BG1: Otavalo | BH1: Paltas | BI1: Panzaleo | BJ1: Pastos | BK1: Puruha | BL1: Salasaka | BM1: Saraguro | BN1: Tomabela | BO1: Waramka | BP1: fIPV_1ano_1d | BQ1: HB_1ano_1d | BR1: DPT_1ano_1d | BS1: fIPV_1ano_2d | BT1: HB_1ano_2d | BU1: DPT_1ano_2d | BV1: bOPV_1ano_3d | BW1: HB_1ano_3d | BX1: DPT_1ano_3d | BY1: fIPV_2anos_1d | BZ1: SRP_2anos_1d | CA1: HB_2anos_1d | CB1: DPT_2anos_1d | CC1: fIPV_2anos_2d | CD1: SRP_2anos_2d | CE1: HB_2anos_2d | CF1: DPT_2anos_2d | CG1: bOPV_2anos_3d | CH1: HB_2anos_3d | CI1: DPT_2anos_3d | CJ1: bOPV_2anos_4d | CK1: DPT_2anos_4d | CL1: FA_2anos | CM1: fIPV_3anos_1d | CN1: SRP_3anos_1d | CO1: HB_3anos_1d | CP1: DPT_3anos_1d | CQ1: fIPV_3anos_2d | CR1: SRP_3anos_2d | CS1: HB_3anos_2d | CT1: DPT_3anos_2d | CU1: bOPV_3anos_3d | CV1: HB_3anos_3d | CW1: DPT_3anos_3d | CX1: bOPV_3anos_4d | CY1: DPT_3anos_4d | CZ1: FA_3anos | DA1: fIPV_4anos_1d | DB1: SRP_4anos_1d | DC1: HB_4anos_1d | DD1: DPT_4anos_1d | DE1: fIPV_4anos_2d | DF1: SRP_4anos_2d | DG1: HB_4anos_2d | DH1: DPT_4anos_2d | DI1: bOPV_4anos_3d | DJ1: HB_4anos_3d | DK1: DPT_4anos_3d | DL1: bOPV_4anos_4d | DM1: DPT_4anos_4d | DN1: FA_4anos | DO1: fIPV_5anos_1d | DP1: SRP_5anos_1d | DQ1: HB_5anos_1d | DR1: DPT_5anos_1d | DS1: fIPV_5anos_2d | DT1: SRP_5anos_2d | DU1: HB_5anos_2d | DV1: DPT_5anos_2d | DW1: bOPV_5anos_3d | DX1: HB_5anos_3d | DY1: DPT_5anos_3d | DZ1: bOPV_5anos_4d | EA1: DPT_5anos_4d | EB1: FA_5anos | EC1: SRP_6anos_1d | ED1: SRP_6anos_2d | EE1: FA_6anos | EF1: SR_7anos_1d | EG1: SR_7anos_2d | EH1: FA_7anos | EI1: FA_8anos | EJ1: dT adulto_7a14 años | EK1: FA_9a14 | EL1: FA_15a19 | EM1: FA_20a59 | EN1: SR_8a14_1d | EO1: SR_8a14_2d | EP1: SR_15a29_1d | EQ1: SR_15a29_2d | ER1: SR_30a50_1d | ES1: SR_30a50_2d | ET1: dTadulto_MEF_1D | EU1: dTadulto_MEF_2D | EV1: dTadulto_MEF_3D | EW1: dTadulto_MEF_4D | EX1: dTadulto_MEF_5D | EY1: dTadulto_EMB_1D | EZ1: dTadulto_EMB_2D | FA1: dTadulto_EMB_3D | FB1: dTadulto_EMB_4D | FC1: dTadulto_EMB_5D | FD1: dTadulto_HOMBRE_1D | FE1: dTadulto_HOMBRE_2D | FF1: dTadulto_HOMBRE_3D | FG1: dTadulto_HOMBRE_4D | FH1: dTadulto_HOMBRE_5D | FI1: HB_TSALUD_1D | FJ1: HB_TSALUD_2D | FK1: HB_TSALUD_3D | FL1: HB_ESTSALUD_1D | FM1: HB_ESTSALUD_2D | FN1: HB_ESTSALUD_3D | FO1: HB_TSEXUAL_1D | FP1: HB_TSEXUAL_2D | FQ1: HB_TSEXUAL_3D | FR1: HB_PVV_1D | FS1: HB_PVV_2D | FT1: HB_PVV_3D | FU1: HB_PPL_1D | FV1: HB_PPL_2D | FW1: HB_PPL_3D | FX1: HB_OGRUP_1D | FY1: HB_OGRUP_2D | FZ1: HB_OGRUP_3D | GA1: Inmunoglobulina_Antitetánica | GB1: Inmunoglobulina_Anti Hepatitis B | GC1: Inmunoglobulina_Antirrábica
A2: Z07 | B2: EL ORO | C2: ARENILLAS | D2: 07D05 | E2: 000541 | F2: SAN VICENTE | G2: NIVEL 1 | H2: CENTRO DE SALUD TIPO A
A3: Z07 | B3: EL ORO | C3: ARENILLAS | D3: 07D05 | E3: 000542 | F3: SAN ISIDRO URBANO | G3: NIVEL 1 | H3: CENTRO DE SALUD TIPO B
A4: Z07 | B4: EL ORO | C4: ARENILLAS | D4: 07D05 | E4: 000543 | F4: CAÑAS | G4: NIVEL 1 | H4: PUESTO DE SALUD
A5: Z07 | B5: EL ORO | C5: ARENILLAS | D5: 07D05 | E5: 000544 | F5: LA CUCA | G5: NIVEL 1 | H5: CENTRO DE SALUD TIPO A
A6: Z07 | B6: EL ORO | C6: ARENILLAS | D6: 07D05 | E6: 000545 | F6: CARCABON | G6: NIVEL 1 | H6: CENTRO DE SALUD TIPO A
A7: Z07 | B7: EL ORO | C7: ARENILLAS | D7: 07D05 | E7: 000546 | F7: CHACRAS | G7: NIVEL 1 | H7: CENTRO DE SALUD TIPO A
A8: Z07 | B8: EL ORO | C8: ARENILLAS | D8: 07D05 | E8: 000547 | F8: PALMALES | G8: NIVEL 1 | H8: CENTRO DE SALUD TIPO A
A9: Z07 | B9: EL ORO | C9: ARENILLAS | D9: 07D05 | E9: 000548 | F9: MANABI DE EL ORO | G9: NIVEL 1 | H9: PUESTO DE SALUD
A10: Z07 | B10: EL ORO | C10: ARENILLAS | D10: 07D05 | E10: 000591 | F10: HOSPITAL BASICO DE ARENILLAS | G10: NIVEL 2 | H10: HOSPITAL BASICO
A11: Z07 | B11: EL ORO | C11: ARENILLAS | D11: 07D05 | E11: 002763 | F11: EL JOBO SAN VICENTE | G11: NIVEL 1 | H11: PUESTO DE SALUD
A12: Z07 | B12: EL ORO | C12: ARENILLAS | D12: 07D05 | E12: 002900 | F12: CENTRO DE SALUD ARENILLAS | G12: NIVEL 1 | H12: CENTRO DE SALUD TIPO A
A13: Z07 | B13: EL ORO | C13: ATAHUALPA | D13: 07D03 | E13: 000576 | F13: AYAPAMBA | G13: NIVEL 1 | H13: CENTRO DE SALUD TIPO A
... A258: Z07 | B258: ZAMORA CHINCHIPE | C258: CHINCHIPE | D258: 19D03 | E258: 001902 | F258: EL CHORRO | G258: NIVEL 1 | H258: PUESTO DE SALUD
A259: Z07 | B259: ZAMORA CHINCHIPE | C259: CHINCHIPE | D259: 19D03 | E259: 001903 | F259: CHITO | G259: NIVEL 1 | H259: CENTRO DE SALUD TIPO A | I259: 3 | O259: 2 | Q259: 1 | R259: 4 | S259: 5 | U259: 5 | AF259: 5 | EJ259: 1 | EU259: 1 | EY259: 2 | EZ259: 1 | FJ259: 1
A260: Z07 | B260: ZAMORA CHINCHIPE | C260: CHINCHIPE | D260: 19D03 | E260: 001921 | F260: LA GUAYUZA | G260: NIVEL 1 | H260: PUESTO DE SALUD | I260: 0 | N260: 2 | R260: 2 | S260: 2 | U260: 2 | AF260: 2 | ET260: 2 | EY260: 0
A261: Z07 | B261: ZAMORA CHINCHIPE | C261: CHINCHIPE | D261: 19D03 | E261: 001922 | F261: LA DIVERSION | G261: NIVEL 1 | H261: CENTRO DE SALUD TIPO A | I261: 1 | N261: 3 | R261: 4 | S261: 4 | U261: 4 | AF261: 4 | ET261: 1 | EY261: 1 | FA261: 2
A262: Z07 | B262: ZAMORA CHINCHIPE | C262: CHINCHIPE | D262: 19D03 | E262: 001923 | F262: SAN ANDRES | G262: NIVEL 1 | H262: PUESTO DE SALUD | I262: 3 | R262: 3 | S262: 3 | U262: 3 | AF262: 3 | EV262: 1 | EW262: 1 | EZ262: 1
A263: Z07 | B263: ZAMORA CHINCHIPE | C263: CHINCHIPE | D263: 19D03 | E263: 001949 | F263: HOSPITAL BASICO DE ZUMBA | G263: NIVEL 2 | H263: HOSPITAL BASICO
A264: Z07 | B264: ZAMORA CHINCHIPE | C264: CHINCHIPE | D264: 19D03 | E264: 002846 | F264: CENTRO DE SALUD DE ZUMBA | G264: NIVEL 1 | H264: CENTRO DE SALUD TIPO A | I264: 25 | O264: 3 | Q264: 5 | R264: 23 | S264: 28 | U264: 25 | W264: 1 | Y264: 2 | AF264: 25 | AH264: 3 | EL264: 1 | EM264: 2 | ET264: 2 | EU264: 2 | EV264: 4 | EW264: 1 | EX264: 1 | EY264: 4 | EZ264: 6 | FD264: 3 | FE264: 1 | FG264: 1 | FJ264: 1 | FO264: 1 | FQ264: 3
A265: Z07 | B265: ZAMORA CHINCHIPE | C265: EL PANGUI | D265: 19D04 | E265: 001912 | F265: PACHICUTZA | G265: NIVEL 1 | H265: PUESTO DE SALUD
A266: Z07 | B266: ZAMORA CHINCHIPE | C266: EL PANGUI | D266: 19D04 | E266: 001913 | F266: EL PANGUI | G266: NIVEL 1 | H266: CENTRO DE SALUD TIPO B
A267: Z07 | B267: ZAMORA CHINCHIPE | C267: EL PANGUI | D267: 19D04 | E267: 001914 | F267: TUNDAYME | G267: NIVEL 1 | H267: PUESTO DE SALUD
A268: Z07 | B268: ZAMORA CHINCHIPE | C268: EL PANGUI | D268: 19D04 | E268: 001933 | F268: EL GUISMI | G268: NIVEL 1 | H268: PUESTO DE SALUD
A269: Z07 | B269: ZAMORA CHINCHIPE | C269: EL PANGUI | D269: 19D04 | E269: 001934 | F269: CHUCHUMBLETZA | G269: NIVEL 1 | H269: PUESTO DE SALUD
A270: Z07 | B270: ZAMORA CHINCHIPE | C270: NANGARITZA | D270: 19D02 | E270: 001906 | F270: NUEVO PARAISO | G270: NIVEL 1 | H270: PUESTO DE SALUD
A271: Z07 | B271: ZAMORA CHINCHIPE | C271: NANGARITZA | D271: 19D02 | E271: 001907 | F271: SHAIMI | G271: NIVEL 1 | H271: PUESTO DE SALUD
A272: Z07 | B272: ZAMORA CHINCHIPE | C272: NANGARITZA | D272: 19D02 | E272: 001908 | F272: GERANIOS | G272: NIVEL 1 | H272: PUESTO DE SALUD
A273: Z07 | B273: ZAMORA CHINCHIPE | C273: NANGARITZA | D273: 19D02 | E273: 001909 | F273: ZURMI | G273: NIVEL 1 | H273: PUESTO DE SALUD
A274: Z07 | B274: ZAMORA CHINCHIPE | C274: NANGARITZA | D274: 19D02 | E274: 001925 | F274: SANTA ELENA | G274: NIVEL 1 | H274: PUESTO DE SALUD
A275: Z07 | B275: ZAMORA CHINCHIPE | C275: NANGARITZA | D275: 19D02 | E275: 001926 | F275: GUAYZIMI | G275: NIVEL 1 | H275: CENTRO DE SALUD TIPO A
A276: Z07 | B276: ZAMORA CHINCHIPE | C276: PALANDA | D276: 19D03 | E276: 001904 | F276: SAN FRANCISCO DEL VERGEL | G276: NIVEL 1 | H276: PUESTO DE SALUD | I276: 5 | Q276: 2 | R276: 3 | S276: 3 | T276: 2 | U276: 5 | AF276: 5 | EU276: 1 | EY276: 1 | EZ276: 1 | FF276: 2
A277: Z07 | B277: ZAMORA CHINCHIPE | C277: PALANDA | D277: 19D03 | E277: 001937 | F277: EL PORVENIR DEL CARMEN | G277: NIVEL 1 | H277: PUESTO DE SALUD | I277: 1 | R277: 1 | S277: 1 | U277: 1 | AF277: 1 | EX277: 1
A278: Z07 | B278: ZAMORA CHINCHIPE | C278: PALANDA | D278: 19D03 | E278: 001944 | F278: PALANDA | G278: NIVEL 1 | H278: CENTRO DE SALUD TIPO B | I278: 31 | Q278: 6 | R278: 25 | S278: 31 | U278: 29 | V278: 1 | Y278: 1 | AF278: 29 | AH278: 2 | EM278: 3 | ET278: 2 | EV278: 3 | EW278: 3 | EY278: 11 | EZ278: 4 | FD278: 6 | FE278: 1
A279: Z07 | B279: ZAMORA CHINCHIPE | C279: PALANDA | D279: 19D03 | E279: 001945 | F279: VALLADOLID | G279: NIVEL 1 | H279: CENTRO DE SALUD TIPO A | I279: 2 | R279: 2 | S279: 2 | U279: 2 | AF279: 2 | EY279: 1 | EZ279: 1
A280: Z07 | B280: ZAMORA CHINCHIPE | C280: PALANDA | D280: 19D03 | E280: 001946 | F280: LA CANELA | G280: NIVEL 1 | H280: PUESTO DE SALUD | I280: 3 | Q280: 2 | R280: 1 | S280: 3 | U280: 3 | AF280: 3 | EV280: 1 | FD280: 2
A281: Z07 | B281: ZAMORA CHINCHIPE | C281: PAQUISHA | D281: 19D02 | E281: 001899 | F281: PAQUISHA | G281: NIVEL 1 | H281: CENTRO DE SALUD TIPO B
A282: Z07 | B282: ZAMORA CHINCHIPE | C282: PAQUISHA | D282: 19D02 | E282: 001941 | F282: BELLAVISTA | G282: NIVEL 1 | H282: PUESTO DE SALUD
A283: Z07 | B283: ZAMORA CHINCHIPE | C283: PAQUISHA | D283: 19D02 | E283: 001942 | F283: CHINAPINTZA | G283: NIVEL 1 | H283: PUESTO DE SALUD
A284: Z07 | B284: ZAMORA CHINCHIPE | C284: PAQUISHA | D284: 19D02 | E284: 001943 | F284: CISAM | G284: NIVEL 1 | H284: PUESTO DE SALUD
A285: Z07 | B285: ZAMORA CHINCHIPE | C285: YACUAMBI | D285: 19D01 | E285: 001916 | F285: JEMBUENTZA | G285: NIVEL 1 | H285: PUESTO DE SALUD
A286: Z07 | B286: ZAMORA CHINCHIPE | C286: YACUAMBI | D286: 19D01 | E286: 001927 | F286: 28 DE MAYO (YACUAMBI) | G286: NIVEL 1 | H286: CENTRO DE SALUD TIPO A
A287: Z07 | B287: ZAMORA CHINCHIPE | C287: YACUAMBI | D287: 19D01 | E287: 001928 | F287: LA ESPERANZA | G287: NIVEL 1 | H287: PUESTO DE SALUD
A288: Z07 | B288: ZAMORA CHINCHIPE | C288: YACUAMBI | D288: 19D01 | E288: 001929 | F288: CHAPINTZA | G288: NIVEL 1 | H288: PUESTO DE SALUD
A289: Z07 | B289: ZAMORA CHINCHIPE | C289: YACUAMBI | D289: 19D01 | E289: 001930 | F289: LA PAZ | G289: NIVEL 1 | H289: PUESTO DE SALUD
A290: Z07 | B290: ZAMORA CHINCHIPE | C290: YACUAMBI | D290: 19D01 | E290: 001931 | F290: TUTUPALI | G290: NIVEL 1 | H290: PUESTO DE SALUD
A291: Z07 | B291: ZAMORA CHINCHIPE | C291: YANTZAZA | D291: 19D04 | E291: 001898 | F291: SAN VICENTE DE CANEY | G291: NIVEL 1 | H291: PUESTO DE SALUD
A292: Z07 | B292: ZAMORA CHINCHIPE | C292: YANTZAZA | D292: 19D04 | E292: 001932 | F292: CHICAÑA | G292: NIVEL 1 | H292: CENTRO DE SALUD TIPO A
... A309: Z07 | B309: ZAMORA CHINCHIPE | C309: ZAMORA | D309: 19D01 | E309: 002837 | F309: CENTRO DE SALUD ZAMORA | G309: NIVEL 1 | H309: CENTRO DE SALUD TIPO A
I310: =SUBTOTAL(9,I257:I309) -> 74 | J310: =SUBTOTAL(9,J257:J309) -> 0 | K310: =SUBTOTAL(9,K257:K309) -> 0 | L310: =SUBTOTAL(9,L257:L309) -> 0 | M310: =SUBTOTAL(9,M257:M309) -> 0 | N310: =SUBTOTAL(9,N257:N309) -> 5 | O310: =SUBTOTAL(9,O257:O309) -> 5 | P310: =SUBTOTAL(9,P257:P309) -> 0 | ... GC310: =SUBTOTAL(9,GC257:GC309) -> 0

Sheet NOVIEMBRE
A1: Zona | B1: provincia | C1: canton | D1: distrito | E1: unicodigo | F1: uni_nombre | G1: nivel | H1: tipo | I1: Establecimiento | J1: CNH | K1: CDI | L1: E. General Básica | M1: Bachillerato | N1: Atención Comunitaria | O1: Vistas Domiciliaras | P1: ext_OTROS | Q1: Hombre | R1: Mujer | S1: Pertenece_ES | T1: No_pertenece_ES | U1: Ecuatoriana | V1: Colombiana | W1: Peruana | X1: Cubana | Y1: Venezolana | Z1: Otras | AA1: Indigena | AB1: Afro ecuatoriano/ Afro descendiente | AC1: Negro/a | AD1: Mulato/a | AE1: Montubio/a | AF1: Mestizo/a | AG1: Blanco/a | AH1: Otro | AI1: Achuar | AJ1: Andoa | AK1: Awa | AL1: Chachi | AM1: Cofan | AN1: Epera | AO1: Huancavilca | AP1: Kichwa | AQ1: Manta | AR1: Secoya | AS1: Shiwiar | AT1: Shuar | AU1: Siona | AV1: Tsáchila | AW1: Waorani | AX1: Zapara | AY1: Chibuleo | AZ1: Kañari | BA1: Karanki | BB1: Kayambi | BC1: Kichwa Amazónico | BD1: Kisapincha | BE1: Kitukara | BF1: Natabuela | BG1: Otavalo | BH1: Paltas | BI1: Panzaleo | BJ1: Pastos | BK1: Puruha | BL1: Salasaka | BM1: Saraguro | BN1: Tomabela | BO1: Waramka | BP1: fIPV_1ano_1d | BQ1: HB_1ano_1d | BR1: DPT_1ano_1d | BS1: fIPV_1ano_2d | BT1: HB_1ano_2d | BU1: DPT_1ano_2d | BV1: bOPV_1ano_3d | BW1: HB_1ano_3d | BX1: DPT_1ano_3d | BY1: fIPV_2anos_1d | BZ1: SRP_2anos_1d | CA1: HB_2anos_1d | CB1: DPT_2anos_1d | CC1: fIPV_2anos_2d | CD1: SRP_2anos_2d | CE1: HB_2anos_2d | CF1: DPT_2anos_2d | CG1: bOPV_2anos_3d | CH1: HB_2anos_3d | CI1: DPT_2anos_3d | CJ1: bOPV_2anos_4d | CK1: DPT_2anos_4d | CL1: FA_2anos | CM1: fIPV_3anos_1d | CN1: SRP_3anos_1d | CO1: HB_3anos_1d | CP1: DPT_3anos_1d | CQ1: fIPV_3anos_2d | CR1: SRP_3anos_2d | CS1: HB_3anos_2d | CT1: DPT_3anos_2d | CU1: bOPV_3anos_3d | CV1: HB_3anos_3d | CW1: DPT_3anos_3d | CX1: bOPV_3anos_4d | CY1: DPT_3anos_4d | CZ1: FA_3anos | DA1: fIPV_4anos_1d | DB1: SRP_4anos_1d | DC1: HB_4anos_1d | DD1: DPT_4anos_1d | DE1: fIPV_4anos_2d | DF1: SRP_4anos_2d | DG1: HB_4anos_2d | DH1: DPT_4anos_2d | DI1: bOPV_4anos_3d | DJ1: HB_4anos_3d | DK1: DPT_4anos_3d | DL1: bOPV_4anos_4d | DM1: DPT_4anos_4d | DN1: FA_4anos | DO1: fIPV_5anos_1d | DP1: SRP_5anos_1d | DQ1: HB_5anos_1d | DR1: DPT_5anos_1d | DS1: fIPV_5anos_2d | DT1: SRP_5anos_2d | DU1: HB_5anos_2d | DV1: DPT_5anos_2d | DW1: bOPV_5anos_3d | DX1: HB_5anos_3d | DY1: DPT_5anos_3d | DZ1: bOPV_5anos_4d | EA1: DPT_5anos_4d | EB1: FA_5anos | EC1: SRP_6anos_1d | ED1: SRP_6anos_2d | EE1: FA_6anos | EF1: SR_7anos_1d | EG1: SR_7anos_2d | EH1: FA_7anos | EI1: FA_8anos | EJ1: dT adulto_7a14 años | EK1: FA_9a14 | EL1: FA_15a19 | EM1: FA_20a59 | EN1: SR_8a14_1d | EO1: SR_8a14_2d | EP1: SR_15a29_1d | EQ1: SR_15a29_2d | ER1: SR_30a50_1d | ES1: SR_30a50_2d | ET1: dTadulto_MEF_1D | EU1: dTadulto_MEF_2D | EV1: dTadulto_MEF_3D | EW1: dTadulto_MEF_4D | EX1: dTadulto_MEF_5D | EY1: dTadulto_EMB_1D | EZ1: dTadulto_EMB_2D | FA1: dTadulto_EMB_3D | FB1: dTadulto_EMB_4D | FC1: dTadulto_EMB_5D | FD1: dTadulto_HOMBRE_1D | FE1: dTadulto_HOMBRE_2D | FF1: dTadulto_HOMBRE_3D | FG1: dTadulto_HOMBRE_4D | FH1: dTadulto_HOMBRE_5D | FI1: HB_TSALUD_1D | FJ1: HB_TSALUD_2D | FK1: HB_TSALUD_3D | FL1: HB_ESTSALUD_1D | FM1: HB_ESTSALUD_2D | FN1: HB_ESTSALUD_3D | FO1: HB_TSEXUAL_1D | FP1: HB_TSEXUAL_2D | FQ1: HB_TSEXUAL_3D | FR1: HB_PVV_1D | FS1: HB_PVV_2D | FT1: HB_PVV_3D | FU1: HB_PPL_1D | FV1: HB_PPL_2D | FW1: HB_PPL_3D | FX1: HB_OGRUP_1D | FY1: HB_OGRUP_2D | FZ1: HB_OGRUP_3D | GA1: Inmunoglobulina_Antitetánica | GB1: Inmunoglobulina_Anti Hepatitis B | GC1: Inmunoglobulina_Antirrábica
A2: Z07 | B2: EL ORO | C2: ARENILLAS | D2: 07D05 | E2: 000541 | F2: SAN VICENTE | G2: NIVEL 1 | H2: CENTRO DE SALUD TIPO A
A3: Z07 | B3: EL ORO | C3: ARENILLAS | D3: 07D05 | E3: 000542 | F3: SAN ISIDRO URBANO | G3: NIVEL 1 | H3: CENTRO DE SALUD TIPO B
A4: Z07 | B4: EL ORO | C4: ARENILLAS | D4: 07D05 | E4: 000543 | F4: CAÑAS | G4: NIVEL 1 | H4: PUESTO DE SALUD
A5: Z07 | B5: EL ORO | C5: ARENILLAS | D5: 07D05 | E5: 000544 | F5: LA CUCA | G5: NIVEL 1 | H5: CENTRO DE SALUD TIPO A
A6: Z07 | B6: EL ORO | C6: ARENILLAS | D6: 07D05 | E6: 000545 | F6: CARCABON | G6: NIVEL 1 | H6: CENTRO DE SALUD TIPO A
A7: Z07 | B7: EL ORO | C7: ARENILLAS | D7: 07D05 | E7: 000546 | F7: CHACRAS | G7: NIVEL 1 | H7: CENTRO DE SALUD TIPO A
A8: Z07 | B8: EL ORO | C8: ARENILLAS | D8: 07D05 | E8: 000547 | F8: PALMALES | G8: NIVEL 1 | H8: CENTRO DE SALUD TIPO A
A9: Z07 | B9: EL ORO | C9: ARENILLAS | D9: 07D05 | E9: 000548 | F9: MANABI DE EL ORO | G9: NIVEL 1 | H9: PUESTO DE SALUD
A10: Z07 | B10: EL ORO | C10: ARENILLAS | D10: 07D05 | E10: 000591 | F10: HOSPITAL BASICO DE ARENILLAS | G10: NIVEL 2 | H10: HOSPITAL BASICO
A11: Z07 | B11: EL ORO | C11: ARENILLAS | D11: 07D05 | E11: 002763 | F11: EL JOBO SAN VICENTE | G11: NIVEL 1 | H11: PUESTO DE SALUD
A12: Z07 | B12: EL ORO | C12: ARENILLAS | D12: 07D05 | E12: 002900 | F12: CENTRO DE SALUD ARENILLAS | G12: NIVEL 1 | H12: CENTRO DE SALUD TIPO A
A13: Z07 | B13: EL ORO | C13: ATAHUALPA | D13: 07D03 | E13: 000576 | F13: AYAPAMBA | G13: NIVEL 1 | H13: CENTRO DE SALUD TIPO A
... A258: Z07 | B258: ZAMORA CHINCHIPE | C258: CHINCHIPE | D258: 19D03 | E258: 001902 | F258: EL CHORRO | G258: NIVEL 1 | H258: PUESTO DE SALUD
A259: Z07 | B259: ZAMORA CHINCHIPE | C259: CHINCHIPE | D259: 19D03 | E259: 001903 | F259: CHITO | G259: NIVEL 1 | H259: CENTRO DE SALUD TIPO A | I259: 3 | O259: 3 | Q259: 1 | R259: 5 | S259: 4 | T259: 2 | U259: 5 | Y259: 1 | AF259: 5 | AH259: 1 | EJ259: 1 | EU259: 1 | EV259: 1 | EY259: 2 | EZ259: 1
A260: Z07 | B260: ZAMORA CHINCHIPE | C260: CHINCHIPE | D260: 19D03 | E260: 001921 | F260: LA GUAYUZA | G260: NIVEL 1 | H260: PUESTO DE SALUD | I260: 0 | EY260: 0
A261: Z07 | B261: ZAMORA CHINCHIPE | C261: CHINCHIPE | D261: 19D03 | E261: 001922 | F261: LA DIVERSION | G261: NIVEL 1 | H261: CENTRO DE SALUD TIPO A | N261: 1 | R261: 1 | S261: 1 | U261: 1 | AF261: 1 | EZ261: 1
A262: Z07 | B262: ZAMORA CHINCHIPE | C262: CHINCHIPE | D262: 19D03 | E262: 001923 | F262: SAN ANDRES | G262: NIVEL 1 | H262: PUESTO DE SALUD
A263: Z07 | B263: ZAMORA CHINCHIPE | C263: CHINCHIPE | D263: 19D03 | E263: 001949 | F263: HOSPITAL BASICO DE ZUMBA | G263: NIVEL 2 | H263: HOSPITAL BASICO
A264: Z07 | B264: ZAMORA CHINCHIPE | C264: CHINCHIPE | D264: 19D03 | E264: 002846 | F264: CENTRO DE SALUD DE ZUMBA | G264: NIVEL 1 | H264: CENTRO DE SALUD TIPO A | I264: 22 | N264: 3 | Q264: 5 | R264: 20 | S264: 15 | T264: 10 | U264: 19 | V264: 1 | X264: 1 | Y264: 4 | AF264: 19 | AH264: 6 | EM264: 5 | ET264: 5 | EV264: 4 | EW264: 3 | EY264: 2 | EZ264: 3 | FA264: 1 | FD264: 2 | FF264: 1 | FG264: 1
A265: Z07 | B265: ZAMORA CHINCHIPE | C265: EL PANGUI | D265: 19D04 | E265: 001912 | F265: PACHICUTZA | G265: NIVEL 1 | H265: PUESTO DE SALUD
A266: Z07 | B266: ZAMORA CHINCHIPE | C266: EL PANGUI | D266: 19D04 | E266: 001913 | F266: EL PANGUI | G266: NIVEL 1 | H266: CENTRO DE SALUD TIPO B
A267: Z07 | B267: ZAMORA CHINCHIPE | C267: EL PANGUI | D267: 19D04 | E267: 001914 | F267: TUNDAYME | G267: NIVEL 1 | H267: PUESTO DE SALUD
A268: Z07 | B268: ZAMORA CHINCHIPE | C268: EL PANGUI | D268: 19D04 | E268: 001933 | F268: EL GUISMI | G268: NIVEL 1 | H268: PUESTO DE SALUD
A269: Z07 | B269: ZAMORA CHINCHIPE | C269: EL PANGUI | D269: 19D04 | E269: 001934 | F269: CHUCHUMBLETZA | G269: NIVEL 1 | H269: PUESTO DE SALUD
A270: Z07 | B270: ZAMORA CHINCHIPE | C270: NANGARITZA | D270: 19D02 | E270: 001906 | F270: NUEVO PARAISO | G270: NIVEL 1 | H270: PUESTO DE SALUD
A271: Z07 | B271: ZAMORA CHINCHIPE | C271: NANGARITZA | D271: 19D02 | E271: 001907 | F271: SHAIMI | G271: NIVEL 1 | H271: PUESTO DE SALUD
A272: Z07 | B272: ZAMORA CHINCHIPE | C272: NANGARITZA | D272: 19D02 | E272: 001908 | F272: GERANIOS | G272: NIVEL 1 | H272: PUESTO DE SALUD
A273: Z07 | B273: ZAMORA CHINCHIPE | C273: NANGARITZA | D273: 19D02 | E273: 001909 | F273: ZURMI | G273: NIVEL 1 | H273: PUESTO DE SALUD
A274: Z07 | B274: ZAMORA CHINCHIPE | C274: NANGARITZA | D274: 19D02 | E274: 001925 | F274: SANTA ELENA | G274: NIVEL 1 | H274: PUESTO DE SALUD
A275: Z07 | B275: ZAMORA CHINCHIPE | C275: NANGARITZA | D275: 19D02 | E275: 001926 | F275: GUAYZIMI | G275: NIVEL 1 | H275: CENTRO DE SALUD TIPO A
A276: Z07 | B276: ZAMORA CHINCHIPE | C276: PALANDA | D276: 19D03 | E276: 001904 | F276: SAN FRANCISCO DEL VERGEL | G276: NIVEL 1 | H276: PUESTO DE SALUD | I276: 2 | R276: 2 | S276: 2 | U276: 2 | AF276: 2 | EY276: 1 | EZ276: 1
A277: Z07 | B277: ZAMORA CHINCHIPE | C277: PALANDA | D277: 19D03 | E277: 001937 | F277: EL PORVENIR DEL CARMEN | G277: NIVEL 1 | H277: PUESTO DE SALUD | I277: 1 | N277: 2 | R277: 3 | S277: 3 | U277: 3 | AA277: 1 | AF277: 2 | EW277: 1 | EY277: 2
A278: Z07 | B278: ZAMORA CHINCHIPE | C278: PALANDA | D278: 19D03 | E278: 001944 | F278: PALANDA | G278: NIVEL 1 | H278: CENTRO DE SALUD TIPO B | I278: 24 | Q278: 7 | R278: 17 | S278: 23 | T278: 1 | U278: 23 | W278: 1 | AF278: 23 | AH278: 1 | EM278: 4 | EU278: 2 | EV278: 2 | EY278: 7 | EZ278: 6 | FB278: 1 | FD278: 4 | FE278: 1
A279: Z07 | B279: ZAMORA CHINCHIPE | C279: PALANDA | D279: 19D03 | E279: 001945 | F279: VALLADOLID | G279: NIVEL 1 | H279: CENTRO DE SALUD TIPO A | I279: 6 | Q279: 5 | R279: 1 | S279: 6 | U279: 6 | AF279: 6 | EV279: 1 | FD279: 3 | FF279: 1 | FG279: 1
A280: Z07 | B280: ZAMORA CHINCHIPE | C280: PALANDA | D280: 19D03 | E280: 001946 | F280: LA CANELA | G280: NIVEL 1 | H280: PUESTO DE SALUD | I280: 1 | Q280: 1 | S280: 1 | U280: 1 | AF280: 1 | FD280: 1
A281: Z07 | B281: ZAMORA CHINCHIPE | C281: PAQUISHA | D281: 19D02 | E281: 001899 | F281: PAQUISHA | G281: NIVEL 1 | H281: CENTRO DE SALUD TIPO B
A282: Z07 | B282: ZAMORA CHINCHIPE | C282: PAQUISHA | D282: 19D02 | E282: 001941 | F282: BELLAVISTA | G282: NIVEL 1 | H282: PUESTO DE SALUD
A283: Z07 | B283: ZAMORA CHINCHIPE | C283: PAQUISHA | D283: 19D02 | E283: 001942 | F283: CHINAPINTZA | G283: NIVEL 1 | H283: PUESTO DE SALUD
A284: Z07 | B284: ZAMORA CHINCHIPE | C284: PAQUISHA | D284: 19D02 | E284: 001943 | F284: CISAM | G284: NIVEL 1 | H284: PUESTO DE SALUD
A285: Z07 | B285: ZAMORA CHINCHIPE | C285: YACUAMBI | D285: 19D01 | E285: 001916 | F285: JEMBUENTZA | G285: NIVEL 1 | H285: PUESTO DE SALUD
A286: Z07 | B286: ZAMORA CHINCHIPE | C286: YACUAMBI | D286: 19D01 | E286: 001927 | F286: 28 DE MAYO (YACUAMBI) | G286: NIVEL 1 | H286: CENTRO DE SALUD TIPO A
A287: Z07 | B287: ZAMORA CHINCHIPE | C287: YACUAMBI | D287: 19D01 | E287: 001928 | F287: LA ESPERANZA | G287: NIVEL 1 | H287: PUESTO DE SALUD
A288: Z07 | B288: ZAMORA CHINCHIPE | C288: YACUAMBI | D288: 19D01 | E288: 001929 | F288: CHAPINTZA | G288: NIVEL 1 | H288: PUESTO DE SALUD
A289: Z07 | B289: ZAMORA CHINCHIPE | C289: YACUAMBI | D289: 19D01 | E289: 001930 | F289: LA PAZ | G289: NIVEL 1 | H289: PUESTO DE SALUD
A290: Z07 | B290: ZAMORA CHINCHIPE | C290: YACUAMBI | D290: 19D01 | E290: 001931 | F290: TUTUPALI | G290: NIVEL 1 | H290: PUESTO DE SALUD
A291: Z07 | B291: ZAMORA CHINCHIPE | C291: YANTZAZA | D291: 19D04 | E291: 001898 | F291: SAN VICENTE DE CANEY | G291: NIVEL 1 | H291: PUESTO DE SALUD
A292: Z07 | B292: ZAMORA CHINCHIPE | C292: YANTZAZA | D292: 19D04 | E292: 001932 | F292: CHICAÑA | G292: NIVEL 1 | H292: CENTRO DE SALUD TIPO A
... A309: Z07 | B309: ZAMORA CHINCHIPE | C309: ZAMORA | D309: 19D01 | E309: 002837 | F309: CENTRO DE SALUD ZAMORA | G309: NIVEL 1 | H309: CENTRO DE SALUD TIPO A
I310: =SUBTOTAL(9,I257:I309) -> 59 | J310: =SUBTOTAL(9,J257:J309) -> 0 | K310: =SUBTOTAL(9,K257:K309) -> 0 | L310: =SUBTOTAL(9,L257:L309) -> 0 | M310: =SUBTOTAL(9,M257:M309) -> 0 | N310: =SUBTOTAL(9,N257:N309) -> 6 | O310: =SUBTOTAL(9,O257:O309) -> 3 | P310: =SUBTOTAL(9,P257:P309) -> 0 | ... GC310: =SUBTOTAL(9,GC257:GC309) -> 0

Sheet DICIEMBRE
A1: Zona | B1: provincia | C1: canton | D1: distrito | E1: unicodigo | F1: uni_nombre | G1: nivel | H1: tipo | I1: Establecimiento | J1: CNH | K1: CDI | L1: E. General Básica | M1: Bachillerato | N1: Atención Comunitaria | O1: Vistas Domiciliaras | P1: ext_OTROS | Q1: Hombre | R1: Mujer | S1: Pertenece_ES | T1: No_pertenece_ES | U1: Ecuatoriana | V1: Colombiana | W1: Peruana | X1: Cubana | Y1: Venezolana | Z1: Otras | AA1: Indigena | AB1: Afro ecuatoriano/ Afro descendiente | AC1: Negro/a | AD1: Mulato/a | AE1: Montubio/a | AF1: Mestizo/a | AG1: Blanco/a | AH1: Otro | AI1: Achuar | AJ1: Andoa | AK1: Awa | AL1: Chachi | AM1: Cofan | AN1: Epera | AO1: Huancavilca | AP1: Kichwa | AQ1: Manta | AR1: Secoya | AS1: Shiwiar | AT1: Shuar | AU1: Siona | AV1: Tsáchila | AW1: Waorani | AX1: Zapara | AY1: Chibuleo | AZ1: Kañari | BA1: Karanki | BB1: Kayambi | BC1: Kichwa Amazónico | BD1: Kisapincha | BE1: Kitukara | BF1: Natabuela | BG1: Otavalo | BH1: Paltas | BI1: Panzaleo | BJ1: Pastos | BK1: Puruha | BL1: Salasaka | BM1: Saraguro | BN1: Tomabela | BO1: Waramka | BP1: fIPV_1ano_1d | BQ1: HB_1ano_1d | BR1: DPT_1ano_1d | BS1: fIPV_1ano_2d | BT1: HB_1ano_2d | BU1: DPT_1ano_2d | BV1: bOPV_1ano_3d | BW1: HB_1ano_3d | BX1: DPT_1ano_3d | BY1: fIPV_2anos_1d | BZ1: SRP_2anos_1d | CA1: HB_2anos_1d | CB1: DPT_2anos_1d | CC1: fIPV_2anos_2d | CD1: SRP_2anos_2d | CE1: HB_2anos_2d | CF1: DPT_2anos_2d | CG1: bOPV_2anos_3d | CH1: HB_2anos_3d | CI1: DPT_2anos_3d | CJ1: bOPV_2anos_4d | CK1: DPT_2anos_4d | CL1: FA_2anos | CM1: fIPV_3anos_1d | CN1: SRP_3anos_1d | CO1: HB_3anos_1d | CP1: DPT_3anos_1d | CQ1: fIPV_3anos_2d | CR1: SRP_3anos_2d | CS1: HB_3anos_2d | CT1: DPT_3anos_2d | CU1: bOPV_3anos_3d | CV1: HB_3anos_3d | CW1: DPT_3anos_3d | CX1: bOPV_3anos_4d | CY1: DPT_3anos_4d | CZ1: FA_3anos | DA1: fIPV_4anos_1d | DB1: SRP_4anos_1d | DC1: HB_4anos_1d | DD1: DPT_4anos_1d | DE1: fIPV_4anos_2d | DF1: SRP_4anos_2d | DG1: HB_4anos_2d | DH1: DPT_4anos_2d | DI1: bOPV_4anos_3d | DJ1: HB_4anos_3d | DK1: DPT_4anos_3d | DL1: bOPV_4anos_4d | DM1: DPT_4anos_4d | DN1: FA_4anos | DO1: fIPV_5anos_1d | DP1: SRP_5anos_1d | DQ1: HB_5anos_1d | DR1: DPT_5anos_1d | DS1: fIPV_5anos_2d | DT1: SRP_5anos_2d | DU1: HB_5anos_2d | DV1: DPT_5anos_2d | DW1: bOPV_5anos_3d | DX1: HB_5anos_3d | DY1: DPT_5anos_3d | DZ1: bOPV_5anos_4d | EA1: DPT_5anos_4d | EB1: FA_5anos | EC1: SRP_6anos_1d | ED1: SRP_6anos_2d | EE1: FA_6anos | EF1: SR_7anos_1d | EG1: SR_7anos_2d | EH1: FA_7anos | EI1: FA_8anos | EJ1: dT adulto_7a14 años | EK1: FA_9a14 | EL1: FA_15a19 | EM1: FA_20a59 | EN1: SR_8a14_1d | EO1: SR_8a14_2d | EP1: SR_15a29_1d | EQ1: SR_15a29_2d | ER1: SR_30a50_1d | ES1: SR_30a50_2d | ET1: dTadulto_MEF_1D | EU1: dTadulto_MEF_2D | EV1: dTadulto_MEF_3D | EW1: dTadulto_MEF_4D | EX1: dTadulto_MEF_5D | EY1: dTadulto_EMB_1D | EZ1: dTadulto_EMB_2D | FA1: dTadulto_EMB_3D | FB1: dTadulto_EMB_4D | FC1: dTadulto_EMB_5D | FD1: dTadulto_HOMBRE_1D | FE1: dTadulto_HOMBRE_2D | FF1: dTadulto_HOMBRE_3D | FG1: dTadulto_HOMBRE_4D | FH1: dTadulto_HOMBRE_5D | FI1: HB_TSALUD_1D | FJ1: HB_TSALUD_2D | FK1: HB_TSALUD_3D | FL1: HB_ESTSALUD_1D | FM1: HB_ESTSALUD_2D | FN1: HB_ESTSALUD_3D | FO1: HB_TSEXUAL_1D | FP1: HB_TSEXUAL_2D | FQ1: HB_TSEXUAL_3D | FR1: HB_PVV_1D | FS1: HB_PVV_2D | FT1: HB_PVV_3D | FU1: HB_PPL_1D | FV1: HB_PPL_2D | FW1: HB_PPL_3D | FX1: HB_OGRUP_1D | FY1: HB_OGRUP_2D | FZ1: HB_OGRUP_3D | GA1: Inmunoglobulina_Antitetánica | GB1: Inmunoglobulina_Anti Hepatitis B | GC1: Inmunoglobulina_Antirrábica
A2: Z07 | B2: EL ORO | C2: ARENILLAS | D2: 07D05 | E2: 000541 | F2: SAN VICENTE | G2: NIVEL 1 | H2: CENTRO DE SALUD TIPO A
A3: Z07 | B3: EL ORO | C3: ARENILLAS | D3: 07D05 | E3: 000542 | F3: SAN ISIDRO URBANO | G3: NIVEL 1 | H3: CENTRO DE SALUD TIPO B
A4: Z07 | B4: EL ORO | C4: ARENILLAS | D4: 07D05 | E4: 000543 | F4: CAÑAS | G4: NIVEL 1 | H4: PUESTO DE SALUD
A5: Z07 | B5: EL ORO | C5: ARENILLAS | D5: 07D05 | E5: 000544 | F5: LA CUCA | G5: NIVEL 1 | H5: CENTRO DE SALUD TIPO A
A6: Z07 | B6: EL ORO | C6: ARENILLAS | D6: 07D05 | E6: 000545 | F6: CARCABON | G6: NIVEL 1 | H6: CENTRO DE SALUD TIPO A
A7: Z07 | B7: EL ORO | C7: ARENILLAS | D7: 07D05 | E7: 000546 | F7: CHACRAS | G7: NIVEL 1 | H7: CENTRO DE SALUD TIPO A
A8: Z07 | B8: EL ORO | C8: ARENILLAS | D8: 07D05 | E8: 000547 | F8: PALMALES | G8: NIVEL 1 | H8: CENTRO DE SALUD TIPO A
A9: Z07 | B9: EL ORO | C9: ARENILLAS | D9: 07D05 | E9: 000548 | F9: MANABI DE EL ORO | G9: NIVEL 1 | H9: PUESTO DE SALUD
A10: Z07 | B10: EL ORO | C10: ARENILLAS | D10: 07D05 | E10: 000591 | F10: HOSPITAL BASICO DE ARENILLAS | G10: NIVEL 2 | H10: HOSPITAL BASICO
A11: Z07 | B11: EL ORO | C11: ARENILLAS | D11: 07D05 | E11: 002763 | F11: EL JOBO SAN VICENTE | G11: NIVEL 1 | H11: PUESTO DE SALUD
A12: Z07 | B12: EL ORO | C12: ARENILLAS | D12: 07D05 | E12: 002900 | F12: CENTRO DE SALUD ARENILLAS | G12: NIVEL 1 | H12: CENTRO DE SALUD TIPO A
A13: Z07 | B13: EL ORO | C13: ATAHUALPA | D13: 07D03 | E13: 000576 | F13: AYAPAMBA | G13: NIVEL 1 | H13: CENTRO DE SALUD TIPO A
... A309: Z07 | B309: ZAMORA CHINCHIPE | C309: ZAMORA | D309: 19D01 | E309: 002837 | F309: CENTRO DE SALUD ZAMORA | G309: NIVEL 1 | H309: CENTRO DE SALUD TIPO A
I310: =SUBTOTAL(9,I257:I309) -> 0 | J310: =SUBTOTAL(9,J257:J309) -> 0 | K310: =SUBTOTAL(9,K257:K309) -> 0 | L310: =SUBTOTAL(9,L257:L309) -> 0 | M310: =SUBTOTAL(9,M257:M309) -> 0 | N310: =SUBTOTAL(9,N257:N309) -> 0 | O310: =SUBTOTAL(9,O257:O309) -> 0 | P310: =SUBTOTAL(9,P257:P309) -> 0 | ... GC310: =SUBTOTAL(9,GC257:GC309) -> 0

Sheet CONSOLIDADO
A1: Zona | B1: provincia | C1: canton | D1: distrito | E1: unicodigo | F1: uni_nombre | G1: nivel | H1: tipo | I1: Establecimiento | J1: CNH | K1: CDI | L1: E. General Básica | M1: Bachillerato | N1: Atención Comunitaria | O1: Vistas Domiciliaras | P1: ext_OTROS | Q1: Hombre | R1: Mujer | S1: Pertenece_ES | T1: No_pertenece_ES | U1: Ecuatoriana | V1: Colombiana | W1: Peruana | X1: Cubana | Y1: Venezolana | Z1: Otras | AA1: Indigena | AB1: Afro ecuatoriano/ Afro descendiente | AC1: Negro/a | AD1: Mulato/a | AE1: Montubio/a | AF1: Mestizo/a | AG1: Blanco/a | AH1: Otro | AI1: Achuar | AJ1: Andoa | AK1: Awa | AL1: Chachi | AM1: Cofan | AN1: Epera | AO1: Huancavilca | AP1: Kichwa | AQ1: Manta | AR1: Secoya | AS1: Shiwiar | AT1: Shuar | AU1: Siona | AV1: Tsáchila | AW1: Waorani | AX1: Zapara | AY1: Chibuleo | AZ1: Kañari | BA1: Karanki | BB1: Kayambi | BC1: Kichwa Amazónico | BD1: Kisapincha | BE1: Kitukara | BF1: Natabuela | BG1: Otavalo | BH1: Paltas | BI1: Panzaleo | BJ1: Pastos | BK1: Puruha | BL1: Salasaka | BM1: Saraguro | BN1: Tomabela | BO1: Waramka | BP1: fIPV_1ano_1d | BQ1: HB_1ano_1d | BR1: DPT_1ano_1d | BS1: fIPV_1ano_2d | BT1: HB_1ano_2d | BU1: DPT_1ano_2d | BV1: bOPV_1ano_3d | BW1: HB_1ano_3d | BX1: DPT_1ano_3d | BY1: fIPV_2anos_1d | BZ1: SRP_2anos_1d | CA1: HB_2anos_1d | CB1: DPT_2anos_1d | CC1: fIPV_2anos_2d | CD1: SRP_2anos_2d | CE1: HB_2anos_2d | CF1: DPT_2anos_2d | CG1: bOPV_2anos_3d | CH1: HB_2anos_3d | CI1: DPT_2anos_3d | CJ1: bOPV_2anos_4d | CK1: DPT_2anos_4d | CL1: FA_2anos | CM1: fIPV_3anos_1d | CN1: SRP_3anos_1d | CO1: HB_3anos_1d | CP1: DPT_3anos_1d | CQ1: fIPV_3anos_2d | CR1: SRP_3anos_2d | CS1: HB_3anos_2d | CT1: DPT_3anos_2d | CU1: bOPV_3anos_3d | CV1: HB_3anos_3d | CW1: DPT_3anos_3d | CX1: bOPV_3anos_4d | CY1: DPT_3anos_4d | CZ1: FA_3anos | DA1: fIPV_4anos_1d | DB1: SRP_4anos_1d | DC1: HB_4anos_1d | DD1: DPT_4anos_1d | DE1: fIPV_4anos_2d | DF1: SRP_4anos_2d | DG1: HB_4anos_2d | DH1: DPT_4anos_2d | DI1: bOPV_4anos_3d | DJ1: HB_4anos_3d | DK1: DPT_4anos_3d | DL1: bOPV_4anos_4d | DM1: DPT_4anos_4d | DN1: FA_4anos | DO1: fIPV_5anos_1d | DP1: SRP_5anos_1d | DQ1: HB_5anos_1d | DR1: DPT_5anos_1d | DS1: fIPV_5anos_2d | DT1: SRP_5anos_2d | DU1: HB_5anos_2d | DV1: DPT_5anos_2d | DW1: bOPV_5anos_3d | DX1: HB_5anos_3d | DY1: DPT_5anos_3d | DZ1: bOPV_5anos_4d | EA1: DPT_5anos_4d | EB1: FA_5anos | EC1: SRP_6anos_1d | ED1: SRP_6anos_2d | EE1: FA_6anos | EF1: SR_7anos_1d | EG1: SR_7anos_2d | EH1: FA_7anos | EI1: FA_8anos | EJ1: dT adulto_7a14 años | EK1: FA_9a14 | EL1: FA_15a19 | EM1: FA_20a59 | EN1: SR_8a14_1d | EO1: SR_8a14_2d | EP1: SR_15a29_1d | EQ1: SR_15a29_2d | ER1: SR_30a50_1d | ES1: SR_30a50_2d | ET1: dTadulto_MEF_1D | EU1: dTadulto_MEF_2D | EV1: dTadulto_MEF_3D | EW1: dTadulto_MEF_4D | EX1: dTadulto_MEF_5D | EY1: dTadulto_EMB_1D | EZ1: dTadulto_EMB_2D | FA1: dTadulto_EMB_3D | FB1: dTadulto_EMB_4D | FC1: dTadulto_EMB_5D | FD1: dTadulto_HOMBRE_1D | FE1: dTadulto_HOMBRE_2D | FF1: dTadulto_HOMBRE_3D | FG1: dTadulto_HOMBRE_4D | FH1: dTadulto_HOMBRE_5D | FI1: HB_TSALUD_1D | FJ1: HB_TSALUD_2D | FK1: HB_TSALUD_3D | FL1: HB_ESTSALUD_1D | FM1: HB_ESTSALUD_2D | FN1: HB_ESTSALUD_3D | FO1: HB_TSEXUAL_1D | FP1: HB_TSEXUAL_2D | FQ1: HB_TSEXUAL_3D | FR1: HB_PVV_1D | FS1: HB_PVV_2D | FT1: HB_PVV_3D | FU1: HB_PPL_1D | FV1: HB_PPL_2D | FW1: HB_PPL_3D | FX1: HB_OGRUP_1D | FY1: HB_OGRUP_2D | FZ1: HB_OGRUP_3D | GA1: Inmunoglobulina_Antitetánica | GB1: Inmunoglobulina_Anti Hepatitis B | GC1: Inmunoglobulina_Antirrábica
A2: Z07 | B2: ZAMORA CHINCHIPE | C2: CHINCHIPE | D2: 19D03 | E2: 001901 | F2: LA CHONTA | G2: NIVEL 1 | H2: CENTRO DE SALUD TIPO A | I2: =ENERO!I257+FEBRERO!I257+MARZO!I257+ABRIL!I257+MAYO!I257+JUNIO!I257+JULIO!I257+AGOSTO!I257+SEPTIEMBRE!I257+OCTUBRE!I257+NOVIEMBRE!I257+DICIEMBRE!I257 -> 23 | J2: =ENERO!J257+FEBRERO!J257+MARZO!J257+ABRIL!J257+MAYO!J257+JUNIO!J257+JULIO!J257+AGOSTO!J257+SEPTIEMBRE!J257+OCTUBRE!J257+NOVIEMBRE!J257+DICIEMBRE!J257 -> 0 | K2: =ENERO!K257+FEBRERO!K257+MARZO!K257+ABRIL!K257+MAYO!K257+JUNIO!K257+JULIO!K257+AGOSTO!K257+SEPTIEMBRE!K257+OCTUBRE!K257+NOVIEMBRE!K257+DICIEMBRE!K257 -> 0 | L2: =ENERO!L257+FEBRERO!L257+MARZO!L257+ABRIL!L257+MAYO!L257+JUNIO!L257+JULIO!L257+AGOSTO!L257+SEPTIEMBRE!L257+OCTUBRE!L257+NOVIEMBRE!L257+DICIEMBRE!L257 -> 0 | M2: =ENERO!M257+FEBRERO!M257+MARZO!M257+ABRIL!M257+MAYO!M257+JUNIO!M257+JULIO!M257+AGOSTO!M257+SEPTIEMBRE!M257+OCTUBRE!M257+NOVIEMBRE!M257+DICIEMBRE!M257 -> 0 | N2: =ENERO!N257+FEBRERO!N257+MARZO!N257+ABRIL!N257+MAYO!N257+JUNIO!N257+JULIO!N257+AGOSTO!N257+SEPTIEMBRE!N257+OCTUBRE!N257+NOVIEMBRE!N257+DICIEMBRE!N257 -> 1 | O2: =ENERO!O257+FEBRERO!O257+MARZO!O257+ABRIL!O257+MAYO!O257+JUNIO!O257+JULIO!O257+AGOSTO!O257+SEPTIEMBRE!O257+OCTUBRE!O257+NOVIEMBRE!O257+DICIEMBRE!O257 -> 0 | P2: =ENERO!P257+FEBRERO!P257+MARZO!P257+ABRIL!P257+MAYO!P257+JUNIO!P257+JULIO!P257+AGOSTO!P257+SEPTIEMBRE!P257+OCTUBRE!P257+NOVIEMBRE!P257+DICIEMBRE!P257 -> 4 | ... GC2: =ENERO!GC257+FEBRERO!GC257+MARZO!GC257+ABRIL!GC257+MAYO!GC257+JUNIO!GC257+JULIO!GC257+AGOSTO!GC257+SEPTIEMBRE!GC257+OCTUBRE!GC257+NOVIEMBRE!GC257+DICIEMBRE!GC257 -> 0
A3: Z07 | B3: ZAMORA CHINCHIPE | C3: CHINCHIPE | D3: 19D03 | E3: 001902 | F3: EL CHORRO | G3: NIVEL 1 | H3: PUESTO DE SALUD | I3: =ENERO!I258+FEBRERO!I258+MARZO!I258+ABRIL!I258+MAYO!I258+JUNIO!I258+JULIO!I258+AGOSTO!I258+SEPTIEMBRE!I258+OCTUBRE!I258+NOVIEMBRE!I258+DICIEMBRE!I258 -> 0 | J3: =ENERO!J258+FEBRERO!J258+MARZO!J258+ABRIL!J258+MAYO!J258+JUNIO!J258+JULIO!J258+AGOSTO!J258+SEPTIEMBRE!J258+OCTUBRE!J258+NOVIEMBRE!J258+DICIEMBRE!J258 -> 0 | K3: =ENERO!K258+FEBRERO!K258+MARZO!K258+ABRIL!K258+MAYO!K258+JUNIO!K258+JULIO!K258+AGOSTO!K258+SEPTIEMBRE!K258+OCTUBRE!K258+NOVIEMBRE!K258+DICIEMBRE!K258 -> 0 | L3: =ENERO!L258+FEBRERO!L258+MARZO!L258+ABRIL!L258+MAYO!L258+JUNIO!L258+JULIO!L258+AGOSTO!L258+SEPTIEMBRE!L258+OCTUBRE!L258+NOVIEMBRE!L258+DICIEMBRE!L258 -> 0 | M3: =ENERO!M258+FEBRERO!M258+MARZO!M258+ABRIL!M258+MAYO!M258+JUNIO!M258+JULIO!M258+AGOSTO!M258+SEPTIEMBRE!M258+OCTUBRE!M258+NOVIEMBRE!M258+DICIEMBRE!M258 -> 0 | N3: =ENERO!N258+FEBRERO!N258+MARZO!N258+ABRIL!N258+MAYO!N258+JUNIO!N258+JULIO!N258+AGOSTO!N258+SEPTIEMBRE!N258+OCTUBRE!N258+NOVIEMBRE!N258+DICIEMBRE!N258 -> 0 | O3: =ENERO!O258+FEBRERO!O258+MARZO!O258+ABRIL!O258+MAYO!O258+JUNIO!O258+JULIO!O258+AGOSTO!O258+SEPTIEMBRE!O258+OCTUBRE!O258+NOVIEMBRE!O258+DICIEMBRE!O258 -> 0 | P3: =ENERO!P258+FEBRERO!P258+MARZO!P258+ABRIL!P258+MAYO!P258+JUNIO!P258+JULIO!P258+AGOSTO!P258+SEPTIEMBRE!P258+OCTUBRE!P258+NOVIEMBRE!P258+DICIEMBRE!P258 -> 0 | ... GC3: =ENERO!GC258+FEBRERO!GC258+MARZO!GC258+ABRIL!GC258+MAYO!GC258+JUNIO!GC258+JULIO!GC258+AGOSTO!GC258+SEPTIEMBRE!GC258+OCTUBRE!GC258+NOVIEMBRE!GC258+DICIEMBRE!GC258 -> 0
A4: Z07 | B4: ZAMORA CHINCHIPE | C4: CHINCHIPE | D4: 19D03 | E4: 001903 | F4: CHITO | G4: NIVEL 1 | H4: CENTRO DE SALUD TIPO A | I4: =ENERO!I259+FEBRERO!I259+MARZO!I259+ABRIL!I259+MAYO!I259+JUNIO!I259+JULIO!I259+AGOSTO!I259+SEPTIEMBRE!I259+OCTUBRE!I259+NOVIEMBRE!I259+DICIEMBRE!I259 -> 57 | J4: =ENERO!J259+FEBRERO!J259+MARZO!J259+ABRIL!J259+MAYO!J259+JUNIO!J259+JULIO!J259+AGOSTO!J259+SEPTIEMBRE!J259+OCTUBRE!J259+NOVIEMBRE!J259+DICIEMBRE!J259 -> 0 | K4: =ENERO!K259+FEBRERO!K259+MARZO!K259+ABRIL!K259+MAYO!K259+JUNIO!K259+JULIO!K259+AGOSTO!K259+SEPTIEMBRE!K259+OCTUBRE!K259+NOVIEMBRE!K259+DICIEMBRE!K259 -> 0 | L4: =ENERO!L259+FEBRERO!L259+MARZO!L259+ABRIL!L259+MAYO!L259+JUNIO!L259+JULIO!L259+AGOSTO!L259+SEPTIEMBRE!L259+OCTUBRE!L259+NOVIEMBRE!L259+DICIEMBRE!L259 -> 0 | M4: =ENERO!M259+FEBRERO!M259+MARZO!M259+ABRIL!M259+MAYO!M259+JUNIO!M259+JULIO!M259+AGOSTO!M259+SEPTIEMBRE!M259+OCTUBRE!M259+NOVIEMBRE!M259+DICIEMBRE!M259 -> 0 | N4: =ENERO!N259+FEBRERO!N259+MARZO!N259+ABRIL!N259+MAYO!N259+JUNIO!N259+JULIO!N259+AGOSTO!N259+SEPTIEMBRE!N259+OCTUBRE!N259+NOVIEMBRE!N259+DICIEMBRE!N259 -> 1 | O4: =ENERO!O259+FEBRERO!O259+MARZO!O259+ABRIL!O259+MAYO!O259+JUNIO!O259+JULIO!O259+AGOSTO!O259+SEPTIEMBRE!O259+OCTUBRE!O259+NOVIEMBRE!O259+DICIEMBRE!O259 -> 19 | P4: =ENERO!P259+FEBRERO!P259+MARZO!P259+ABRIL!P259+MAYO!P259+JUNIO!P259+JULIO!P259+AGOSTO!P259+SEPTIEMBRE!P259+OCTUBRE!P259+NOVIEMBRE!P259+DICIEMBRE!P259 -> 0 | ... GC4: =ENERO!GC259+FEBRERO!GC259+MARZO!GC259+ABRIL!GC259+MAYO!GC259+JUNIO!GC259+JULIO!GC259+AGOSTO!GC259+SEPTIEMBRE!GC259+OCTUBRE!GC259+NOVIEMBRE!GC259+DICIEMBRE!GC259 -> 0
A5: Z07 | B5: ZAMORA CHINCHIPE | C5: CHINCHIPE | D5: 19D03 | E5: 001921 | F5: LA GUAYUZA | G5: NIVEL 1 | H5: PUESTO DE SALUD | I5: =ENERO!I260+FEBRERO!I260+MARZO!I260+ABRIL!I260+MAYO!I260+JUNIO!I260+JULIO!I260+AGOSTO!I260+SEPTIEMBRE!I260+OCTUBRE!I260+NOVIEMBRE!I260+DICIEMBRE!I260 -> 10 | J5: =ENERO!J260+FEBRERO!J260+MARZO!J260+ABRIL!J260+MAYO!J260+JUNIO!J260+JULIO!J260+AGOSTO!J260+SEPTIEMBRE!J260+OCTUBRE!J260+NOVIEMBRE!J260+DICIEMBRE!J260 -> 0 | K5: =ENERO!K260+FEBRERO!K260+MARZO!K260+ABRIL!K260+MAYO!K260+JUNIO!K260+JULIO!K260+AGOSTO!K260+SEPTIEMBRE!K260+OCTUBRE!K260+NOVIEMBRE!K260+DICIEMBRE!K260 -> 0 | L5: =ENERO!L260+FEBRERO!L260+MARZO!L260+ABRIL!L260+MAYO!L260+JUNIO!L260+JULIO!L260+AGOSTO!L260+SEPTIEMBRE!L260+OCTUBRE!L260+NOVIEMBRE!L260+DICIEMBRE!L260 -> 0 | M5: =ENERO!M260+FEBRERO!M260+MARZO!M260+ABRIL!M260+MAYO!M260+JUNIO!M260+JULIO!M260+AGOSTO!M260+SEPTIEMBRE!M260+OCTUBRE!M260+NOVIEMBRE!M260+DICIEMBRE!M260 -> 0 | N5: =ENERO!N260+FEBRERO!N260+MARZO!N260+ABRIL!N260+MAYO!N260+JUNIO!N260+JULIO!N260+AGOSTO!N260+SEPTIEMBRE!N260+OCTUBRE!N260+NOVIEMBRE!N260+DICIEMBRE!N260 -> 7 | O5: =ENERO!O260+FEBRERO!O260+MARZO!O260+ABRIL!O260+MAYO!O260+JUNIO!O260+JULIO!O260+AGOSTO!O260+SEPTIEMBRE!O260+OCTUBRE!O260+NOVIEMBRE!O260+DICIEMBRE!O260 -> 0 | P5: =ENERO!P260+FEBRERO!P260+MARZO!P260+ABRIL!P260+MAYO!P260+JUNIO!P260+JULIO!P260+AGOSTO!P260+SEPTIEMBRE!P260+OCTUBRE!P260+NOVIEMBRE!P260+DICIEMBRE!P260 -> 0 | ... GC5: =ENERO!GC260+FEBRERO!GC260+MARZO!GC260+ABRIL!GC260+MAYO!GC260+JUNIO!GC260+JULIO!GC260+AGOSTO!GC260+SEPTIEMBRE!GC260+OCTUBRE!GC260+NOVIEMBRE!GC260+DICIEMBRE!GC260 -> 0
A6: Z07 | B6: ZAMORA CHINCHIPE | C6: CHINCHIPE | D6: 19D03 | E6: 001922 | F6: LA DIVERSION | G6: NIVEL 1 | H6: CENTRO DE SALUD TIPO A | I6: =ENERO!I261+FEBRERO!I261+MARZO!I261+ABRIL!I261+MAYO!I261+JUNIO!I261+JULIO!I261+AGOSTO!I261+SEPTIEMBRE!I261+OCTUBRE!I261+NOVIEMBRE!I261+DICIEMBRE!I261 -> 9 | J6: =ENERO!J261+FEBRERO!J261+MARZO!J261+ABRIL!J261+MAYO!J261+JUNIO!J261+JULIO!J261+AGOSTO!J261+SEPTIEMBRE!J261+OCTUBRE!J261+NOVIEMBRE!J261+DICIEMBRE!J261 -> 0 | K6: =ENERO!K261+FEBRERO!K261+MARZO!K261+ABRIL!K261+MAYO!K261+JUNIO!K261+JULIO!K261+AGOSTO!K261+SEPTIEMBRE!K261+OCTUBRE!K261+NOVIEMBRE!K261+DICIEMBRE!K261 -> 0 | L6: =ENERO!L261+FEBRERO!L261+MARZO!L261+ABRIL!L261+MAYO!L261+JUNIO!L261+JULIO!L261+AGOSTO!L261+SEPTIEMBRE!L261+OCTUBRE!L261+NOVIEMBRE!L261+DICIEMBRE!L261 -> 0 | M6: =ENERO!M261+FEBRERO!M261+MARZO!M261+ABRIL!M261+MAYO!M261+JUNIO!M261+JULIO!M261+AGOSTO!M261+SEPTIEMBRE!M261+OCTUBRE!M261+NOVIEMBRE!M261+DICIEMBRE!M261 -> 0 | N6: =ENERO!N261+FEBRERO!N261+MARZO!N261+ABRIL!N261+MAYO!N261+JUNIO!N261+JULIO!N261+AGOSTO!N261+SEPTIEMBRE!N261+OCTUBRE!N261+NOVIEMBRE!N261+DICIEMBRE!N261 -> 6 | O6: =ENERO!O261+FEBRERO!O261+MARZO!O261+ABRIL!O261+MAYO!O261+JUNIO!O261+JULIO!O261+AGOSTO!O261+SEPTIEMBRE!O261+OCTUBRE!O261+NOVIEMBRE!O261+DICIEMBRE!O261 -> 0 | P6: =ENERO!P261+FEBRERO!P261+MARZO!P261+ABRIL!P261+MAYO!P261+JUNIO!P261+JULIO!P261+AGOSTO!P261+SEPTIEMBRE!P261+OCTUBRE!P261+NOVIEMBRE!P261+DICIEMBRE!P261 -> 0 | ... GC6: =ENERO!GC261+FEBRERO!GC261+MARZO!GC261+ABRIL!GC261+MAYO!GC261+JUNIO!GC261+JULIO!GC261+AGOSTO!GC261+SEPTIEMBRE!GC261+OCTUBRE!GC261+NOVIEMBRE!GC261+DICIEMBRE!GC261 -> 0
A7: Z07 | B7: ZAMORA CHINCHIPE | C7: CHINCHIPE | D7: 19D03 | E7: 001923 | F7: SAN ANDRES | G7: NIVEL 1 | H7: PUESTO DE SALUD | I7: =ENERO!I262+FEBRERO!I262+MARZO!I262+ABRIL!I262+MAYO!I262+JUNIO!I262+JULIO!I262+AGOSTO!I262+SEPTIEMBRE!I262+OCTUBRE!I262+NOVIEMBRE!I262+DICIEMBRE!I262 -> 30 | J7: =ENERO!J262+FEBRERO!J262+MARZO!J262+ABRIL!J262+MAYO!J262+JUNIO!J262+JULIO!J262+AGOSTO!J262+SEPTIEMBRE!J262+OCTUBRE!J262+NOVIEMBRE!J262+DICIEMBRE!J262 -> 0 | K7: =ENERO!K262+FEBRERO!K262+MARZO!K262+ABRIL!K262+MAYO!K262+JUNIO!K262+JULIO!K262+AGOSTO!K262+SEPTIEMBRE!K262+OCTUBRE!K262+NOVIEMBRE!K262+DICIEMBRE!K262 -> 0 | L7: =ENERO!L262+FEBRERO!L262+MARZO!L262+ABRIL!L262+MAYO!L262+JUNIO!L262+JULIO!L262+AGOSTO!L262+SEPTIEMBRE!L262+OCTUBRE!L262+NOVIEMBRE!L262+DICIEMBRE!L262 -> 0 | M7: =ENERO!M262+FEBRERO!M262+MARZO!M262+ABRIL!M262+MAYO!M262+JUNIO!M262+JULIO!M262+AGOSTO!M262+SEPTIEMBRE!M262+OCTUBRE!M262+NOVIEMBRE!M262+DICIEMBRE!M262 -> 0 | N7: =ENERO!N262+FEBRERO!N262+MARZO!N262+ABRIL!N262+MAYO!N262+JUNIO!N262+JULIO!N262+AGOSTO!N262+SEPTIEMBRE!N262+OCTUBRE!N262+NOVIEMBRE!N262+DICIEMBRE!N262 -> 0 | O7: =ENERO!O262+FEBRERO!O262+MARZO!O262+ABRIL!O262+MAYO!O262+JUNIO!O262+JULIO!O262+AGOSTO!O262+SEPTIEMBRE!O262+OCTUBRE!O262+NOVIEMBRE!O262+DICIEMBRE!O262 -> 0 | P7: =ENERO!P262+FEBRERO!P262+MARZO!P262+ABRIL!P262+MAYO!P262+JUNIO!P262+JULIO!P262+AGOSTO!P262+SEPTIEMBRE!P262+OCTUBRE!P262+NOVIEMBRE!P262+DICIEMBRE!P262 -> 0 | ... GC7: =ENERO!GC262+FEBRERO!GC262+MARZO!GC262+ABRIL!GC262+MAYO!GC262+JUNIO!GC262+JULIO!GC262+AGOSTO!GC262+SEPTIEMBRE!GC262+OCTUBRE!GC262+NOVIEMBRE!GC262+DICIEMBRE!GC262 -> 0
A8: Z07 | B8: ZAMORA CHINCHIPE | C8: CHINCHIPE | D8: 19D03 | E8: 001949 | F8: HOSPITAL BASICO DE ZUMBA | G8: NIVEL 2 | H8: HOSPITAL BASICO | I8: =ENERO!I263+FEBRERO!I263+MARZO!I263+ABRIL!I263+MAYO!I263+JUNIO!I263+JULIO!I263+AGOSTO!I263+SEPTIEMBRE!I263+OCTUBRE!I263+NOVIEMBRE!I263+DICIEMBRE!I263 -> 1 | J8: =ENERO!J263+FEBRERO!J263+MARZO!J263+ABRIL!J263+MAYO!J263+JUNIO!J263+JULIO!J263+AGOSTO!J263+SEPTIEMBRE!J263+OCTUBRE!J263+NOVIEMBRE!J263+DICIEMBRE!J263 -> 0 | K8: =ENERO!K263+FEBRERO!K263+MARZO!K263+ABRIL!K263+MAYO!K263+JUNIO!K263+JULIO!K263+AGOSTO!K263+SEPTIEMBRE!K263+OCTUBRE!K263+NOVIEMBRE!K263+DICIEMBRE!K263 -> 0 | L8: =ENERO!L263+FEBRERO!L263+MARZO!L263+ABRIL!L263+MAYO!L263+JUNIO!L263+JULIO!L263+AGOSTO!L263+SEPTIEMBRE!L263+OCTUBRE!L263+NOVIEMBRE!L263+DICIEMBRE!L263 -> 0 | M8: =ENERO!M263+FEBRERO!M263+MARZO!M263+ABRIL!M263+MAYO!M263+JUNIO!M263+JULIO!M263+AGOSTO!M263+SEPTIEMBRE!M263+OCTUBRE!M263+NOVIEMBRE!M263+DICIEMBRE!M263 -> 0 | N8: =ENERO!N263+FEBRERO!N263+MARZO!N263+ABRIL!N263+MAYO!N263+JUNIO!N263+JULIO!N263+AGOSTO!N263+SEPTIEMBRE!N263+OCTUBRE!N263+NOVIEMBRE!N263+DICIEMBRE!N263 -> 0 | O8: =ENERO!O263+FEBRERO!O263+MARZO!O263+ABRIL!O263+MAYO!O263+JUNIO!O263+JULIO!O263+AGOSTO!O263+SEPTIEMBRE!O263+OCTUBRE!O263+NOVIEMBRE!O263+DICIEMBRE!O263 -> 0 | P8: =ENERO!P263+FEBRERO!P263+MARZO!P263+ABRIL!P263+MAYO!P263+JUNIO!P263+JULIO!P263+AGOSTO!P263+SEPTIEMBRE!P263+OCTUBRE!P263+NOVIEMBRE!P263+DICIEMBRE!P263 -> 0 | ... GC8: =ENERO!GC263+FEBRERO!GC263+MARZO!GC263+ABRIL!GC263+MAYO!GC263+JUNIO!GC263+JULIO!GC263+AGOSTO!GC263+SEPTIEMBRE!GC263+OCTUBRE!GC263+NOVIEMBRE!GC263+DICIEMBRE!GC263 -> 0
A9: Z07 | B9: ZAMORA CHINCHIPE | C9: CHINCHIPE | D9: 19D03 | E9: 002846 | F9: CENTRO DE SALUD DE ZUMBA | G9: NIVEL 1 | H9: CENTRO DE SALUD TIPO A | I9: =ENERO!I264+FEBRERO!I264+MARZO!I264+ABRIL!I264+MAYO!I264+JUNIO!I264+JULIO!I264+AGOSTO!I264+SEPTIEMBRE!I264+OCTUBRE!I264+NOVIEMBRE!I264+DICIEMBRE!I264 -> 386 | J9: =ENERO!J264+FEBRERO!J264+MARZO!J264+ABRIL!J264+MAYO!J264+JUNIO!J264+JULIO!J264+AGOSTO!J264+SEPTIEMBRE!J264+OCTUBRE!J264+NOVIEMBRE!J264+DICIEMBRE!J264 -> 0 | K9: =ENERO!K264+FEBRERO!K264+MARZO!K264+ABRIL!K264+MAYO!K264+JUNIO!K264+JULIO!K264+AGOSTO!K264+SEPTIEMBRE!K264+OCTUBRE!K264+NOVIEMBRE!K264+DICIEMBRE!K264 -> 0 | L9: =ENERO!L264+FEBRERO!L264+MARZO!L264+ABRIL!L264+MAYO!L264+JUNIO!L264+JULIO!L264+AGOSTO!L264+SEPTIEMBRE!L264+OCTUBRE!L264+NOVIEMBRE!L264+DICIEMBRE!L264 -> 0 | M9: =ENERO!M264+FEBRERO!M264+MARZO!M264+ABRIL!M264+MAYO!M264+JUNIO!M264+JULIO!M264+AGOSTO!M264+SEPTIEMBRE!M264+OCTUBRE!M264+NOVIEMBRE!M264+DICIEMBRE!M264 -> 0 | N9: =ENERO!N264+FEBRERO!N264+MARZO!N264+ABRIL!N264+MAYO!N264+JUNIO!N264+JULIO!N264+AGOSTO!N264+SEPTIEMBRE!N264+OCTUBRE!N264+NOVIEMBRE!N264+DICIEMBRE!N264 -> 3 | O9: =ENERO!O264+FEBRERO!O264+MARZO!O264+ABRIL!O264+MAYO!O264+JUNIO!O264+JULIO!O264+AGOSTO!O264+SEPTIEMBRE!O264+OCTUBRE!O264+NOVIEMBRE!O264+DICIEMBRE!O264 -> 14 | P9: =ENERO!P264+FEBRERO!P264+MARZO!P264+ABRIL!P264+MAYO!P264+JUNIO!P264+JULIO!P264+AGOSTO!P264+SEPTIEMBRE!P264+OCTUBRE!P264+NOVIEMBRE!P264+DICIEMBRE!P264 -> 4 | ... GC9: =ENERO!GC264+FEBRERO!GC264+MARZO!GC264+ABRIL!GC264+MAYO!GC264+JUNIO!GC264+JULIO!GC264+AGOSTO!GC264+SEPTIEMBRE!GC264+OCTUBRE!GC264+NOVIEMBRE!GC264+DICIEMBRE!GC264 -> 0
A10: Z07 | B10: ZAMORA CHINCHIPE | C10: PALANDA | D10: 19D03 | E10: 001904 | F10: SAN FRANCISCO DEL VERGEL | G10: NIVEL 1 | H10: PUESTO DE SALUD | I10: =ENERO!I265+FEBRERO!I265+MARZO!I265+ABRIL!I265+MAYO!I265+JUNIO!I265+JULIO!I265+AGOSTO!I265+SEPTIEMBRE!I265+OCTUBRE!I265+NOVIEMBRE!I265+DICIEMBRE!I265 -> 0 | J10: =ENERO!J265+FEBRERO!J265+MARZO!J265+ABRIL!J265+MAYO!J265+JUNIO!J265+JULIO!J265+AGOSTO!J265+SEPTIEMBRE!J265+OCTUBRE!J265+NOVIEMBRE!J265+DICIEMBRE!J265 -> 0 | K10: =ENERO!K265+FEBRERO!K265+MARZO!K265+ABRIL!K265+MAYO!K265+JUNIO!K265+JULIO!K265+AGOSTO!K265+SEPTIEMBRE!K265+OCTUBRE!K265+NOVIEMBRE!K265+DICIEMBRE!K265 -> 0 | L10: =ENERO!L265+FEBRERO!L265+MARZO!L265+ABRIL!L265+MAYO!L265+JUNIO!L265+JULIO!L265+AGOSTO!L265+SEPTIEMBRE!L265+OCTUBRE!L265+NOVIEMBRE!L265+DICIEMBRE!L265 -> 0 | M10: =ENERO!M265+FEBRERO!M265+MARZO!M265+ABRIL!M265+MAYO!M265+JUNIO!M265+JULIO!M265+AGOSTO!M265+SEPTIEMBRE!M265+OCTUBRE!M265+NOVIEMBRE!M265+DICIEMBRE!M265 -> 0 | N10: =ENERO!N265+FEBRERO!N265+MARZO!N265+ABRIL!N265+MAYO!N265+JUNIO!N265+JULIO!N265+AGOSTO!N265+SEPTIEMBRE!N265+OCTUBRE!N265+NOVIEMBRE!N265+DICIEMBRE!N265 -> 0 | O10: =ENERO!O265+FEBRERO!O265+MARZO!O265+ABRIL!O265+MAYO!O265+JUNIO!O265+JULIO!O265+AGOSTO!O265+SEPTIEMBRE!O265+OCTUBRE!O265+NOVIEMBRE!O265+DICIEMBRE!O265 -> 0 | P10: =ENERO!P265+FEBRERO!P265+MARZO!P265+ABRIL!P265+MAYO!P265+JUNIO!P265+JULIO!P265+AGOSTO!P265+SEPTIEMBRE!P265+OCTUBRE!P265+NOVIEMBRE!P265+DICIEMBRE!P265 -> 0 | ... GC10: =ENERO!GC265+FEBRERO!GC265+MARZO!GC265+ABRIL!GC265+MAYO!GC265+JUNIO!GC265+JULIO!GC265+AGOSTO!GC265+SEPTIEMBRE!GC265+OCTUBRE!GC265+NOVIEMBRE!GC265+DICIEMBRE!GC265 -> 0
A11: Z07 | B11: ZAMORA CHINCHIPE | C11: PALANDA | D11: 19D03 | E11: 001937 | F11: EL PORVENIR DEL CARMEN | G11: NIVEL 1 | H11: PUESTO DE SALUD | I11: =ENERO!I266+FEBRERO!I266+MARZO!I266+ABRIL!I266+MAYO!I266+JUNIO!I266+JULIO!I266+AGOSTO!I266+SEPTIEMBRE!I266+OCTUBRE!I266+NOVIEMBRE!I266+DICIEMBRE!I266 -> 0 | J11: =ENERO!J266+FEBRERO!J266+MARZO!J266+ABRIL!J266+MAYO!J266+JUNIO!J266+JULIO!J266+AGOSTO!J266+SEPTIEMBRE!J266+OCTUBRE!J266+NOVIEMBRE!J266+DICIEMBRE!J266 -> 0 | K11: =ENERO!K266+FEBRERO!K266+MARZO!K266+ABRIL!K266+MAYO!K266+JUNIO!K266+JULIO!K266+AGOSTO!K266+SEPTIEMBRE!K266+OCTUBRE!K266+NOVIEMBRE!K266+DICIEMBRE!K266 -> 0 | L11: =ENERO!L266+FEBRERO!L266+MARZO!L266+ABRIL!L266+MAYO!L266+JUNIO!L266+JULIO!L266+AGOSTO!L266+SEPTIEMBRE!L266+OCTUBRE!L266+NOVIEMBRE!L266+DICIEMBRE!L266 -> 0 | M11: =ENERO!M266+FEBRERO!M266+MARZO!M266+ABRIL!M266+MAYO!M266+JUNIO!M266+JULIO!M266+AGOSTO!M266+SEPTIEMBRE!M266+OCTUBRE!M266+NOVIEMBRE!M266+DICIEMBRE!M266 -> 0 | N11: =ENERO!N266+FEBRERO!N266+MARZO!N266+ABRIL!N266+MAYO!N266+JUNIO!N266+JULIO!N266+AGOSTO!N266+SEPTIEMBRE!N266+OCTUBRE!N266+NOVIEMBRE!N266+DICIEMBRE!N266 -> 0 | O11: =ENERO!O266+FEBRERO!O266+MARZO!O266+ABRIL!O266+MAYO!O266+JUNIO!O266+JULIO!O266+AGOSTO!O266+SEPTIEMBRE!O266+OCTUBRE!O266+NOVIEMBRE!O266+DICIEMBRE!O266 -> 0 | P11: =ENERO!P266+FEBRERO!P266+MARZO!P266+ABRIL!P266+MAYO!P266+JUNIO!P266+JULIO!P266+AGOSTO!P266+SEPTIEMBRE!P266+OCTUBRE!P266+NOVIEMBRE!P266+DICIEMBRE!P266 -> 0 | ... GC11: =ENERO!GC266+FEBRERO!GC266+MARZO!GC266+ABRIL!GC266+MAYO!GC266+JUNIO!GC266+JULIO!GC266+AGOSTO!GC266+SEPTIEMBRE!GC266+OCTUBRE!GC266+NOVIEMBRE!GC266+DICIEMBRE!GC266 -> 0
A12: Z07 | B12: ZAMORA CHINCHIPE | C12: PALANDA | D12: 19D03 | E12: 001944 | F12: PALANDA | G12: NIVEL 1 | H12: CENTRO DE SALUD TIPO B | I12: =ENERO!I267+FEBRERO!I267+MARZO!I267+ABRIL!I267+MAYO!I267+JUNIO!I267+JULIO!I267+AGOSTO!I267+SEPTIEMBRE!I267+OCTUBRE!I267+NOVIEMBRE!I267+DICIEMBRE!I267 -> 0 | J12: =ENERO!J267+FEBRERO!J267+MARZO!J267+ABRIL!J267+MAYO!J267+JUNIO!J267+JULIO!J267+AGOSTO!J267+SEPTIEMBRE!J267+OCTUBRE!J267+NOVIEMBRE!J267+DICIEMBRE!J267 -> 0 | K12: =ENERO!K267+FEBRERO!K267+MARZO!K267+ABRIL!K267+MAYO!K267+JUNIO!K267+JULIO!K267+AGOSTO!K267+SEPTIEMBRE!K267+OCTUBRE!K267+NOVIEMBRE!K267+DICIEMBRE!K267 -> 0 | L12: =ENERO!L267+FEBRERO!L267+MARZO!L267+ABRIL!L267+MAYO!L267+JUNIO!L267+JULIO!L267+AGOSTO!L267+SEPTIEMBRE!L267+OCTUBRE!L267+NOVIEMBRE!L267+DICIEMBRE!L267 -> 0 | M12: =ENERO!M267+FEBRERO!M267+MARZO!M267+ABRIL!M267+MAYO!M267+JUNIO!M267+JULIO!M267+AGOSTO!M267+SEPTIEMBRE!M267+OCTUBRE!M267+NOVIEMBRE!M267+DICIEMBRE!M267 -> 0 | N12: =ENERO!N267+FEBRERO!N267+MARZO!N267+ABRIL!N267+MAYO!N267+JUNIO!N267+JULIO!N267+AGOSTO!N267+SEPTIEMBRE!N267+OCTUBRE!N267+NOVIEMBRE!N267+DICIEMBRE!N267 -> 0 | O12: =ENERO!O267+FEBRERO!O267+MARZO!O267+ABRIL!O267+MAYO!O267+JUNIO!O267+JULIO!O267+AGOSTO!O267+SEPTIEMBRE!O267+OCTUBRE!O267+NOVIEMBRE!O267+DICIEMBRE!O267 -> 0 | P12: =ENERO!P267+FEBRERO!P267+MARZO!P267+ABRIL!P267+MAYO!P267+JUNIO!P267+JULIO!P267+AGOSTO!P267+SEPTIEMBRE!P267+OCTUBRE!P267+NOVIEMBRE!P267+DICIEMBRE!P267 -> 0 | ... GC12: =ENERO!GC267+FEBRERO!GC267+MARZO!GC267+ABRIL!GC267+MAYO!GC267+JUNIO!GC267+JULIO!GC267+AGOSTO!GC267+SEPTIEMBRE!GC267+OCTUBRE!GC267+NOVIEMBRE!GC267+DICIEMBRE!GC267 -> 0
A13: Z07 | B13: ZAMORA CHINCHIPE | C13: PALANDA | D13: 19D03 | E13: 001945 | F13: VALLADOLID | G13: NIVEL 1 | H13: CENTRO DE SALUD TIPO A | I13: =ENERO!I268+FEBRERO!I268+MARZO!I268+ABRIL!I268+MAYO!I268+JUNIO!I268+JULIO!I268+AGOSTO!I268+SEPTIEMBRE!I268+OCTUBRE!I268+NOVIEMBRE!I268+DICIEMBRE!I268 -> 0 | J13: =ENERO!J268+FEBRERO!J268+MARZO!J268+ABRIL!J268+MAYO!J268+JUNIO!J268+JULIO!J268+AGOSTO!J268+SEPTIEMBRE!J268+OCTUBRE!J268+NOVIEMBRE!J268+DICIEMBRE!J268 -> 0 | K13: =ENERO!K268+FEBRERO!K268+MARZO!K268+ABRIL!K268+MAYO!K268+JUNIO!K268+JULIO!K268+AGOSTO!K268+SEPTIEMBRE!K268+OCTUBRE!K268+NOVIEMBRE!K268+DICIEMBRE!K268 -> 0 | L13: =ENERO!L268+FEBRERO!L268+MARZO!L268+ABRIL!L268+MAYO!L268+JUNIO!L268+JULIO!L268+AGOSTO!L268+SEPTIEMBRE!L268+OCTUBRE!L268+NOVIEMBRE!L268+DICIEMBRE!L268 -> 0 | M13: =ENERO!M268+FEBRERO!M268+MARZO!M268+ABRIL!M268+MAYO!M268+JUNIO!M268+JULIO!M268+AGOSTO!M268+SEPTIEMBRE!M268+OCTUBRE!M268+NOVIEMBRE!M268+DICIEMBRE!M268 -> 0 | N13: =ENERO!N268+FEBRERO!N268+MARZO!N268+ABRIL!N268+MAYO!N268+JUNIO!N268+JULIO!N268+AGOSTO!N268+SEPTIEMBRE!N268+OCTUBRE!N268+NOVIEMBRE!N268+DICIEMBRE!N268 -> 0 | O13: =ENERO!O268+FEBRERO!O268+MARZO!O268+ABRIL!O268+MAYO!O268+JUNIO!O268+JULIO!O268+AGOSTO!O268+SEPTIEMBRE!O268+OCTUBRE!O268+NOVIEMBRE!O268+DICIEMBRE!O268 -> 0 | P13: =ENERO!P268+FEBRERO!P268+MARZO!P268+ABRIL!P268+MAYO!P268+JUNIO!P268+JULIO!P268+AGOSTO!P268+SEPTIEMBRE!P268+OCTUBRE!P268+NOVIEMBRE!P268+DICIEMBRE!P268 -> 0 | ... GC13: =ENERO!GC268+FEBRERO!GC268+MARZO!GC268+ABRIL!GC268+MAYO!GC268+JUNIO!GC268+JULIO!GC268+AGOSTO!GC268+SEPTIEMBRE!GC268+OCTUBRE!GC268+NOVIEMBRE!GC268+DICIEMBRE!GC268 -> 0
A14: Z07 | B14: ZAMORA CHINCHIPE | C14: PALANDA | D14: 19D03 | E14: 001946 | F14: LA CANELA | G14: NIVEL 1 | H14: PUESTO DE SALUD | I14: =ENERO!I269+FEBRERO!I269+MARZO!I269+ABRIL!I269+MAYO!I269+JUNIO!I269+JULIO!I269+AGOSTO!I269+SEPTIEMBRE!I269+OCTUBRE!I269+NOVIEMBRE!I269+DICIEMBRE!I269 -> 0 | J14: =ENERO!J269+FEBRERO!J269+MARZO!J269+ABRIL!J269+MAYO!J269+JUNIO!J269+JULIO!J269+AGOSTO!J269+SEPTIEMBRE!J269+OCTUBRE!J269+NOVIEMBRE!J269+DICIEMBRE!J269 -> 0 | K14: =ENERO!K269+FEBRERO!K269+MARZO!K269+ABRIL!K269+MAYO!K269+JUNIO!K269+JULIO!K269+AGOSTO!K269+SEPTIEMBRE!K269+OCTUBRE!K269+NOVIEMBRE!K269+DICIEMBRE!K269 -> 0 | L14: =ENERO!L269+FEBRERO!L269+MARZO!L269+ABRIL!L269+MAYO!L269+JUNIO!L269+JULIO!L269+AGOSTO!L269+SEPTIEMBRE!L269+OCTUBRE!L269+NOVIEMBRE!L269+DICIEMBRE!L269 -> 0 | M14: =ENERO!M269+FEBRERO!M269+MARZO!M269+ABRIL!M269+MAYO!M269+JUNIO!M269+JULIO!M269+AGOSTO!M269+SEPTIEMBRE!M269+OCTUBRE!M269+NOVIEMBRE!M269+DICIEMBRE!M269 -> 0 | N14: =ENERO!N269+FEBRERO!N269+MARZO!N269+ABRIL!N269+MAYO!N269+JUNIO!N269+JULIO!N269+AGOSTO!N269+SEPTIEMBRE!N269+OCTUBRE!N269+NOVIEMBRE!N269+DICIEMBRE!N269 -> 0 | O14: =ENERO!O269+FEBRERO!O269+MARZO!O269+ABRIL!O269+MAYO!O269+JUNIO!O269+JULIO!O269+AGOSTO!O269+SEPTIEMBRE!O269+OCTUBRE!O269+NOVIEMBRE!O269+DICIEMBRE!O269 -> 0 | P14: =ENERO!P269+FEBRERO!P269+MARZO!P269+ABRIL!P269+MAYO!P269+JUNIO!P269+JULIO!P269+AGOSTO!P269+SEPTIEMBRE!P269+OCTUBRE!P269+NOVIEMBRE!P269+DICIEMBRE!P269 -> 0 | ... GC14: =ENERO!GC269+FEBRERO!GC269+MARZO!GC269+ABRIL!GC269+MAYO!GC269+JUNIO!GC269+JULIO!GC269+AGOSTO!GC269+SEPTIEMBRE!GC269+OCTUBRE!GC269+NOVIEMBRE!GC269+DICIEMBRE!GC269 -> 0
I15: =SUM(I2:I14) -> 516 | J15: =SUM(J2:J14) -> 0 | K15: =SUM(K2:K14) -> 0 | L15: =SUM(L2:L14) -> 0 | M15: =SUM(M2:M14) -> 0 | N15: =SUM(N2:N14) -> 18 | O15: =SUM(O2:O14) -> 33 | P15: =SUM(P2:P14) -> 8 | ... GC15: =SUM(GC2:GC14) -> 0
