Workbook
Name __Anonymous_Sheet_DB__1: #REF!
Name __Anonymous_Sheet_DB__1: #REF!
Name __Anonymous_Sheet_DB__1: #REF!
Name __xlnm._FilterDatabase_1: #REF!
Name __xlnm._FilterDatabase_1: #REF!
Name __xlnm._FilterDatabase_1: #REF!

Sheet ENE2023
A1: MINISTERIO DEL TRABAJO
A2: DIRECCIÓN REGIONAL DE TRABAJO Y SERVICIO PÚBLICO DE LOJA
A3: SOLICITUDES DE CERTIFICACIÓN DE DOCUMENTOS
A5: NÚMERO | B5: No. DE EXTERNO | C5: FECHA DE INGRESO AL MDT | D5: FECHA DE INGRESO A LA DSG | E5: CANTIDAD DE FOJAS DESPACHADAS | F5: ESTADO | G5: FUNCIONARIO ACTUAL | H5: DIRECCIÓN O UNIDAD | I5: TECN. CETIFI RESPONSABLE | J5: FECHA RESOLUCIÓN | K5: FECHA DE NOTIFICACIÓN | L5: TIEMPO DE RESPUESTA HASTA LA NOTIFICACIÓN | M5: NUMERO DE OFICIO DE RESPUESTA | N5: CUIDAD A LA QUE SE DEBE ENVIAR LA RESPUESTA | O5: NOTIFICADO / O ENTREGADO A: | P5: NUMERO DE GUÍA O CÉDULA | Q5: CUMPLE EN EL PLAZO ESTABLECIDO | R5: FERIADO
A6: 1 | B6: MDT-DPTSPZCH-2023-0004-E | C6: 44930 | D6: 44930 | E6: 8 | F6: ATENDIDO | G6: Mayté Del Cisne Elizalde Vivanco | H6: DELEGACIÓN PROVINCIAL DE TRABAJO Y SERVICIO PÚBLICO DE ZAMORA CHINCHIPE | I6: Mayté Del Cisne Elizalde Vivanco | J6: 44935 | K6: 44935 | L6: =+NETWORKDAYS(D6,K6,$R$6:$R$9)-1 -> 3 | M6: MDT-DRTSPL-2023-0122-O | N6: LOJA | O6: Marjorie Elizabeth Zambrano Gordillo | P6: juridicogadprovincialzch@hotmail.com | Q6: =IF(L6>15,"FUERA DE TIEMPO","DENTRO DEL TIEMPO") -> DENTRO DEL TIEMPO
A7: 2 | B7: MDT-DPTSPZCH-2023-0053-E | C7: 44939 | D7: 44939 | E7: 4299 | F7: ATENDIDO | G7: Mayté Del Cisne Elizalde Vivanco | H7: DELEGACIÓN PROVINCIAL DE TRABAJO Y SERVICIO PÚBLICO DE ZAMORA CHINCHIPE | I7: Mayté Del Cisne Elizalde Vivanco | J7: 44951 | K7: 44951 | L7: =+NETWORKDAYS(D7,K7,$R$6:$R$9)-1 -> 8 | M7: MDT-DRTSPL-2023-0431-O | N7: LOJA | O7: Marjorie Elizabeth Zambrano Gordillo | P7: juridicogadprovincialzch@hotmail.com | Q7: =IF(L7>15,"FUERA DE TIEMPO","DENTRO DEL TIEMPO") -> DENTRO DEL TIEMPO
A8: 3 | B8: MDT-DRTSPL-2023-0003-E | C8: 44929 | D8: 44929 | E8: 2 | F8: ATENDIDO | G8: Yajaira Katherine Lozada Bravo | H8: DIRECCIÓN REGIONAL DEL TRABAJO Y SERVICIO PÚBLICO DE LOJA | I8: Yajaira Katherine Lozada Bravo | J8: 44930 | K8: 44930 | L8: =+NETWORKDAYS(D8,K8,$R$6:$R$9)-1 -> 1 | M8: MDT-DRTSPL-2023-0038-O | N8: LOJA | O8: Jaime Antonio Guzmán Regalado | P8: jaimeantonio07@hotmail.es | Q8: =IF(L8>15,"FUERA DE TIEMPO","DENTRO DEL TIEMPO") -> DENTRO DEL TIEMPO
A9: 4 | B9: MDT-DRTSPL-2023-0004-E | C9: 44929 | D9: 44929 | E9: 2 | F9: ATENDIDO | G9: Yajaira Katherine Lozada Bravo | H9: DIRECCIÓN REGIONAL DEL TRABAJO Y SERVICIO PÚBLICO DE LOJA | I9: Yajaira Katherine Lozada Bravo | J9: 44930 | K9: 44930 | L9: =+NETWORKDAYS(D9,K9,$R$6:$R$9)-1 -> 1 | M9: MDT-DRTSPL-2023-0039-O | N9: LOJA | O9: Jaime Antonio Guzmán Regalado | P9: jaimeantonio07@hotmail.es | Q9: =IF(L9>15,"FUERA DE TIEMPO","DENTRO DEL TIEMPO") -> DENTRO DEL TIEMPO
A10: 5 | B10: MDT-DRTSPL-2023-0005-E | C10: 44929 | D10: 44929 | E10: 2 | F10: ATENDIDO | G10: Yajaira Katherine Lozada Bravo | H10: DIRECCIÓN REGIONAL DEL TRABAJO Y SERVICIO PÚBLICO DE LOJA | I10: Yajaira Katherine Lozada Bravo | J10: 44930 | K10: 44930 | L10: =+NETWORKDAYS(D10,K10,$R$6:$R$9)-1 -> 1 | M10: MDT-DRTSPL-2023-0040-O | N10: LOJA | O10: Jaime Antonio Guzmán Regalado | P10: jaimeantonio07@hotmail.es | Q10: =IF(L10>15,"FUERA DE TIEMPO","DENTRO DEL TIEMPO") -> DENTRO DEL TIEMPO
A11: 6 | B11: MDT-DRTSPL-2023-0006-E | C11: 44929 | D11: 44929 | E11: 2 | F11: ATENDIDO | G11: Yajaira Katherine Lozada Bravo | H11: DIRECCIÓN REGIONAL DEL TRABAJO Y SERVICIO PÚBLICO DE LOJA | I11: Yajaira Katherine Lozada Bravo | J11: 44930 | K11: 44930 | L11: =+NETWORKDAYS(D11,K11,$R$6:$R$9)-1 -> 1 | M11: MDT-DRTSPL-2023-0042-O | N11: LOJA | O11: Alvaro Javier Jaramillo Gonzalez | P11: javierjaramillo2021@yahoo.com | Q11: =IF(L11>15,"FUERA DE TIEMPO","DENTRO DEL TIEMPO") -> DENTRO DEL TIEMPO
A12: 7 | B12: MDT-DRTSPL-2023-0010-E | C12: 44929 | D12: 44929 | E12: 2 | F12: ATENDIDO | G12: Yajaira Katherine Lozada Bravo | H12: DIRECCIÓN REGIONAL DEL TRABAJO Y SERVICIO PÚBLICO DE LOJA | I12: Yajaira Katherine Lozada Bravo | J12: 44930 | K12: 44930 | L12: =+NETWORKDAYS(D12,K12,$R$6:$R$9)-1 -> 1 | M12: MDT-DRTSPL-2023-0043-O | N12: LOJA | O12: Jhuliana Katherine Aguilar Gonzalez | P12: diegocm12396@gmail.com | Q12: =IF(L12>15,"FUERA DE TIEMPO","DENTRO DEL TIEMPO") -> DENTRO DEL TIEMPO
A13: 8 | B13: MDT-DRTSPL-2023-0011-E | C13: 44929 | D13: 44929 | E13: 2 | F13: ATENDIDO | G13: Yajaira Katherine Lozada Bravo | H13: DIRECCIÓN REGIONAL DEL TRABAJO Y SERVICIO PÚBLICO DE LOJA | I13: Yajaira Katherine Lozada Bravo | J13: 44931 | K13: 44931 | L13: =+NETWORKDAYS(D13,K13,$R$6:$R$9)-1 -> 2 | M13: MDT-DRTSPL-2023-0043-O | N13: LOJA | O13: Milenne Alejandra Cabrera Cueva | P13: milennecabrera@hotmail.com | Q13: =IF(L13>15,"FUERA DE TIEMPO","DENTRO DEL TIEMPO") -> DENTRO DEL TIEMPO
A14: 9 | B14: MDT-DRTSPL-2023-0014-E | C14: 44929 | D14: 44929 | E14: 2 | F14: ATENDIDO | G14: Yajaira Katherine Lozada Bravo | H14: DIRECCIÓN REGIONAL DEL TRABAJO Y SERVICIO PÚBLICO DE LOJA | I14: Yajaira Katherine Lozada Bravo | J14: 44931 | K14: 44931 | L14: =+NETWORKDAYS(D14,K14,$R$6:$R$9)-1 -> 2 | M14: MDT-DRTSPL-2023-0045-O | N14: LOJA | O14: María Teresa Alverca Jiménez | P14: marisuca_22@hotmail.com | Q14: =IF(L14>15,"FUERA DE TIEMPO","DENTRO DEL TIEMPO") -> DENTRO DEL TIEMPO
A15: 10 | B15: MDT-DRTSPL-2023-0019-E | C15: 44929 | D15: 44929 | E15: 2 | F15: ATENDIDO | G15: Yajaira Katherine Lozada Bravo | H15: DIRECCIÓN REGIONAL DEL TRABAJO Y SERVICIO PÚBLICO DE LOJA | I15: Yajaira Katherine Lozada Bravo | J15: 44932 | K15: 44932 | L15: =+NETWORKDAYS(D15,K15,$R$6:$R$9)-1 -> 3 | M15: MDT-DRTSPL-2023-0078-O | N15: LOJA | O15: Juan Carlos Benitez Poma | P15: lorepd910@gmail.com | Q15: =IF(L15>15,"FUERA DE TIEMPO","DENTRO DEL TIEMPO") -> DENTRO DEL TIEMPO
A16: 11 | B16: MDT-DRTSPL-2023-0021-E | C16: 44930 | D16: 44930 | E16: 2 | F16: ATENDIDO | G16: Yajaira Katherine Lozada Bravo | H16: DIRECCIÓN REGIONAL DEL TRABAJO Y SERVICIO PÚBLICO DE LOJA | I16: Yajaira Katherine Lozada Bravo | J16: 44931 | K16: 44931 | L16: =+NETWORKDAYS(D16,K16,$R$6:$R$9)-1 -> 1 | M16: MDT-DRTSPL-2023-0046-O | N16: LOJA | O16: Víctor Emilio Santín Salazar | P16: asalas_1971@hotmail.com | Q16: =IF(L16>15,"FUERA DE TIEMPO","DENTRO DEL TIEMPO") -> DENTRO DEL TIEMPO
A17: 12 | B17: MDT-DRTSPL-2023-0023-E | C17: 44930 | D17: 44930 | E17: 2 | F17: ATENDIDO | G17: Yajaira Katherine Lozada Bravo | H17: DIRECCIÓN REGIONAL DEL TRABAJO Y SERVICIO PÚBLICO DE LOJA | I17: Yajaira Katherine Lozada Bravo | J17: 44931 | K17: 44931 | L17: =+NETWORKDAYS(D17,K17,$R$6:$R$9)-1 -> 1 | M17: MDT-DRTSPL-2023-0047-O | N17: LOJA | O17: Jorge David Astudillo Ruiz | P17: consorciojuridicoastudillos@gmail.com | Q17: =IF(L17>15,"FUERA DE TIEMPO","DENTRO DEL TIEMPO") -> DENTRO DEL TIEMPO
... A146: 141 | B146: MDT-DRTSPL-2023-0331-E | C146: 44943 | D146: 44943 | E146: 2 | F146: ATENDIDO | G146: Yajaira Katherine Lozada Bravo | H146: DIRECCIÓN REGIONAL DEL TRABAJO Y SERVICIO PÚBLICO DE LOJA | I146: Yajaira Katherine Lozada Bravo | J146: 44945 | K146: 44945 | L146: =+NETWORKDAYS(D146,K146,$R$6:$R$9)-1 -> 2 | M146: MDT-DRTSPL-2023-0344-O | N146: LOJA | O146: Jorge Orlando Puchaicela Quizhpe | P146: jpuchaicelaq@hotmail.com | Q146: =IF(L146>15,"FUERA DE TIEMPO","DENTRO DEL TIEMPO") -> DENTRO DEL TIEMPO
A147: 142 | B147: MDT-DRTSPL-2023-0337-E | C147: 44943 | D147: 44943 | E147: 0 | F147: REASIGNADO | G147: Diego Alejandro Romero Guillén | H147: DIRECCIÓN DE RECURSOS Y SUMARIOS ADMINISTRATIVOS | I147: Diego Alejandro Romero Guillén | L147: =+NETWORKDAYS(D147,K147,$R$6:$R$9)-1 -> -32103 | N147: LOJA | O147: Manuel Ramiro Antuash Jimbicti | Q147: =IF(L147>15,"FUERA DE TIEMPO","DENTRO DEL TIEMPO") -> DENTRO DEL TIEMPO
A148: 143 | B148: MDT-DRTSPL-2023-0340-E | C148: 44943 | D148: 44943 | E148: 2 | F148: ATENDIDO | G148: Yajaira Katherine Lozada Bravo | H148: DIRECCIÓN REGIONAL DEL TRABAJO Y SERVICIO PÚBLICO DE LOJA | I148: Yajaira Katherine Lozada Bravo | J148: 44945 | K148: 44945 | L148: =+NETWORKDAYS(D148,K148,$R$6:$R$9)-1 -> 2 | M148: MDT-DRTSPL-2023-0345-O | N148: LOJA | O148: Victoria Anabel Chalaco Coronel | P148: vickopv94a@gmail.com | Q148: =IF(L148>15,"FUERA DE TIEMPO","DENTRO DEL TIEMPO") -> DENTRO DEL TIEMPO
A149: 144 | B149: MDT-DRTSPL-2023-0346-E | C149: 44943 | D149: 44943 | E149: 2 | F149: ATENDIDO | G149: Yajaira Katherine Lozada Bravo | H149: DIRECCIÓN REGIONAL DEL TRABAJO Y SERVICIO PÚBLICO DE LOJA | I149: Yajaira Katherine Lozada Bravo | J149: 44945 | K149: 44945 | L149: =+NETWORKDAYS(D149,K149,$R$6:$R$9)-1 -> 2 | M149: MDT-DRTSPL-2023-0346-O | N149: LOJA | O149: Luis Lautaro Moreno Arrobo | P149: mluislautaro@yahoo.com | Q149: =IF(L149>15,"FUERA DE TIEMPO","DENTRO DEL TIEMPO") -> DENTRO DEL TIEMPO
A150: 145 | B150: MDT-DRTSPL-2023-0349-E | C150: 44943 | D150: 44943 | E150: 2 | F150: ATENDIDO | G150: Yajaira Katherine Lozada Bravo | H150: DIRECCIÓN REGIONAL DEL TRABAJO Y SERVICIO PÚBLICO DE LOJA | I150: Yajaira Katherine Lozada Bravo | J150: 44945 | K150: 44945 | L150: =+NETWORKDAYS(D150,K150,$R$6:$R$9)-1 -> 2 | M150: MDT-DRTSPL-2023-0347-O | N150: LOJA | O150: Byron Fabian Amay Mora | P150: byronamay@gmail.com | Q150: =IF(L150>15,"FUERA DE TIEMPO","DENTRO DEL TIEMPO") -> DENTRO DEL TIEMPO
A151: 146 | B151: MDT-DRTSPL-2023-0350-E | C151: 44943 | D151: 44943 | E151: 2 | F151: ATENDIDO | G151: Yajaira Katherine Lozada Bravo | H151: DIRECCIÓN REGIONAL DEL TRABAJO Y SERVICIO PÚBLICO DE LOJA | I151: Yajaira Katherine Lozada Bravo | J151: 44945 | K151: 44945 | L151: =+NETWORKDAYS(D151,K151,$R$6:$R$9)-1 -> 2 | M151: MDT-DRTSPL-2023-0351-O | N151: LOJA | O151: Jose Sigifredo Valdez Ramirez | P151: eselisanchez@gmail.com | Q151: =IF(L151>15,"FUERA DE TIEMPO","DENTRO DEL TIEMPO") -> DENTRO DEL TIEMPO
A152: 147 | B152: MDT-DRTSPL-2023-0351-E | C152: 44943 | D152: 44943 | E152: 2 | F152: ATENDIDO | G152: Yajaira Katherine Lozada Bravo | H152: DIRECCIÓN REGIONAL DEL TRABAJO Y SERVICIO PÚBLICO DE LOJA | I152: Yajaira Katherine Lozada Bravo | J152: 44945 | K152: 44945 | L152: =+NETWORKDAYS(D152,K152,$R$6:$R$9)-1 -> 2 | M152: MDT-DRTSPL-2023-0352-O | N152: LOJA | O152: Carmen Isabel Sinche Morocho | P152: chavelitabelisima@gmail.com | Q152: =IF(L152>15,"FUERA DE TIEMPO","DENTRO DEL TIEMPO") -> DENTRO DEL TIEMPO
A153: 148 | B153: MDT-DRTSPL-2023-0353-E | C153: 44944 | D153: 44944 | E153: 2 | F153: ATENDIDO | G153: Yajaira Katherine Lozada Bravo | H153: DIRECCIÓN REGIONAL DEL TRABAJO Y SERVICIO PÚBLICO DE LOJA | I153: Yajaira Katherine Lozada Bravo | J153: 44945 | K153: 44945 | L153: =+NETWORKDAYS(D153,K153,$R$6:$R$9)-1 -> 1 | M153: MDT-DRTSPL-2023-0354-O | N153: LOJA | O153: Ivan Danilo Solano Jimenez | P153: ivandanilo85@gmail.com | Q153: =IF(L153>15,"FUERA DE TIEMPO","DENTRO DEL TIEMPO") -> DENTRO DEL TIEMPO
A154: 149 | B154: MDT-DRTSPL-2023-0354-E | C154: 44944 | D154: 44944 | E154: 2 | F154: ATENDIDO | G154: Yajaira Katherine Lozada Bravo | H154: DIRECCIÓN REGIONAL DEL TRABAJO Y SERVICIO PÚBLICO DE LOJA | I154: Yajaira Katherine Lozada Bravo | J154: 44945 | K154: 44945 | L154: =+NETWORKDAYS(D154,K154,$R$6:$R$9)-1 -> 1 | M154: MDT-DRTSPL-2023-0355-O | N154: LOJA | O154: Edgar Cristóbal Flores Criollo | P154: rosoto_82@hotmail.com | Q154: =IF(L154>15,"FUERA DE TIEMPO","DENTRO DEL TIEMPO") -> DENTRO DEL TIEMPO
A155: 150 | B155: MDT-DRTSPL-2023-0355-E | C155: 44944 | D155: 44944 | E155: 2 | F155: ATENDIDO | G155: Yajaira Katherine Lozada Bravo | H155: DIRECCIÓN REGIONAL DEL TRABAJO Y SERVICIO PÚBLICO DE LOJA | I155: Yajaira Katherine Lozada Bravo | J155: 44945 | K155: 44945 | L155: =+NETWORKDAYS(D155,K155,$R$6:$R$9)-1 -> 1 | M155: MDT-DRTSPL-2023-0356-O | N155: LOJA | O155: Edgar Cristóbal Flores Criollo | P155: rosoto_82@hotmail.com | Q155: =IF(L155>15,"FUERA DE TIEMPO","DENTRO DEL TIEMPO") -> DENTRO DEL TIEMPO
A156: 151 | B156: MDT-DRTSPL-2023-0356-E | C156: 44944 | D156: 44944 | E156: 2 | F156: ATENDIDO | G156: Yajaira Katherine Lozada Bravo | H156: DIRECCIÓN REGIONAL DEL TRABAJO Y SERVICIO PÚBLICO DE LOJA | I156: Yajaira Katherine Lozada Bravo | J156: 44945 | K156: 44945 | L156: =+NETWORKDAYS(D156,K156,$R$6:$R$9)-1 -> 1 | M156: MDT-DRTSPL-2023-0357-O | N156: LOJA | O156: Rodrigo Fernando :ayala Sanchez | P156: grupoempresarialayala@gmail.com | Q156: =IF(L156>15,"FUERA DE TIEMPO","DENTRO DEL TIEMPO") -> DENTRO DEL TIEMPO
A157: 152 | B157: MDT-DRTSPL-2023-0360-E | C157: 44944 | D157: 44944 | E157: 2 | F157: ATENDIDO | G157: Yajaira Katherine Lozada Bravo | H157: DIRECCIÓN REGIONAL DEL TRABAJO Y SERVICIO PÚBLICO DE LOJA | I157: Yajaira Katherine Lozada Bravo | J157: 44945 | K157: 44945 | L157: =+NETWORKDAYS(D157,K157,$R$6:$R$9)-1 -> 1 | M157: MDT-DRTSPL-2023-0358-O | N157: LOJA | O157: Diego Xavier Rodriguez Peñarreta | P157: diego.rodriguezasesorialegal@hotmail.com | Q157: =IF(L157>15,"FUERA DE TIEMPO","DENTRO DEL TIEMPO") -> DENTRO DEL TIEMPO
A158: 153 | B158: MDT-DRTSPL-2023-0369-E | C158: 44944 | D158: 44944 | E158: 2 | F158: ATENDIDO | G158: Yajaira Katherine Lozada Bravo | H158: DIRECCIÓN REGIONAL DEL TRABAJO Y SERVICIO PÚBLICO DE LOJA | I158: Yajaira Katherine Lozada Bravo | J158: 44944 | K158: 44944 | L158: =+NETWORKDAYS(D158,K158,$R$6:$R$9)-1 -> 0 | M158: MDT-DRTSPL-2023-0338-O | N158: LOJA | O158: Veronica Yesenia Solano Pineda | P158: veroyess2011@hotmail.com | Q158: =IF(L158>15,"FUERA DE TIEMPO","DENTRO DEL TIEMPO") -> DENTRO DEL TIEMPO
A159: 154 | B159: MDT-DRTSPL-2023-0382-E | C159: 44944 | D159: 44944 | E159: 2 | F159: ATENDIDO | G159: Yajaira Katherine Lozada Bravo | H159: DIRECCIÓN REGIONAL DEL TRABAJO Y SERVICIO PÚBLICO DE LOJA | I159: Yajaira Katherine Lozada Bravo | J159: 44945 | K159: 44945 | L159: =+NETWORKDAYS(D159,K159,$R$6:$R$9)-1 -> 1 | M159: MDT-DRTSPL-2023-0359-O | N159: LOJA | O159: Luis Patricio Jaramillo Reyes | P159: raficocuenca1982@hotmail.es | Q159: =IF(L159>15,"FUERA DE TIEMPO","DENTRO DEL TIEMPO") -> DENTRO DEL TIEMPO
... A332: 327 | B332: MDT-DPTSPOM-2022-7519-E | C332: 45280 | D332: 44931 | E332: 1 | F332: ATENDIDO | G332: GLADYS CARBALLO | H332: SECRETARIA GENERAL | I332: GLADYS CARBALLO | J332: 44944 | K332: 44944 | L332: =+NETWORKDAYS(D332,K332,$R$6:$R$9)-1 -> 9 | M332: MDT-DPTSPOM-2023-0050-O | N332: MACHALA | O332: USUARIO EXTERNO | P332: enviado quipux correo electronico | Q332: =IF(L332>15,"FUERA DE TIEMPO","DENTRO DEL TIEMPO") -> DENTRO DEL TIEMPO
A333: 328 | B333: MDT-DPTSPOM-2022-5556-EXTERNO | C333: 45240 | D333: 44931 | E333: =270+1 -> 271 | F333: ATENDIDO | G333: GLADYS CARBALLO | H333: SECRETARIA GENERAL | I333: GLADYS CARBALLO | J333: 44944 | K333: 44944 | L333: =+NETWORKDAYS(D333,K333,$R$6:$R$9)-1 -> 9 | M333: MDT-DPTSPOM-2023-0048-O | N333: MACHALA | O333: UNIDAD JUDICIAL | P333: enviado quipux -ventanilla virtual | Q333: =IF(L333>15,"FUERA DE TIEMPO","DENTRO DEL TIEMPO") -> DENTRO DEL TIEMPO
A334: 329 | B334: MDT-DPTSPOM-2022-7524-E | C334: 45280 | D334: 44931 | E334: 1 | F334: ATENDIDO | G334: GLADYS CARBALLO | H334: SECRETARIA GENERAL | I334: GLADYS CARBALLO | J334: 44944 | K334: 44944 | L334: =+NETWORKDAYS(D334,K334,$R$6:$R$9)-1 -> 9 | M334: MDT-DPTSPOM-2023-00051-O | N334: MACHALA | O334: UNIDAD JUDICIAL | P334: enviado quipux -ventanilla virtual | Q334: =IF(L334>15,"FUERA DE TIEMPO","DENTRO DEL TIEMPO") -> DENTRO DEL TIEMPO
A335: 330 | B335: MDT-DPTSPOM-2022-7522-E | C335: 45280 | D335: 44931 | E335: 1 | F335: ATENDIDO | G335: GLADYS CARBALLO | H335: SECRETARIA GENERAL | I335: GLADYS CARBALLO | J335: 44944 | K335: 44944 | L335: =+NETWORKDAYS(D335,K335,$R$6:$R$9)-1 -> 9 | M335: MDT-DPTSPOM-2022-0052-O | N335: MACHALA | O335: UNIDAD JUDICIAL | P335: enviado quipux -ventanilla virtual | Q335: =IF(L335>15,"FUERA DE TIEMPO","DENTRO DEL TIEMPO") -> DENTRO DEL TIEMPO
A336: 331 | B336: MDT-DPTSPOM-2023-0077-E | C336: 44931 | D336: 44931 | E336: 1 | F336: ATENDIDO | G336: GLADYS CARBALLO | H336: SECRETARIA GENERAL | I336: GLADYS CARBALLO | J336: 44938 | K336: 44938 | L336: =+NETWORKDAYS(D336,K336,$R$6:$R$9)-1 -> 5 | M336: MDT-DPTSPOM-2023-0032-O | O336: USUARIO EXTERNO | P336: enviado quipux correo electronico | Q336: =IF(L336>15,"FUERA DE TIEMPO","DENTRO DEL TIEMPO") -> DENTRO DEL TIEMPO
A337: 332 | B337: MDT-DPTSPOM-2023-0080-E | C337: 44931 | D337: 44931 | E337: 1 | F337: ATENDIDO | G337: GLADYS CARBALLO | H337: SECRETARIA GENERAL | I337: GLADYS CARBALLO | J337: 44936 | K337: 44936 | L337: =+NETWORKDAYS(D337,K337,$R$6:$R$9)-1 -> 3 | M337: MDT-DPTSPOM-2023-0029-O | N337: MACHALA | O337: UNIDAD JUDICIAL | P337: enviado quipux correo electronico | Q337: =IF(L337>15,"FUERA DE TIEMPO","DENTRO DEL TIEMPO") -> DENTRO DEL TIEMPO
A338: 333 | B338: PROVIDENCIA DE INSPECTOR | C338: 44932 | D338: 44932 | E338: 10 | F338: ATENDIDO | G338: GLADYS CARBALLO | H338: SECRETARIA GENERAL | I338: GLADYS CARBALLO | J338: 44932 | K338: 44932 | L338: =+NETWORKDAYS(D338,K338,$R$6:$R$9)-1 -> 0 | M338: MDT-DPTSPOM-2023-0015-O | N338: MACHALA | O338: USUARIO EXTERNO | P338: enviado quipux correo electronico | Q338: =IF(L338>15,"FUERA DE TIEMPO","DENTRO DEL TIEMPO") -> DENTRO DEL TIEMPO
A339: 334 | B339: PROVIDENCIA DE INSPECTOR | C339: 44932 | D339: 44932 | E339: 27 | F339: ATENDIDO | G339: GLADYS CARBALLO | H339: SECRETARIA GENERAL | I339: GLADYS CARBALLO | J339: 44932 | K339: 44932 | L339: =+NETWORKDAYS(D339,K339,$R$6:$R$9)-1 -> 0 | M339: MDT-DPTSPOM-2023-0016-O | N339: MACHALA | O339: USUARIO EXTERNO | P339: enviado quipux correo electronico | Q339: =IF(L339>15,"FUERA DE TIEMPO","DENTRO DEL TIEMPO") -> DENTRO DEL TIEMPO
A340: 335 | B340: MDT-DPTSPOM-2023-0104-E | C340: 44932 | D340: 44932 | E340: 1 | F340: ATENDIDO | G340: GLADYS CARBALLO | H340: SECRETARIA GENERAL | I340: GLADYS CARBALLO | J340: 44938 | K340: 44938 | L340: =+NETWORKDAYS(D340,K340,$R$6:$R$9)-1 -> 4 | M340: MDT-DPTSPOM-2023-0033-O | N340: MACHALA | O340: USUARIO EXTERNO | P340: enviado quipux correo electronico | Q340: =IF(L340>15,"FUERA DE TIEMPO","DENTRO DEL TIEMPO") -> DENTRO DEL TIEMPO
A341: 336 | B341: MDT-DPTSPOM-2023-0088-E | C341: 44931 | D341: 44935 | E341: 2 | F341: ATENDIDO | G341: GLADYS CARBALLO | H341: SECRETARIA GENERAL | I341: GLADYS CARBALLO | J341: 44949 | K341: 44949 | L341: =+NETWORKDAYS(D341,K341,$R$6:$R$9)-1 -> 10 | M341: MDT-DPTSPOM-2023-0053-O | N341: MACHALA | O341: USUARIO EXTERNO | P341: enviado quipux correo electronico | Q341: =IF(L341>15,"FUERA DE TIEMPO","DENTRO DEL TIEMPO") -> DENTRO DEL TIEMPO
A342: 337 | B342: MDT-DPTSPOM-2023-0137-E | C342: 44935 | D342: 44935 | E342: 1 | F342: ATENDIDO | G342: GLADYS CARBALLO | H342: SECRETARIA GENERAL | I342: GLADYS CARBALLO | J342: 44938 | K342: 44938 | L342: =+NETWORKDAYS(D342,K342,$R$6:$R$9)-1 -> 3 | M342: MDT-DPTSPOM-2023-0034-O | N342: MACHALA | O342: USUARIO EXTERNO | P342: enviado quipux correo electronico | Q342: =IF(L342>15,"FUERA DE TIEMPO","DENTRO DEL TIEMPO") -> DENTRO DEL TIEMPO
A343: 338 | B343: MDT-DPTSPOM-2023-0141-E | C343: 44935 | D343: 44935 | E343: 1 | F343: ATENDIDO | G343: GLADYS CARBALLO | H343: SECRETARIA GENERAL | I343: GLADYS CARBALLO | J343: 44939 | K343: 44939 | L343: =+NETWORKDAYS(D343,K343,$R$6:$R$9)-1 -> 4 | M343: MDT-DPTSPOM-2023-0035-O | N343: MACHALA | O343: USUARIO EXTERNO | P343: enviado quipux correo electronico | Q343: =IF(L343>15,"FUERA DE TIEMPO","DENTRO DEL TIEMPO") -> DENTRO DEL TIEMPO
A344: 339 | B344: MDT-DPTSPOM-2023-0152-E | C344: 44936 | D344: 44936 | E344: 1 | F344: ATENDIDO | G344: GLADYS CARBALLO | H344: SECRETARIA GENERAL | I344: GLADYS CARBALLO | J344: 44949 | K344: 44949 | L344: =+NETWORKDAYS(D344,K344,$R$6:$R$9)-1 -> 9 | M344: MDT-DPTSPOM-2023-0054-O | N344: MACHALA | O344: USUARIO EXTERNO | P344: enviado quipux correo electronico | Q344: =IF(L344>15,"FUERA DE TIEMPO","DENTRO DEL TIEMPO") -> DENTRO DEL TIEMPO
A345: 340 | B345: MDT-DPTSPOM-2023-0182-E | C345: 44937 | D345: 44937 | E345: 1 | F345: ATENDIDO | G345: GLADYS CARBALLO | H345: SECRETARIA GENERAL | I345: GLADYS CARBALLO | J345: 44939 | K345: 44939 | L345: =+NETWORKDAYS(D345,K345,$R$6:$R$9)-1 -> 2 | M345: MDT-DPTSPOM-2023-0036-O | N345: MACHALA | O345: USUARIO EXTERNO | P345: enviado quipux correo electronico | Q345: =IF(L345>15,"FUERA DE TIEMPO","DENTRO DEL TIEMPO") -> DENTRO DEL TIEMPO
A346: 341 | B346: MDT-DPTSPOM-2023-0221-E | C346: 44938 | D346: 44938 | E346: 1 | F346: ATENDIDO | G346: GLADYS CARBALLO | H346: SECRETARIA GENERAL | I346: GLADYS CARBALLO | J346: 44939 | K346: 44939 | L346: =+NETWORKDAYS(D346,K346,$R$6:$R$9)-1 -> 1 | M346: MDT-DPTSPOM-2023-0038-O | N346: MACHALA | O346: USUARIO EXTERNO | P346: enviado quipux correo electronico | Q346: =IF(L346>15,"FUERA DE TIEMPO","DENTRO DEL TIEMPO") -> DENTRO DEL TIEMPO
A347: 342 | B347: MDT-DPTSPOM-2023-0222-E | C347: 44938 | D347: 44938 | E347: 1 | F347: ATENDIDO | G347: GLADYS CARBALLO | H347: SECRETARIA GENERAL | I347: GLADYS CARBALLO | J347: 44942 | K347: 44942 | L347: =+NETWORKDAYS(D347,K347,$R$6:$R$9)-1 -> 2 | M347: MDT-DPTSPOM-2023-0042-O | N347: MACHALA | O347: USUARIO EXTERNO | P347: enviado quipux correo electronico | Q347: =IF(L347>15,"FUERA DE TIEMPO","DENTRO DEL TIEMPO") -> DENTRO DEL TIEMPO
A348: 343 | B348: MDT-DPTSPOM-2023-0228-E | C348: 44938 | D348: 44938 | E348: 1 | F348: ATENDIDO | G348: GLADYS CARBALLO | H348: SECRETARIA GENERAL | I348: GLADYS CARBALLO | J348: 44942 | K348: 44942 | L348: =+NETWORKDAYS(D348,K348,$R$6:$R$9)-1 -> 2 | M348: MDT-DPTSPOM-2023-0043-O | N348: MACHALA | O348: USUARIO EXTERNO | P348: enviado quipux correo electronico | Q348: =IF(L348>15,"FUERA DE TIEMPO","DENTRO DEL TIEMPO") -> DENTRO DEL TIEMPO
... A350: 345 | B350: MDT-DPTSPOM-2023-0252-E | C350: 44939 | D350: 44939 | E350: 4 | F350: ATENDIDO | G350: GLADYS CARBALLO | H350: SECRETARIA GENERAL | I350: GLADYS CARBALLO | J350: 44939 | K350: 44939 | L350: =+NETWORKDAYS(D350,K350,$R$6:$R$9)-1 -> 0 | M350: MDT-DPTSPOM-2023-0041-O | N350: MACHALA | O350: USUARIO EXTERNO | P350: enviado quipux correo electronico | Q350: =IF(L350>15,"FUERA DE TIEMPO","DENTRO DEL TIEMPO") -> DENTRO DEL TIEMPO
A351: 346 | B351: MDT-DPTSPOM-2023-0257-E | C351: 44939 | D351: 44939 | E351: =13*4 -> 52 | F351: ATENDIDO | G351: GLADYS CARBALLO | H351: SECRETARIA GENERAL | I351: GLADYS CARBALLO | J351: 44943 | K351: 44943 | L351: =+NETWORKDAYS(D351,K351,$R$6:$R$9)-1 -> 2 | M351: MDT-DPTSPOM-2023-0046-O | N351: MACHALA | O351: USUARIO EXTERNO | P351: enviado quipux correo electronico | Q351: =IF(L351>15,"FUERA DE TIEMPO","DENTRO DEL TIEMPO") -> DENTRO DEL TIEMPO
A352: 347 | B352: MDT-DPTSPOM-2023-0260-E | C352: 44942 | D352: 44942 | E352: 1 | F352: ATENDIDO | G352: GLADYS CARBALLO | H352: SECRETARIA GENERAL | I352: GLADYS CARBALLO | J352: 44949 | K352: 44949 | L352: =+NETWORKDAYS(D352,K352,$R$6:$R$9)-1 -> 5 | M352: MDT-DPTSPOM-2023-0055-O | N352: MACHALA | O352: USUARIO EXTERNO | P352: enviado quipux correo electronico | Q352: =IF(L352>15,"FUERA DE TIEMPO","DENTRO DEL TIEMPO") -> DENTRO DEL TIEMPO
A353: 348 | B353: MDT-DPTSPOM-2023-0262-E | C353: 44942 | D353: 44942 | E353: 22 | F353: ATENDIDO | G353: GLADYS CARBALLO | H353: SECRETARIA GENERAL | I353: GLADYS CARBALLO | J353: 44949 | K353: 44949 | L353: =+NETWORKDAYS(D353,K353,$R$6:$R$9)-1 -> 5 | M353: MDT-DPTSPOM-2023-0057-O | N353: MACHALA | O353: USUARIO EXTERNO | P353: enviado quipux correo electronico | Q353: =IF(L353>15,"FUERA DE TIEMPO","DENTRO DEL TIEMPO") -> DENTRO DEL TIEMPO
A354: 349 | B354: MDT-DPTSPOM-2022-5591-EXTERNO | C354: 45241 | D354: 44943 | E354: 1 | F354: ATENDIDO | G354: GLADYS CARBALLO | H354: SECRETARIA GENERAL | I354: GLADYS CARBALLO | J354: 44957 | K354: 44957 | L354: =+NETWORKDAYS(D354,K354,$R$6:$R$9)-1 -> 10 | M354: MDT-DPTSPOM-2023-0061-O | N354: MACHALA | O354: USUARIO EXTERNO | P354: enviado quipux correo electronico | Q354: =IF(L354>15,"FUERA DE TIEMPO","DENTRO DEL TIEMPO") -> DENTRO DEL TIEMPO
A355: 350 | B355: PROVIDENCIA DE INSPECTOR | C355: 44924 | D355: 44943 | E355: 18 | F355: ATENDIDO | G355: GLADYS CARBALLO | H355: SECRETARIA GENERAL | I355: GLADYS CARBALLO | J355: 44943 | K355: 44943 | L355: =+NETWORKDAYS(D355,K355,$R$6:$R$9)-1 -> 0 | M355: MDT-DPTSPOM-2023-0047-O | N355: MACHALA | O355: USUARIO EXTERNO | P355: enviado quipux correo electronico | Q355: =IF(L355>15,"FUERA DE TIEMPO","DENTRO DEL TIEMPO") -> DENTRO DEL TIEMPO
A356: 351 | B356: MDT-DPTSPOM-2022-7492-E | C356: 44944 | D356: 44944 | E356: 1 | F356: ATENDIDO | G356: GLADYS CARBALLO | H356: SECRETARIA GENERAL | I356: GLADYS CARBALLO | J356: 44944 | K356: 44944 | L356: =+NETWORKDAYS(D356,K356,$R$6:$R$9)-1 -> 0 | M356: MDT-DPTSPOM-2023-00049-O | N356: MACHALA | O356: USUARIO EXTERNO | P356: enviado quipux correo electronico | Q356: =IF(L356>15,"FUERA DE TIEMPO","DENTRO DEL TIEMPO") -> DENTRO DEL TIEMPO
A357: 352 | B357: MDT-DPTSPOM-2023-0323-E | C357: 44945 | D357: 44945 | E357: 1 | F357: ATENDIDO | G357: GLADYS CARBALLO | H357: SECRETARIA GENERAL | I357: GLADYS CARBALLO | J357: 44956 | K357: 44956 | L357: =+NETWORKDAYS(D357,K357,$R$6:$R$9)-1 -> 7 | M357: MDT-DPTSPOM-2023-0063-O | N357: MACHALA | O357: USUARIO EXTERNO | P357: enviado quipux correo electronico | Q357: =IF(L357>15,"FUERA DE TIEMPO","DENTRO DEL TIEMPO") -> DENTRO DEL TIEMPO
A358: 353 | B358: MDT-DPTSPOM-2023-0339-E | C358: 44945 | D358: 44945 | E358: 1 | F358: ATENDIDO | G358: GLADYS CARBALLO | H358: SECRETARIA GENERAL | I358: GLADYS CARBALLO | J358: 44956 | K358: 44956 | L358: =+NETWORKDAYS(D358,K358,$R$6:$R$9)-1 -> 7 | M358: MDT-DPTSPOM-2023-0064-O | N358: MACHALA | O358: USUARIO EXTERNO | P358: enviado quipux correo electronico | Q358: =IF(L358>15,"FUERA DE TIEMPO","DENTRO DEL TIEMPO") -> DENTRO DEL TIEMPO
A359: 354 | B359: MDT-DPTSPOM-2023-0373-E | C359: 44949 | D359: 44949 | E359: 8 | F359: ATENDIDO | G359: GLADYS CARBALLO | H359: SECRETARIA GENERAL | I359: GLADYS CARBALLO | J359: 44956 | K359: 44956 | L359: =+NETWORKDAYS(D359,K359,$R$6:$R$9)-1 -> 5 | M359: MDT-DPTSPOM-2023-0065-O | N359: MACHALA | O359: USUARIO EXTERNO | P359: enviado quipux correo electronico | Q359: =IF(L359>15,"FUERA DE TIEMPO","DENTRO DEL TIEMPO") -> DENTRO DEL TIEMPO
A360: 355 | B360: MDT-DPTSPOM-2023-0375-E | C360: 44949 | D360: 44949 | E360: 1 | F360: ATENDIDO | G360: GLADYS CARBALLO | H360: SECRETARIA GENERAL | I360: GLADYS CARBALLO | J360: 44956 | K360: 44956 | L360: =+NETWORKDAYS(D360,K360,$R$6:$R$9)-1 -> 5 | M360: MDT-DPTSPOM-2023-0066-O | N360: MACHALA | O360: USUARIO EXTERNO | P360: enviado quipux correo electronico | Q360: =IF(L360>15,"FUERA DE TIEMPO","DENTRO DEL TIEMPO") -> DENTRO DEL TIEMPO
A361: 356 | B361: MDT-DPTSPOM-2023-0378-E | C361: 44949 | D361: 44949 | E361: 1 | F361: ATENDIDO | G361: GLADYS CARBALLO | H361: SECRETARIA GENERAL | I361: GLADYS CARBALLO | J361: 44956 | K361: 44956 | L361: =+NETWORKDAYS(D361,K361,$R$6:$R$9)-1 -> 5 | M361: MDT-DPTSPOM-2023-0067-O | N361: MACHALA | O361: USUARIO EXTERNO | P361: enviado quipux correo electronico | Q361: =IF(L361>15,"FUERA DE TIEMPO","DENTRO DEL TIEMPO") -> DENTRO DEL TIEMPO
A362: 357 | B362: MDT-DPTSPOM-2023-0380-E | C362: 44949 | D362: 44949 | E362: 3 | F362: ATENDIDO | G362: GLADYS CARBALLO | H362: SECRETARIA GENERAL | I362: GLADYS CARBALLO | J362: 44956 | K362: 44956 | L362: =+NETWORKDAYS(D362,K362,$R$6:$R$9)-1 -> 5 | M362: MDT-DPTSPOM-2023-0060-O | N362: MACHALA | O362: USUARIO EXTERNO | P362: enviado quipux correo electronico | Q362: =IF(L362>15,"FUERA DE TIEMPO","DENTRO DEL TIEMPO") -> DENTRO DEL TIEMPO
A363: 358 | B363: MDT-DPTSPOM-2023-0420-E | C363: 44950 | D363: 44950 | E363: 1 | F363: ATENDIDO | G363: GLADYS CARBALLO | H363: SECRETARIA GENERAL | I363: GLADYS CARBALLO | J363: 44956 | K363: 44956 | L363: =+NETWORKDAYS(D363,K363,$R$6:$R$9)-1 -> 4 | M363: MDT-DPTSPOM-2023-0068-O | N363: MACHALA | O363: USUARIO EXTERNO | P363: enviado quipux correo electronico | Q363: =IF(L363>15,"FUERA DE TIEMPO","DENTRO DEL TIEMPO") -> DENTRO DEL TIEMPO
... A366: 361 | B366: MDT-DPTSPOM-2023-0467-E | C366: 44952 | D366: 44952 | E366: 1 | F366: ATENDIDO | G366: GLADYS CARBALLO | H366: SECRETARIA GENERAL | I366: GLADYS CARBALLO | J366: 44957 | K366: 44957 | L366: =+NETWORKDAYS(D366,K366,$R$6:$R$9)-1 -> 3 | M366: MDT-DPTSPOM-2023-0072-O | N366: MACHALA | O366: USUARIO EXTERNO | P366: enviado quipux correo electronico | Q366: =IF(L366>15,"FUERA DE TIEMPO","DENTRO DEL TIEMPO") -> DENTRO DEL TIEMPO
A367: 362 | B367: MDT-DPTSPOM-2023-0460-E | C367: 44952 | D367: 44957 | E367: =18+5 -> 23 | F367: ATENDIDO | G367: GLADYS CARBALLO | H367: SECRETARIA GENERAL | I367: GLADYS CARBALLO | J367: 44965 | K367: 44965 | L367: =+NETWORKDAYS(D367,K367,$R$6:$R$9)-1 -> 6 | M367: MDT-DPTSPOM-2023-0105-O | N367: MACHALA | O367: USUARIO EXTERNO | P367: enviado quipux correo electronico | Q367: =IF(L367>15,"FUERA DE TIEMPO","DENTRO DEL TIEMPO") -> DENTRO DEL TIEMPO
A368: 363 | B368: MDT-DPTSPOM-2022-7586-E | C368: 44916 | D368: 44957 | E368: 16 | F368: ATENDIDO | G368: GLADYS CARBALLO | H368: SECRETARIA GENERAL | I368: GLADYS CARBALLO | J368: 44965 | K368: 44965 | L368: =+NETWORKDAYS(D368,K368,$R$6:$R$9)-1 -> 6 | M368: MDT-DPTSPOM-2023-0092-O | N368: MACHALA | O368: USUARIO EXTERNO | P368: enviado quipux correo electronico | Q368: =IF(L368>15,"FUERA DE TIEMPO","DENTRO DEL TIEMPO") -> DENTRO DEL TIEMPO
A369: 364 | B369: MDT-DPTSPOM-2022-7647-E | C369: 44918 | D369: 44957 | E369: 20 | F369: ATENDIDO | G369: GLADYS CARBALLO | H369: SECRETARIA GENERAL | I369: GLADYS CARBALLO | J369: 44965 | K369: 44965 | L369: =+NETWORKDAYS(D369,K369,$R$6:$R$9)-1 -> 6 | M369: MDT-DPTSPOM-2023-0093-O | N369: MACHALA | O369: USUARIO EXTERNO | P369: enviado quipux correo electronico | Q369: =IF(L369>15,"FUERA DE TIEMPO","DENTRO DEL TIEMPO") -> DENTRO DEL TIEMPO
A370: 365 | B370: MDT-DPTSPZCH-2023-0001-E | C370: 44931 | D370: 44931 | E370: 1 | F370: ATENDIDO | G370: MARLENE REY | H370: DPTSPZCH | I370: MARLENE REY | J370: 44932 | K370: 44932 | L370: =+NETWORKDAYS(D370,K370,$R$6:$R$9)-1 -> 1 | M370: MDT-DPTSPZCH-2023-0001-O | N370: ZAMORA | O370: shirly96franco@gmail.com | P370: FIRMA ELECTRONICA | Q370: =IF(L370>15,"FUERA DE TIEMPO","DENTRO DEL TIEMPO") -> DENTRO DEL TIEMPO
A371: 366 | B371: MDT-DPTSPZCH-2023-0017-E | C371: 44932 | D371: 44935 | E371: 3 | F371: ATENDIDO | G371: MARLENE REY | H371: DPTSPZCH | I371: MARLENE REY | J371: 44935 | K371: 44935 | L371: =+NETWORKDAYS(D371,K371,$R$6:$R$9)-1 -> 0 | M371: MDT-DPTSPZCH-2023-0002-O | N371: ZAMORA | O371: www.fiscalia.gob.ec | P371: FIRMA ELECTRONICA | Q371: =IF(L371>15,"FUERA DE TIEMPO","DENTRO DEL TIEMPO") -> DENTRO DEL TIEMPO
A372: 367 | B372: MDT-DPTSPZCH-2023-0029-E | C372: 44935 | D372: 44935 | E372: 1 | F372: ATENDIDO | G372: MARLENE REY | H372: DPTSPZCH | I372: MARLENE REY | J372: 44936 | K372: 44936 | L372: =+NETWORKDAYS(D372,K372,$R$6:$R$9)-1 -> 1 | M372: MDT-DPTSPZCH-2023-0003-O | N372: ZAMORA | O372: luciano13-@hotmail.com | P372: FIRMA ELECTRONICA | Q372: =IF(L372>15,"FUERA DE TIEMPO","DENTRO DEL TIEMPO") -> DENTRO DEL TIEMPO
A373: 368 | B373: MDT-DPTSPZCH-2023-0030-E | C373: 44935 | D373: 44935 | E373: 34 | F373: ATENDIDO | G373: JHOMAIRA GONSALEZ | H373: DPTSPZCH | I373: JHOMAIRA GONSALEZ | J373: 44936 | K373: 44936 | L373: =+NETWORKDAYS(D373,K373,$R$6:$R$9)-1 -> 1 | M373: MDT-DPTSPZCH-2023-0004-O | N373: ZAMORA | O373: herman_e69@hotmail.com | P373: FIRMA ELECTRONICA | Q373: =IF(L373>15,"FUERA DE TIEMPO","DENTRO DEL TIEMPO") -> DENTRO DEL TIEMPO
A374: 369 | B374: MDT-DPTSPZCH-2023-0031-E | C374: 44935 | D374: 44935 | E374: 1 | F374: ATENDIDO | G374: MARLENE REY | H374: DPTSPZCH | I374: MARLENE REY | J374: 44936 | K374: 44936 | L374: =+NETWORKDAYS(D374,K374,$R$6:$R$9)-1 -> 1 | M374: MDT-DPTSPZCH-2023-0005-O | N374: ZAMORA | O374: armandomotores1@gmail.com | P374: FIRMA ELECTRONICA | Q374: =IF(L374>15,"FUERA DE TIEMPO","DENTRO DEL TIEMPO") -> DENTRO DEL TIEMPO
A375: 370 | B375: MDT-DPTSPZCH-2023-0033-E | C375: 44936 | D375: 44936 | E375: 1 | F375: ATENDIDO | G375: MARLENE REY | H375: DPTSPZCH | I375: MARLENE REY | J375: 44936 | K375: 44936 | L375: =+NETWORKDAYS(D375,K375,$R$6:$R$9)-1 -> 0 | M375: MDT-DPTSPZCH-2023-0008-O | N375: ZAMORA | O375: www.funcionjudicial.gob.ec | P375: FIRMA ELECTRONICA | Q375: =IF(L375>15,"FUERA DE TIEMPO","DENTRO DEL TIEMPO") -> DENTRO DEL TIEMPO
A376: 371 | B376: MDT-DPTSPZCH-2023-0041-E | C376: 44936 | D376: 44936 | E376: 1 | F376: ATENDIDO | G376: MARLENE REY | H376: DPTSPZCH | I376: MARLENE REY | J376: 44936 | K376: 44936 | L376: =+NETWORKDAYS(D376,K376,$R$6:$R$9)-1 -> 0 | M376: MDT-DPTSPZCH-2023-0010-O | N376: ZAMORA | O376: www.funcionjudicial.gob.ec | P376: FIRMA ELECTRONICA | Q376: =IF(L376>15,"FUERA DE TIEMPO","DENTRO DEL TIEMPO") -> DENTRO DEL TIEMPO
A377: 372 | B377: MDT-DPTSPZCH-2023-0002-E | C377: 44935 | D377: 44936 | E377: 1 | F377: ATENDIDO | G377: JHOMAIRA GONSALEZ | H377: DPTSPZCH | I377: JHOMAIRA GONSALEZ | J377: 44936 | K377: 44936 | L377: =+NETWORKDAYS(D377,K377,$R$6:$R$9)-1 -> 0 | M377: MDT-DPTSPZCH-2023-0012-O | N377: ZAMORA | O377: USUARIO EXTERNO | P377: FIRMA ELECTRONICA | Q377: =IF(L377>15,"FUERA DE TIEMPO","DENTRO DEL TIEMPO") -> DENTRO DEL TIEMPO
A378: 373 | B378: MDT-DPTSPZCH-2023-0043-E | C378: 44937 | D378: 44937 | E378: 1 | F378: ATENDIDO | G378: MARLENE REY | H378: DPTSPZCH | I378: MARLENE REY | J378: 44937 | K378: 44937 | L378: =+NETWORKDAYS(D378,K378,$R$6:$R$9)-1 -> 0 | M378: MDT-DPTSPZCH-2023-0014-O | N378: ZAMORA | O378: www.funcionjudicial.gob.ec | P378: FIRMA ELECTRONICA | Q378: =IF(L378>15,"FUERA DE TIEMPO","DENTRO DEL TIEMPO") -> DENTRO DEL TIEMPO
A379: 374 | B379: MDT-DPTSPZCH-2023-0003-E | C379: 44930 | D379: 44937 | E379: 8 | F379: ATENDIDO | G379: MARLENE REY | H379: DPTSPZCH | I379: MARLENE REY | J379: 44937 | K379: 44937 | L379: =+NETWORKDAYS(D379,K379,$R$6:$R$9)-1 -> 0 | M379: MDT-DPTSPZCH-2023-0015-O | N379: ZAMORA | O379: www.funcionjudicial.gob.ec | P379: FIRMA ELECTRONICA | Q379: =IF(L379>15,"FUERA DE TIEMPO","DENTRO DEL TIEMPO") -> DENTRO DEL TIEMPO
... A402: 397 | B402: MDT-DPTSPOP-2023-0032-E | C402: 44952 | D402: 44957 | E402: 1 | F402: ATENDIDO | G402: ANDREA AGUILAR | H402: DELEGACION DE PORTOVELO | I402: ANDREA AGUILAR SALAZAR | J402: 44957 | K402: 44957 | L402: =+NETWORKDAYS(D402,K402,$R$6:$R$9)-1 -> 0 | M402: MDT-DPTSPOP-2023-0006-O | N402: PORTOVELO | O402: USUARIO EXTERNO | P402: CORREO ELECTRONICO | Q402: =IF(L402>15,"FUERA DE TIEMPO","DENTRO DEL TIEMPO") -> DENTRO DEL TIEMPO

Sheet FEB2023
A1: MINISTERIO DEL TRABAJO
A2: DIRECCIÓN REGIONAL DE TRABAJO Y SERVICIO PÚBLICO DE LOJA
A3: SOLICITUDES DE CERTIFICACIÓN DE DOCUMENTOS
A5: NÚMERO | B5: No. DE EXTERNO | C5: FECHA DE INGRESO AL MDT | D5: FECHA DE INGRESO A LA DSG | E5: CANTIDAD DE FOJAS DESPACHADAS | F5: ESTADO | G5: FUNCIONARIO ACTUAL | H5: DIRECCIÓN O UNIDAD | I5: TECN. CETIFI RESPONSABLE | J5: FECHA RESOLUCIÓN | K5: FECHA DE NOTIFICACIÓN | L5: TIEMPO DE RESPUESTA HASTA LA NOTIFICACIÓN | M5: NUMERO DE OFICIO DE RESPUESTA | N5: CUIDAD A LA QUE SE DEBE ENVIAR LA RESPUESTA | O5: NOTIFICADO / O ENTREGADO A: | P5: NUMERO DE GUÍA O CÉDULA | Q5: CUMPLE EN EL PLAZO ESTABLECIDO | R5: FERIADO
A6: 1 | B6: MDT-DPTSPOM-2023-0516-E | C6: 44956 | D6: 44964 | E6: 51 | F6: ATENDIDO | G6: GLADYS CARBALLO | H6: SECRETARIA GENERAL | I6: GLADYS CARBALLO | J6: 44974 | K6: 44974 | L6: =+NETWORKDAYS(D6,K6,$R$6:$R$9)-1 -> 8 | M6: MDT-DPTSPOM-2023-0120-O | N6: MACHALA | O6: UNIDAD JUDICIAL | P6: enviado quipux -ventanilla virtual | Q6: =IF(L6>15,"FUERA DE TIEMPO","DENTRO DEL TIEMPO") -> DENTRO DEL TIEMPO
A7: 2 | B7: MDT-DPTSPOM-2023-0517-E | C7: 44956 | D7: 44964 | E7: 51 | F7: ATENDIDO | G7: GLADYS CARBALLO | H7: SECRETARIA GENERAL | I7: GLADYS CARBALLO | J7: 44974 | K7: 44974 | L7: =+NETWORKDAYS(D7,K7,$R$6:$R$9)-1 -> 8 | M7: MDT-DPTSPOM-2023-0121-O | N7: MACHALA | O7: UNIDAD JUDICIAL | P7: enviado quipux -ventanilla virtual | Q7: =IF(L7>15,"FUERA DE TIEMPO","DENTRO DEL TIEMPO") -> DENTRO DEL TIEMPO
A8: 3 | B8: MDT-DPTSPOM-2023-0549-E | C8: 44958 | D8: 44964 | E8: 1 | F8: ATENDIDO | G8: GLADYS CARBALLO | H8: SECRETARIA GENERAL | I8: GLADYS CARBALLO | J8: 44964 | K8: 44964 | L8: =+NETWORKDAYS(D8,K8,$R$6:$R$9)-1 -> 0 | M8: MDT-DPTSPOM-2023-0087-O | N8: MACHALA | O8: USUARIO EXTERNO | P8: enviado quipux correo electronico | Q8: =IF(L8>15,"FUERA DE TIEMPO","DENTRO DEL TIEMPO") -> DENTRO DEL TIEMPO
A9: 4 | B9: MDT-DPTSPOM-2023-0551-E | C9: 44958 | D9: 44964 | E9: 75 | F9: ATENDIDO | G9: GLADYS CARBALLO | H9: SECRETARIA GENERAL | I9: GLADYS CARBALLO | J9: 44974 | K9: 44974 | L9: =+NETWORKDAYS(D9,K9,$R$6:$R$9)-1 -> 8 | M9: MDT-DPTSPOM-2023-0118-O | N9: MACHALA | O9: USUARIO EXTERNO | P9: enviado quipux correo electronico | Q9: =IF(L9>15,"FUERA DE TIEMPO","DENTRO DEL TIEMPO") -> DENTRO DEL TIEMPO
A10: 5 | B10: MDT-DPTSPOM-2023-0554-E | C10: 44958 | D10: 44958 | E10: 1 | F10: ATENDIDO | G10: GLADYS CARBALLO | H10: SECRETARIA GENERAL | I10: GLADYS CARBALLO | J10: 44964 | K10: 44964 | L10: =+NETWORKDAYS(D10,K10,$R$6:$R$9)-1 -> 4 | M10: MDT-DPTSPOM-2023-0088-O | N10: MACHALA | O10: UNIDAD JUDICIAL | P10: enviado quipux correo electronico | Q10: =IF(L10>15,"FUERA DE TIEMPO","DENTRO DEL TIEMPO") -> DENTRO DEL TIEMPO
A11: 6 | B11: MDT-DPTSPOM-2023-0555-E | C11: 44958 | D11: 44958 | E11: 1 | F11: ATENDIDO | G11: GLADYS CARBALLO | H11: SECRETARIA GENERAL | I11: GLADYS CARBALLO | J11: 44964 | K11: 44964 | L11: =+NETWORKDAYS(D11,K11,$R$6:$R$9)-1 -> 4 | M11: MDT-DPTSPOM-2023-0089-O | N11: MACHALA | O11: USUARIO EXTERNO | P11: enviado quipux correo electronico | Q11: =IF(L11>15,"FUERA DE TIEMPO","DENTRO DEL TIEMPO") -> DENTRO DEL TIEMPO
A12: 7 | B12: MDT-DPTSPOM-2023-0580-E | C12: 44959 | D12: 44959 | E12: 2 | F12: ATENDIDO | G12: GLADYS CARBALLO | H12: SECRETARIA GENERAL | I12: GLADYS CARBALLO | J12: 44959 | K12: 44959 | L12: =+NETWORKDAYS(D12,K12,$R$6:$R$9)-1 -> 0 | M12: MDT-DPTSPOM-2023-0083-O | N12: MACHALA | O12: USUARIO EXTERNO | P12: enviado quipux correo electronico | Q12: =IF(L12>15,"FUERA DE TIEMPO","DENTRO DEL TIEMPO") -> DENTRO DEL TIEMPO
A13: 8 | B13: MDT-DPTSPOM-2023-0610-E | C13: 44959 | D13: 44965 | E13: 42 | F13: ATENDIDO | G13: GLADYS CARBALLO | H13: SECRETARIA GENERAL | I13: GLADYS CARBALLO | J13: 44970 | K13: 44970 | L13: =+NETWORKDAYS(D13,K13,$R$6:$R$9)-1 -> 3 | M13: MDT-DPTSPOM-2023-0101-O | N13: MACHALA | O13: USUARIO EXTERNO | P13: enviado quipux correo electronico | Q13: =IF(L13>15,"FUERA DE TIEMPO","DENTRO DEL TIEMPO") -> DENTRO DEL TIEMPO
A14: 9 | B14: MDT-DPTSPOM-2023-0611-E | C14: 44960 | D14: 44960 | E14: 1 | F14: ATENDIDO | G14: GLADYS CARBALLO | H14: SECRETARIA GENERAL | I14: GLADYS CARBALLO | J14: 44964 | K14: 44964 | L14: =+NETWORKDAYS(D14,K14,$R$6:$R$9)-1 -> 2 | M14: MDT-DPTSPOM-2023-0090-O | N14: MACHALA | O14: USUARIO EXTERNO | P14: enviado quipux correo electronico | Q14: =IF(L14>15,"FUERA DE TIEMPO","DENTRO DEL TIEMPO") -> DENTRO DEL TIEMPO
A15: 10 | B15: MDT-DPTSPOM-2023-0615-E | C15: 44960 | D15: 44960 | E15: 8 | F15: ATENDIDO | G15: GLADYS CARBALLO | H15: SECRETARIA GENERAL | I15: GLADYS CARBALLO | J15: 44964 | K15: 44964 | L15: =+NETWORKDAYS(D15,K15,$R$6:$R$9)-1 -> 2 | M15: MDT-DPTSPOM-2023-0091-O | N15: MACHALA | O15: USUARIO EXTERNO | P15: enviado quipux correo electronico | Q15: =IF(L15>15,"FUERA DE TIEMPO","DENTRO DEL TIEMPO") -> DENTRO DEL TIEMPO
A16: 11 | B16: MDT-DPTSPOM-2023-0616-E | C16: 44960 | D16: 44960 | E16: 8 | F16: ATENDIDO | G16: GLADYS CARBALLO | H16: SECRETARIA GENERAL | I16: GLADYS CARBALLO | J16: 44966 | K16: 44966 | L16: =+NETWORKDAYS(D16,K16,$R$6:$R$9)-1 -> 4 | M16: MDT-DPTSPOM-2023-0095-O | N16: MACHALA | O16: USUARIO EXTERNO | P16: enviado quipux correo electronico | Q16: =IF(L16>15,"FUERA DE TIEMPO","DENTRO DEL TIEMPO") -> DENTRO DEL TIEMPO
A17: 12 | B17: MDT-DPTSPOM-2023-0637-E | C17: 44964 | D17: 44964 | E17: 1 | F17: ATENDIDO | G17: GLADYS CARBALLO | H17: SECRETARIA GENERAL | I17: GLADYS CARBALLO | J17: 44966 | K17: 44966 | L17: =+NETWORKDAYS(D17,K17,$R$6:$R$9)-1 -> 2 | M17: MDT-DPTSPOM-2023-0096-O | N17: MACHALA | O17: USUARIO EXTERNO | P17: enviado quipux correo electronico | Q17: =IF(L17>15,"FUERA DE TIEMPO","DENTRO DEL TIEMPO") -> DENTRO DEL TIEMPO
... A370: 365 | B370: MDT-DPTSPOP-2023-0037-E | C370: 44959 | D370: 44959 | E370: 2 | F370: ATENDIDO | G370: Andrea Karlina Aguilar Salazar | H370: DELEGACIÓN PROVINCIAL DE TRABAJO Y SERVICIO PÚBLICO DE EL ORO - PORTOVELO | I370: Andrea Karlina Aguilar Salazar | J370: 44971 | K370: 44971 | L370: =+NETWORKDAYS(D370,K370,$R$6:$R$9)-1 -> 8 | M370: MDT-DPTSPOP-2023-0007-O | N370: PORTOVELO | O370: Magdonio Gelacio Pisco Rabanal | P370: NOTIFICACION ELECTRÓNICA | Q370: =IF(L370>15,"FUERA DE TIEMPO","DENTRO DEL TIEMPO") -> DENTRO DEL TIEMPO

Sheet MAR2023
A1: MINISTERIO DEL TRABAJO
A2: DIRECCIÓN REGIONAL DE TRABAJO Y SERVICIO PÚBLICO DE LOJA
A3: SOLICITUDES DE CERTIFICACIÓN DE DOCUMENTOS
A5: NÚMERO | B5: No. DE EXTERNO | C5: FECHA DE INGRESO AL MDT | D5: FECHA DE INGRESO A LA DSG | E5: CANTIDAD DE FOJAS DESPACHADAS | F5: ESTADO | G5: FUNCIONARIO ACTUAL | H5: DIRECCIÓN O UNIDAD | I5: TECN. CETIFI RESPONSABLE | J5: FECHA RESOLUCIÓN | K5: FECHA DE NOTIFICACIÓN | L5: TIEMPO DE RESPUESTA HASTA LA NOTIFICACIÓN | M5: NUMERO DE OFICIO DE RESPUESTA | N5: CUIDAD A LA QUE SE DEBE ENVIAR LA RESPUESTA | O5: NOTIFICADO / O ENTREGADO A: | P5: NUMERO DE GUÍA O CÉDULA | Q5: CUMPLE EN EL PLAZO ESTABLECIDO | R5: FERIADO
A6: 1 | B6: MDT-DRTSPL-2023-0880-E | C6: 44964 | D6: 45009 | E6: 2 | F6: ATENDIDO | G6: Mónica de las Mercedes Torres Gutiérrez | H6: DIRECCIÓN DE CONTROL E INSPECCIONES | I6: Mónica de las Mercedes Torres Gutiérrez | J6: 45009 | K6: 45009 | L6: =+NETWORKDAYS(D6,K6,$R$6:$R$416)-1 -> 0 | M6: MDT-DCI-2023-0310-M / MDT-DRTSPL-2023-2076-O | N6: LOJA | O6: Cristian Jose Ogoño Banegas | P6: cristianogono@gmail.com | Q6: =IF(L6>15,"FUERA DE TIEMPO","DENTRO DEL TIEMPO") -> DENTRO DEL TIEMPO
A7: 2 | B7: MDT-DRTSPL-2023-1167-E | C7: 44974 | D7: 45012 | E7: 29 | F7: ATENDIDO | G7: Mayté Del Cisne Elizalde Vivanco | H7: DIRECCIÓN REGIONAL DEL TRABAJO Y SERVICIO PÚBLICO DE LOJA | I7: Mayté Del Cisne Elizalde Vivanco | J7: 45012 | K7: 45012 | L7: =+NETWORKDAYS(D7,K7,$R$6:$R$416)-1 -> 0 | M7: MDT-DSG-2023-0627-M / MDT-DRTSPL-2023-0546-M / MDT-DRTSPL-2023-0784-M | N7: LOJA | O7: Jorge Adolfo Jaramillo Ramón | P7: N/A | Q7: =IF(L7>15,"FUERA DE TIEMPO","DENTRO DEL TIEMPO") -> DENTRO DEL TIEMPO
A8: 3 | B8: MDT-DRTSPL-2023-1321-E | C8: 44984 | D8: 45014 | E8: 5 | F8: ATENDIDO | G8: Yajaira Katherine Lozada Bravo | H8: DIRECCIÓN REGIONAL DEL TRABAJO Y SERVICIO PÚBLICO DE LOJA | I8: Yajaira Katherine Lozada Bravo | J8: 45014 | K8: 45014 | L8: =+NETWORKDAYS(D8,K8,$R$6:$R$416)-1 -> 0 | M8: MDT-DRTSPL-2023-2094-O | N8: LOJA | O8: Miguel Angel Chiriboga Pichino | P8: ochoamonterofm@gmail.com | Q8: =IF(L8>15,"FUERA DE TIEMPO","DENTRO DEL TIEMPO") -> DENTRO DEL TIEMPO
A9: 4 | B9: MDT-DRTSPL-2023-1386-E | C9: 44986 | D9: 44986 | E9: 2 | F9: ATENDIDO | G9: Yajaira Katherine Lozada Bravo | H9: DIRECCIÓN REGIONAL DEL TRABAJO Y SERVICIO PÚBLICO DE LOJA | I9: Yajaira Katherine Lozada Bravo | J9: 44988 | K9: 44988 | L9: =+NETWORKDAYS(D9,K9,$R$6:$R$416)-1 -> 2 | M9: MDT-DRTSPL-2023-1248-O | N9: LOJA | O9: Boris Alejandro Zúñiga Mora | P9: maira_celi1983@outlook.es | Q9: =IF(L9>15,"FUERA DE TIEMPO","DENTRO DEL TIEMPO") -> DENTRO DEL TIEMPO
A10: 5 | B10: MDT-DRTSPL-2023-1393-E | C10: 44986 | D10: 44986 | E10: 2 | F10: ATENDIDO | G10: Mayté Del Cisne Elizalde Vivanco | H10: DIRECCIÓN REGIONAL DEL TRABAJO Y SERVICIO PÚBLICO DE LOJA | I10: Mayté Del Cisne Elizalde Vivanco | J10: 44987 | K10: 44987 | L10: =+NETWORKDAYS(D10,K10,$R$6:$R$416)-1 -> 1 | M10: MDT-DRTSPL-2023-1200-O | N10: LOJA | O10: Cesar Augusto Santin Nivelo | P10: cesarsamtin4@gmail.com | Q10: =IF(L10>15,"FUERA DE TIEMPO","DENTRO DEL TIEMPO") -> DENTRO DEL TIEMPO
A11: 6 | B11: MDT-DRTSPL-2023-1394-E | C11: 44986 | D11: 44986 | E11: 2 | F11: ATENDIDO | G11: Mayté Del Cisne Elizalde Vivanco | H11: DIRECCIÓN REGIONAL DEL TRABAJO Y SERVICIO PÚBLICO DE LOJA | I11: Mayté Del Cisne Elizalde Vivanco | J11: 44987 | K11: 44987 | L11: =+NETWORKDAYS(D11,K11,$R$6:$R$416)-1 -> 1 | M11: MDT-DRTSPL-2023-1201-O | N11: LOJA | O11: Junior Manuel Quezada Eras | P11: gabytapogo@yahoo.es | Q11: =IF(L11>15,"FUERA DE TIEMPO","DENTRO DEL TIEMPO") -> DENTRO DEL TIEMPO
A12: 7 | B12: MDT-DRTSPL-2023-1396-E | C12: 44986 | D12: 44986 | E12: 2 | F12: ATENDIDO | G12: Yajaira Katherine Lozada Bravo | H12: DIRECCIÓN REGIONAL DEL TRABAJO Y SERVICIO PÚBLICO DE LOJA | I12: Yajaira Katherine Lozada Bravo | J12: 44988 | K12: 44988 | L12: =+NETWORKDAYS(D12,K12,$R$6:$R$416)-1 -> 2 | M12: MDT-DRTSPL-2023-1249-O | N12: LOJA | O12: Fabian Alexander Castillo Maza | P12: alexcastillo@gmail.com | Q12: =IF(L12>15,"FUERA DE TIEMPO","DENTRO DEL TIEMPO") -> DENTRO DEL TIEMPO
A13: 8 | B13: MDT-DRTSPL-2023-1397-E | C13: 44986 | D13: 44986 | E13: 2 | F13: ATENDIDO | G13: Yajaira Katherine Lozada Bravo | H13: DIRECCIÓN REGIONAL DEL TRABAJO Y SERVICIO PÚBLICO DE LOJA | I13: Yajaira Katherine Lozada Bravo | J13: 44988 | K13: 44988 | L13: =+NETWORKDAYS(D13,K13,$R$6:$R$416)-1 -> 2 | M13: MDT-DRTSPL-2023-1250-O | N13: LOJA | O13: Wilson Jose Guallpa Pintado | P13: bladimirbetancourtgranillo@hotmail.com | Q13: =IF(L13>15,"FUERA DE TIEMPO","DENTRO DEL TIEMPO") -> DENTRO DEL TIEMPO
A14: 9 | B14: MDT-DRTSPL-2023-1399-E | C14: 44986 | D14: 44986 | E14: 2 | F14: ATENDIDO | G14: Yajaira Katherine Lozada Bravo | H14: DIRECCIÓN REGIONAL DEL TRABAJO Y SERVICIO PÚBLICO DE LOJA | I14: Yajaira Katherine Lozada Bravo | J14: 44991 | K14: 44991 | L14: =+NETWORKDAYS(D14,K14,$R$6:$R$416)-1 -> 3 | M14: MDT-DRTSPL-2023-1251-O | N14: LOJA | O14: Mariuxi Lisseth Lozano Montaño | P14: ricardo163@outlook.com | Q14: =IF(L14>15,"FUERA DE TIEMPO","DENTRO DEL TIEMPO") -> DENTRO DEL TIEMPO
A15: 10 | B15: MDT-DRTSPL-2023-1400-E | C15: 44986 | D15: 44986 | E15: 2 | F15: ATENDIDO | G15: Yajaira Katherine Lozada Bravo | H15: DIRECCIÓN REGIONAL DEL TRABAJO Y SERVICIO PÚBLICO DE LOJA | I15: Yajaira Katherine Lozada Bravo | J15: 44991 | K15: 44991 | L15: =+NETWORKDAYS(D15,K15,$R$6:$R$416)-1 -> 3 | M15: MDT-DRTSPL-2023-1252-O | N15: LOJA | O15: David Alberto Astudillo Celi | P15: dad_aven@hotmail.com | Q15: =IF(L15>15,"FUERA DE TIEMPO","DENTRO DEL TIEMPO") -> DENTRO DEL TIEMPO
A16: 11 | B16: MDT-DRTSPL-2023-1408-E | C16: 44986 | D16: 44986 | E16: 2 | F16: ATENDIDO | G16: Yajaira Katherine Lozada Bravo | H16: DIRECCIÓN REGIONAL DEL TRABAJO Y SERVICIO PÚBLICO DE LOJA | I16: Yajaira Katherine Lozada Bravo | J16: 44991 | K16: 44991 | L16: =+NETWORKDAYS(D16,K16,$R$6:$R$416)-1 -> 3 | M16: MDT-DRTSPL-2023-1253-O | N16: LOJA | O16: Dolores Maria Gordillo Velez | P16: carlosgp85@yahoo.es | Q16: =IF(L16>15,"FUERA DE TIEMPO","DENTRO DEL TIEMPO") -> DENTRO DEL TIEMPO
A17: 12 | B17: MDT-DRTSPL-2023-1409-E | C17: 44986 | D17: 44986 | E17: 2 | F17: ATENDIDO | G17: Yajaira Katherine Lozada Bravo | H17: DIRECCIÓN REGIONAL DEL TRABAJO Y SERVICIO PÚBLICO DE LOJA | I17: Yajaira Katherine Lozada Bravo | J17: 44991 | K17: 44991 | L17: =+NETWORKDAYS(D17,K17,$R$6:$R$416)-1 -> 3 | M17: MDT-DRTSPL-2023-1254-O | N17: LOJA | O17: Jhuliana Estefanía Rodríguez Padilla | P17: ejrodriguezduran@gmail.com | Q17: =IF(L17>15,"FUERA DE TIEMPO","DENTRO DEL TIEMPO") -> DENTRO DEL TIEMPO
... A263: 258 | B263: MDT-DRTSPL-2023-1948-E | C263: 45008 | D263: 45008 | E263: 0 | F263: ATENDIDO | G263: Yajaira Katherine Lozada Bravo | H263: DIRECCIÓN REGIONAL DEL TRABAJO Y SERVICIO PÚBLICO DE LOJA | I263: Yajaira Katherine Lozada Bravo | J263: 45009 | K263: 45009 | L263: =+NETWORKDAYS(D263,K263,$R$6:$R$416)-1 -> 1 | M263: MDT-DRTSPL-2023-1847-O | N263: LOJA | O263: Blanca Georgina Mendoza Guzman | P263: vjorgeluis623@gmail.com | Q263: =IF(L263>15,"FUERA DE TIEMPO","DENTRO DEL TIEMPO") -> DENTRO DEL TIEMPO
A264: 259 | B264: MDT-DRTSPL-2023-1957-E | C264: 45008 | D264: 45008 | E264: 0 | F264: REASIGNADO | G264: Ivette Natalie Garzon Andrango | H264: DIRECCIÓN DE PLANIFICACIÓN Y APOYO A LA GESTIÓN DEL TALENTO HUMANO | I264: Ivette Natalie Garzon Andrango | L264: =+NETWORKDAYS(D264,K264,$R$6:$R$416)-1 -> -32150 | N264: LOJA | O264: Gilber Franklin Ramon Samaniego | P264: N/A | Q264: =IF(L264>15,"FUERA DE TIEMPO","DENTRO DEL TIEMPO") -> DENTRO DEL TIEMPO
A265: 260 | B265: MDT-DRTSPL-2023-1958-E | C265: 45008 | D265: 45008 | E265: 2 | F265: ATENDIDO | G265: Yajaira Katherine Lozada Bravo | H265: DIRECCIÓN REGIONAL DEL TRABAJO Y SERVICIO PÚBLICO DE LOJA | I265: Yajaira Katherine Lozada Bravo | J265: 45009 | K265: 45009 | L265: =+NETWORKDAYS(D265,K265,$R$6:$R$416)-1 -> 1 | M265: MDT-DRTSPL-2023-1848-O | N265: LOJA | O265: Juan Rosalino Abad Santin | P265: N/A | Q265: =IF(L265>15,"FUERA DE TIEMPO","DENTRO DEL TIEMPO") -> DENTRO DEL TIEMPO
A266: 261 | B266: MDT-DRTSPL-2023-1959-E | C266: 45008 | D266: 45008 | E266: 2 | F266: ATENDIDO | G266: Yajaira Katherine Lozada Bravo | H266: DIRECCIÓN REGIONAL DEL TRABAJO Y SERVICIO PÚBLICO DE LOJA | I266: Yajaira Katherine Lozada Bravo | J266: 45009 | K266: 45009 | L266: =+NETWORKDAYS(D266,K266,$R$6:$R$416)-1 -> 1 | M266: MDT-DRTSPL-2023-1849-O | N266: LOJA | O266: María Verónica Medina Sotomayor | P266: maverlegal@gmail.com | Q266: =IF(L266>15,"FUERA DE TIEMPO","DENTRO DEL TIEMPO") -> DENTRO DEL TIEMPO
A267: 262 | B267: MDT-DRTSPL-2023-1961-E | C267: 45008 | D267: 45008 | E267: 0 | F267: REASIGNADO | G267: Wilmer Ricardo Vallejos Cazar | H267: DIRECCION REGIONAL DEL TRABAJO Y SERVICIO PÚBLICO DE QUITO | I267: Wilmer Ricardo Vallejos Cazar | L267: =+NETWORKDAYS(D267,K267,$R$6:$R$416)-1 -> -32150 | N267: LOJA | O267: Luis German Uyaguari Criollo | P267: N/A | Q267: =IF(L267>15,"FUERA DE TIEMPO","DENTRO DEL TIEMPO") -> DENTRO DEL TIEMPO
A268: 263 | B268: MDT-DRTSPL-2023-1964-E | C268: 45009 | D268: 45009 | E268: 2 | F268: ATENDIDO | G268: Yajaira Katherine Lozada Bravo | H268: DIRECCIÓN REGIONAL DEL TRABAJO Y SERVICIO PÚBLICO DE LOJA | I268: Yajaira Katherine Lozada Bravo | J268: 45009 | K268: 45009 | L268: =+NETWORKDAYS(D268,K268,$R$6:$R$416)-1 -> 0 | M268: MDT-DRTSPL-2023-1887-O | N268: LOJA | O268: Christian Andres Guaman Oliveros | P268: abg.christianguamanoliveros@gmail.com | Q268: =IF(L268>15,"FUERA DE TIEMPO","DENTRO DEL TIEMPO") -> DENTRO DEL TIEMPO
A269: 264 | B269: MDT-DRTSPL-2023-1966-E | C269: 45009 | D269: 45009 | E269: 2 | F269: ATENDIDO | G269: Yajaira Katherine Lozada Bravo | H269: DIRECCIÓN REGIONAL DEL TRABAJO Y SERVICIO PÚBLICO DE LOJA | I269: Yajaira Katherine Lozada Bravo | J269: 45009 | K269: 45009 | L269: =+NETWORKDAYS(D269,K269,$R$6:$R$416)-1 -> 0 | M269: MDT-DRTSPL-2023-1888-O | N269: LOJA | O269: Israel Enrique Espinoza Aguirre | P269: conjuriaguirreasociados@gmail.com | Q269: =IF(L269>15,"FUERA DE TIEMPO","DENTRO DEL TIEMPO") -> DENTRO DEL TIEMPO
A270: 265 | B270: MDT-DRTSPL-2023-1968-E | C270: 45009 | D270: 45009 | E270: 2 | F270: ATENDIDO | G270: Yajaira Katherine Lozada Bravo | H270: DIRECCIÓN REGIONAL DEL TRABAJO Y SERVICIO PÚBLICO DE LOJA | I270: Yajaira Katherine Lozada Bravo | J270: 45009 | K270: 45009 | L270: =+NETWORKDAYS(D270,K270,$R$6:$R$416)-1 -> 0 | M270: MDT-DRTSPL-2023-1890-O | N270: LOJA | O270: Diego Gustavo Quezada Quezada | P270: secretaria@cacpeLoja.fin.ec | Q270: =IF(L270>15,"FUERA DE TIEMPO","DENTRO DEL TIEMPO") -> DENTRO DEL TIEMPO
A271: 266 | B271: MDT-DRTSPL-2023-1969-E | C271: 45009 | D271: 45009 | E271: 2 | F271: ATENDIDO | G271: Yajaira Katherine Lozada Bravo | H271: DIRECCIÓN REGIONAL DEL TRABAJO Y SERVICIO PÚBLICO DE LOJA | I271: Yajaira Katherine Lozada Bravo | J271: 45009 | K271: 45009 | L271: =+NETWORKDAYS(D271,K271,$R$6:$R$416)-1 -> 0 | M271: MDT-DRTSPL-2023-1891-O | N271: LOJA | O271: Diego Gustavo Quezada Quezada | P271: secretaria@cacpeLoja.fin.ec | Q271: =IF(L271>15,"FUERA DE TIEMPO","DENTRO DEL TIEMPO") -> DENTRO DEL TIEMPO
A272: 267 | B272: MDT-DRTSPL-2023-1970-E | C272: 45009 | D272: 45009 | E272: 2 | F272: ATENDIDO | G272: Yajaira Katherine Lozada Bravo | H272: DIRECCIÓN REGIONAL DEL TRABAJO Y SERVICIO PÚBLICO DE LOJA | I272: Yajaira Katherine Lozada Bravo | J272: 45012 | K272: 45012 | L272: =+NETWORKDAYS(D272,K272,$R$6:$R$416)-1 -> 1 | M272: MDT-DRTSPL-2023-1894-O | N272: LOJA | O272: Diego Gustavo Quezada Quezada | P272: secretaria@cacpeLoja.fin.ec | Q272: =IF(L272>15,"FUERA DE TIEMPO","DENTRO DEL TIEMPO") -> DENTRO DEL TIEMPO
A273: 268 | B273: MDT-DRTSPL-2023-1971-E | C273: 45009 | D273: 45009 | E273: 2 | F273: ATENDIDO | G273: Yajaira Katherine Lozada Bravo | H273: DIRECCIÓN REGIONAL DEL TRABAJO Y SERVICIO PÚBLICO DE LOJA | I273: Yajaira Katherine Lozada Bravo | J273: 45012 | K273: 45012 | L273: =+NETWORKDAYS(D273,K273,$R$6:$R$416)-1 -> 1 | M273: MDT-DRTSPL-2023-1895-O | N273: LOJA | O273: Diego Gustavo Quezada Quezada | P273: secretaria@cacpeLoja.fin.ec | Q273: =IF(L273>15,"FUERA DE TIEMPO","DENTRO DEL TIEMPO") -> DENTRO DEL TIEMPO
A274: 269 | B274: MDT-DRTSPL-2023-1974-E | C274: 45009 | D274: 45009 | E274: 2 | F274: ATENDIDO | G274: Yajaira Katherine Lozada Bravo | H274: DIRECCIÓN REGIONAL DEL TRABAJO Y SERVICIO PÚBLICO DE LOJA | I274: Yajaira Katherine Lozada Bravo | J274: 45012 | K274: 45012 | L274: =+NETWORKDAYS(D274,K274,$R$6:$R$416)-1 -> 1 | M274: MDT-DRTSPL-2023-1917-O | N274: LOJA | O274: Mercy Yaqueline Obando Calderon | P274: diegopppprodriguez@hotmail.com | Q274: =IF(L274>15,"FUERA DE TIEMPO","DENTRO DEL TIEMPO") -> DENTRO DEL TIEMPO
A275: 270 | B275: MDT-DRTSPL-2023-1977-E | C275: 45009 | D275: 45009 | E275: 2 | F275: ATENDIDO | G275: Yajaira Katherine Lozada Bravo | H275: DIRECCIÓN REGIONAL DEL TRABAJO Y SERVICIO PÚBLICO DE LOJA | I275: Yajaira Katherine Lozada Bravo | J275: 45012 | K275: 45012 | L275: =+NETWORKDAYS(D275,K275,$R$6:$R$416)-1 -> 1 | M275: MDT-DRTSPL-2023-1920-O | N275: LOJA | O275: Luis Patricio Jaramillo Reyes | P275: bladimirbetancourtgranillo@hotmail.com | Q275: =IF(L275>15,"FUERA DE TIEMPO","DENTRO DEL TIEMPO") -> DENTRO DEL TIEMPO
A276: 271 | B276: MDT-DRTSPL-2023-1980-E | C276: 45009 | D276: 45009 | E276: 2 | F276: ATENDIDO | G276: Mayté Del Cisne Elizalde Vivanco | H276: DIRECCIÓN REGIONAL DEL TRABAJO Y SERVICIO PÚBLICO DE LOJA | I276: Mayté Del Cisne Elizalde Vivanco | J276: 45009 | K276: 45009 | L276: =+NETWORKDAYS(D276,K276,$R$6:$R$416)-1 -> 0 | M276: MDT-DRTSPL-2023-1892-O | N276: LOJA | O276: Julio Cesar Sarmiento Espinoza | P276: julio.sarmiento85@hotmail.com | Q276: =IF(L276>15,"FUERA DE TIEMPO","DENTRO DEL TIEMPO") -> DENTRO DEL TIEMPO
A277: 272 | B277: MDT-DRTSPL-2023-1981-E | C277: 45009 | D277: 45009 | E277: 2 | F277: ATENDIDO | G277: Mayté Del Cisne Elizalde Vivanco | H277: DIRECCIÓN REGIONAL DEL TRABAJO Y SERVICIO PÚBLICO DE LOJA | I277: Mayté Del Cisne Elizalde Vivanco | J277: 45009 | K277: 45009 | L277: =+NETWORKDAYS(D277,K277,$R$6:$R$416)-1 -> 0 | M277: MDT-DRTSPL-2023-1893-O | N277: LOJA | O277: Diana Maricela Cabrera Davila | P277: maricelacabrera688@gmail.com | Q277: =IF(L277>15,"FUERA DE TIEMPO","DENTRO DEL TIEMPO") -> DENTRO DEL TIEMPO
A278: 273 | B278: MDT-DRTSPL-2023-1988-E | C278: 45009 | D278: 45009 | E278: 50 | F278: ATENDIDO | G278: Mayté Del Cisne Elizalde Vivanco | H278: DIRECCIÓN REGIONAL DEL TRABAJO Y SERVICIO PÚBLICO DE LOJA | I278: Mayté Del Cisne Elizalde Vivanco | J278: 45013 | K278: 45013 | L278: =+NETWORKDAYS(D278,K278,$R$6:$R$416)-1 -> 2 | M278: MDT-DRTSPL-2023-2068-O | N278: LOJA | O278: Víctor Manuel Guzmán Sarango | P278: vguzmnsarango@yahoo.com | Q278: =IF(L278>15,"FUERA DE TIEMPO","DENTRO DEL TIEMPO") -> DENTRO DEL TIEMPO
A279: 274 | B279: MDT-DRTSPL-2023-1990-E | C279: 45009 | D279: 45009 | E279: 2 | F279: ATENDIDO | G279: Yajaira Katherine Lozada Bravo | H279: DIRECCIÓN REGIONAL DEL TRABAJO Y SERVICIO PÚBLICO DE LOJA | I279: Yajaira Katherine Lozada Bravo | J279: 45012 | K279: 45012 | L279: =+NETWORKDAYS(D279,K279,$R$6:$R$416)-1 -> 1 | M279: MDT-DRTSPL-2023-1918-O | N279: LOJA | O279: Nuvia Piedad Apolo Pinza | P279: lauravalarzobravo@hotmail.com | Q279: =IF(L279>15,"FUERA DE TIEMPO","DENTRO DEL TIEMPO") -> DENTRO DEL TIEMPO
... A416: 411 | B416: MDT-DPTSPOP-2023-0036-E | C416: 44958 | D416: 45009 | E416: 2 | F416: ATENDIDO | G416: Andrea Karlina Aguilar Salazar | H416: DELEGACIÓN PROVINCIAL DE TRABAJO Y SERVICIO PÚBLICO DE ZAMORA CHINCHIPE | I416: Andrea Karlina Aguilar Salazar | J416: 45009 | K416: 45009 | L416: =+NETWORKDAYS(D416,K416,$R$6:$R$416)-1 -> 0 | M416: MDT-DPTSPOP-2023-008-O | N416: LOJA | O416: Angel Medardo Gualsaqui Enriquez | P416: N/A | Q416: =IF(L416>15,"FUERA DE TIEMPO","DENTRO DEL TIEMPO") -> DENTRO DEL TIEMPO
A417: 412 | B417: MDT-DPTSPZCH-2023-0177-E | C417: 44985 | D417: 44986 | E417: 2 | F417: ATENDIDO | G417: MARLENE REY | H417: DELEGACIÓN PROVINCIAL DE TRABAJO Y SERVICIO PÚBLICO DE ZAMORA CHINCHIPE | I417: MARLENE REY | J417: 44986 | K417: 44986 | L417: =+NETWORKDAYS(D417,K417,$R$6:$R$416)-1 -> 0 | M417: MDT-DPTSPZCH-2023-0062-O | N417: ZAMORA | O417: USUARIO EXTERNO | P417: FIRMA ELECTRONICA | Q417: DENTRO DEL TIEMPO
A418: 413 | B418: MDT-DPTSPZCH-2023-0182-E | C418: 44987 | D418: 44987 | E418: 2 | F418: ATENDIDO | G418: MARLENE REY | H418: DELEGACIÓN PROVINCIAL DE TRABAJO Y SERVICIO PÚBLICO DE ZAMORA CHINCHIPE | I418: MARLENE REY | J418: 44987 | K418: 44987 | L418: =+NETWORKDAYS(D418,K418,$R$6:$R$416)-1 -> 0 | M418: MDT-DPTSPZCH-2023-0063-O | N418: ZAMORA | O418: USUARIO EXTERNO | P418: FIRMA ELECTRONICA | Q418: DENTRO DEL TIEMPO
A419: 414 | B419: MDT-DPTSPZCH-2023-0184-E | C419: 44987 | D419: 44987 | E419: 2 | F419: ATENDIDO | G419: MARLENE REY | H419: DELEGACIÓN PROVINCIAL DE TRABAJO Y SERVICIO PÚBLICO DE ZAMORA CHINCHIPE | I419: MARLENE REY | J419: 44987 | K419: 44987 | L419: =+NETWORKDAYS(D419,K419,$R$6:$R$416)-1 -> 0 | M419: MDT-DPTSPZCH-2023-0064-O | N419: ZAMORA | O419: UNIDAD JUDICIAL | P419: FIRMA ELECTRONICA | Q419: DENTRO DEL TIEMPO
A420: 415 | B420: MDT-DPTSPZCH-2023-0185-E | C420: 44987 | D420: 44987 | E420: 2 | F420: ATENDIDO | G420: MARLENE REY | H420: DELEGACIÓN PROVINCIAL DE TRABAJO Y SERVICIO PÚBLICO DE ZAMORA CHINCHIPE | I420: MARLENE REY | J420: 44987 | K420: 44987 | L420: =+NETWORKDAYS(D420,K420,$R$6:$R$416)-1 -> 0 | M420: MDT-DPTSPZCH-2023-0065-O | N420: ZAMORA | O420: UNIDAD JUDICIAL | P420: FIRMA ELECTRONICA | Q420: DENTRO DEL TIEMPO
A421: 416 | B421: MDT-DPTSPZCH-2023-0187-E | C421: 44987 | D421: 44987 | E421: 2 | F421: ATENDIDO | G421: MARLENE REY | H421: DELEGACIÓN PROVINCIAL DE TRABAJO Y SERVICIO PÚBLICO DE ZAMORA CHINCHIPE | I421: MARLENE REY | J421: 44987 | K421: 44987 | L421: =+NETWORKDAYS(D421,K421,$R$6:$R$416)-1 -> 0 | M421: MDT-DPTSPZCH-2023-0066-O | N421: ZAMORA | O421: USUARIO EXTERNO | P421: FIRMA ELECTRONICA | Q421: DENTRO DEL TIEMPO
A422: 417 | B422: MDT-DPTSPZCH-2023-0198-E | C422: 44988 | D422: 44988 | E422: 2 | F422: ATENDIDO | G422: MARLENE REY | H422: DELEGACIÓN PROVINCIAL DE TRABAJO Y SERVICIO PÚBLICO DE ZAMORA CHINCHIPE | I422: MARLENE REY | J422: 44988 | K422: 44988 | L422: =+NETWORKDAYS(D422,K422,$R$6:$R$416)-1 -> 0 | M422: MDT-DPTSPZCH-2023-0067-O | N422: ZAMORA | O422: USUARIO EXTERNO | P422: FIRMA ELECTRONICA | Q422: DENTRO DEL TIEMPO
A423: 418 | B423: MDT-DPTSPZCH-2023-0200-E | C423: 44991 | D423: 44991 | E423: 2 | F423: ATENDIDO | G423: MARLENE REY | H423: DELEGACIÓN PROVINCIAL DE TRABAJO Y SERVICIO PÚBLICO DE ZAMORA CHINCHIPE | I423: MARLENE REY | J423: 44991 | K423: 44991 | L423: =+NETWORKDAYS(D423,K423,$R$6:$R$416)-1 -> 0 | M423: MDT-DPTSPZCH-2023-0068-O | N423: ZAMORA | O423: USUARIO EXTERNO | P423: FIRMA ELECTRONICA | Q423: DENTRO DEL TIEMPO
A424: 419 | B424: MDT-DPTSPZCH-2023-0201-E | C424: 44991 | D424: 44991 | E424: 2 | F424: ATENDIDO | G424: MARLENE REY | H424: DELEGACIÓN PROVINCIAL DE TRABAJO Y SERVICIO PÚBLICO DE ZAMORA CHINCHIPE | I424: MARLENE REY | J424: 44991 | K424: 44991 | L424: =+NETWORKDAYS(D424,K424,$R$6:$R$416)-1 -> 0 | M424: MDT-DPTSPZCH-2023-0069-O | N424: ZAMORA | O424: USUARIO EXTERNO | P424: FIRMA ELECTRONICA | Q424: DENTRO DEL TIEMPO
A425: 420 | B425: MDT-DPTSPZCH-2023-0202-E | C425: 44991 | D425: 44991 | E425: 2 | F425: ATENDIDO | G425: MARLENE REY | H425: DELEGACIÓN PROVINCIAL DE TRABAJO Y SERVICIO PÚBLICO DE ZAMORA CHINCHIPE | I425: MARLENE REY | J425: 44991 | K425: 44991 | L425: =+NETWORKDAYS(D425,K425,$R$6:$R$416)-1 -> 0 | M425: MDT-DPTSPZCH-2023-0070-O | N425: ZAMORA | O425: USUARIO EXTERNO | P425: FIRMA ELECTRONICA | Q425: DENTRO DEL TIEMPO
A426: 421 | B426: MDT-DPTSPZCH-2023-0211-E | C426: 44992 | D426: 44992 | E426: 2 | F426: ATENDIDO | G426: MARLENE REY | H426: DELEGACIÓN PROVINCIAL DE TRABAJO Y SERVICIO PÚBLICO DE ZAMORA CHINCHIPE | I426: MARLENE REY | J426: 44992 | K426: 44992 | L426: =+NETWORKDAYS(D426,K426,$R$6:$R$416)-1 -> 0 | M426: MDT-DPTSPZCH-2023-0072-O | N426: ZAMORA | O426: USUARIO EXTERNO | P426: FIRMA ELECTRONICA | Q426: DENTRO DEL TIEMPO
A427: 422 | B427: MDT-DPTSPZCH-2023-0189-E | C427: 44988 | D427: 44995 | E427: 2 | F427: ATENDIDO | G427: JHOMAIRA GONSALEZ | H427: DELEGACIÓN PROVINCIAL DE TRABAJO Y SERVICIO PÚBLICO DE ZAMORA CHINCHIPE | I427: JHOMAIRA GONSALEZ | J427: 44995 | K427: 44995 | L427: =+NETWORKDAYS(D427,K427,$R$6:$R$416)-1 -> 0 | M427: MDT-DPTSPZCH-2023-0073-O | N427: ZAMORA | O427: USUARIO EXTERNO | P427: FIRMA ELECTRONICA | Q427: DENTRO DEL TIEMPO
A428: 423 | B428: MDT-DPTSPZCH-2023-0217-E | C428: 44995 | D428: 44995 | E428: 2 | F428: ATENDIDO | G428: MARLENE REY | H428: DELEGACIÓN PROVINCIAL DE TRABAJO Y SERVICIO PÚBLICO DE ZAMORA CHINCHIPE | I428: MARLENE REY | J428: 44995 | K428: 44995 | L428: =+NETWORKDAYS(D428,K428,$R$6:$R$416)-1 -> 0 | M428: MDT-DPTSPZCH-2023-0074-O | N428: ZAMORA | O428: USUARIO EXTERNO | P428: FIRMA ELECTRONICA | Q428: DENTRO DEL TIEMPO
... A497: 492 | B497: MDT-DPTSPOM-2023-0826-E | C497: 44979 | D497: 45008 | E497: 1 | F497: ATENDIDO | G497: GLADYS CARBALLO | H497: DELEGACIÓN PROVINCIAL DE TRABAJO Y SERVICIO PÚBLICO DE EL ORO - MACHALA | I497: GLADYS CARBALLO | J497: 45016 | K497: 45016 | L497: =+NETWORKDAYS(D497,K497,$R$6:$R$416)-1 -> 6 | M497: MDT-DPTSPOM-2023-0209-O | N497: MACHALA | O497: USUARIO EXTERNO | P497: enviado quipux correo electronico | Q497: DENTRO DEL TIEMPO
A498: 493 | B498: MDT-DPTSPOM-2023-1372-E | C498: 45013 | D498: 45013 | E498: =3 -> 3 | F498: ATENDIDO | G498: GLADYS CARBALLO | H498: DELEGACIÓN PROVINCIAL DE TRABAJO Y SERVICIO PÚBLICO DE EL ORO - MACHALA | I498: GLADYS CARBALLO | J498: 45013 | K498: 45013 | L498: =+NETWORKDAYS(D498,K498,$R$6:$R$416)-1 -> 0 | M498: MDT-DPTSPOM-2023-0202-O | N498: MACHALA | O498: USUARIO EXTERNO | P498: enviado quipux correo electronico | Q498: DENTRO DEL TIEMPO
A499: 494 | B499: MDT-DPTSPOM-2023-1379-E | C499: 45013 | D499: 45013 | E499: 9 | F499: ATENDIDO | G499: GLADYS CARBALLO | H499: DELEGACIÓN PROVINCIAL DE TRABAJO Y SERVICIO PÚBLICO DE EL ORO - MACHALA | I499: GLADYS CARBALLO | J499: 45034 | K499: 45034 | L499: =+NETWORKDAYS(D499,K499,$R$6:$R$416)-1 -> 15 | M499: MDT-DPTSPOM-2023-0251-O | N499: MACHALA | O499: USUARIO EXTERNO | P499: enviado quipux correo electronico | Q499: DENTRO DEL TIEMPO
A500: 495 | B500: MDT-DPTSPOM-2023-1380-E | C500: 45013 | D500: 45013 | E500: 3 | F500: ATENDIDO | G500: GLADYS CARBALLO | H500: DELEGACIÓN PROVINCIAL DE TRABAJO Y SERVICIO PÚBLICO DE EL ORO - MACHALA | I500: GLADYS CARBALLO | J500: 45019 | K500: 45019 | L500: =+NETWORKDAYS(D500,K500,$R$6:$R$416)-1 -> 4 | M500: MDT-DPTSPOM-2023-0212-O | N500: MACHALA | O500: USUARIO EXTERNO | P500: enviado quipux correo electronico | Q500: DENTRO DEL TIEMPO
A501: 496 | B501: MDT-DPTSPOM-2023-1390-E | C501: 45014 | D501: 45014 | E501: 4 | F501: ATENDIDO | G501: GLADYS CARBALLO | H501: DELEGACIÓN PROVINCIAL DE TRABAJO Y SERVICIO PÚBLICO DE EL ORO - MACHALA | I501: GLADYS CARBALLO | J501: 45019 | K501: 45019 | L501: =+NETWORKDAYS(D501,K501,$R$6:$R$416)-1 -> 3 | M501: MDT-DPTSPOM-2023-0214-O | N501: MACHALA | O501: USUARIO EXTERNO | P501: enviado quipux correo electronico | Q501: DENTRO DEL TIEMPO
A502: 497 | B502: MDT-DPTSPOM-2023-1403-E | C502: 45014 | D502: 45014 | E502: 3 | F502: ATENDIDO | G502: GLADYS CARBALLO | H502: DELEGACIÓN PROVINCIAL DE TRABAJO Y SERVICIO PÚBLICO DE EL ORO - MACHALA | I502: GLADYS CARBALLO | J502: 45020 | K502: 45020 | L502: =+NETWORKDAYS(D502,K502,$R$6:$R$416)-1 -> 4 | M502: MDT-DPTSPOM-2023-0215-O | N502: MACHALA | O502: USUARIO EXTERNO | P502: enviado quipux correo electronico | Q502: DENTRO DEL TIEMPO
A503: 498 | B503: MDT-DPTSPOM-2023-1411-E | C503: 45015 | D503: 45015 | E503: 1 | F503: ATENDIDO | G503: GLADYS CARBALLO | H503: DELEGACIÓN PROVINCIAL DE TRABAJO Y SERVICIO PÚBLICO DE EL ORO - MACHALA | I503: GLADYS CARBALLO | J503: 45019 | K503: 45019 | L503: =+NETWORKDAYS(D503,K503,$R$6:$R$416)-1 -> 2 | M503: MDT-DPTSPOM-2023-0211-O | N503: MACHALA | O503: USUARIO EXTERNO | P503: enviado quipux correo electronico | Q503: DENTRO DEL TIEMPO
A504: 499 | B504: MDT-DPTSPOM-2023-1415-E | C504: 45015 | D504: 45015 | E504: 4 | F504: ATENDIDO | G504: GLADYS CARBALLO | H504: DELEGACIÓN PROVINCIAL DE TRABAJO Y SERVICIO PÚBLICO DE EL ORO - MACHALA | I504: GLADYS CARBALLO | J504: 45020 | K504: 45020 | L504: =+NETWORKDAYS(D504,K504,$R$6:$R$416)-1 -> 3 | M504: MDT-DPTSPOM-2023-0216-O | N504: MACHALA | O504: USUARIO EXTERNO | P504: enviado quipux correo electronico | Q504: DENTRO DEL TIEMPO

Sheet ABR2023
A1: MINISTERIO DEL TRABAJO
A2: DIRECCIÓN REGIONAL DE TRABAJO Y SERVICIO PÚBLICO DE LOJA
A3: SOLICITUDES DE CERTIFICACIÓN DE DOCUMENTOS
A5: NÚMERO | B5: No. DE EXTERNO | C5: FECHA DE INGRESO AL MDT | D5: FECHA DE INGRESO A LA DSG | E5: CANTIDAD DE FOJAS DESPACHADAS | F5: ESTADO | G5: FUNCIONARIO ACTUAL | H5: DIRECCIÓN O UNIDAD | I5: TECN. CETIFI RESPONSABLE | J5: FECHA RESOLUCIÓN | K5: FECHA DE NOTIFICACIÓN | L5: TIEMPO DE RESPUESTA HASTA LA NOTIFICACIÓN | M5: NUMERO DE OFICIO DE RESPUESTA | N5: CUIDAD A LA QUE SE DEBE ENVIAR LA RESPUESTA | O5: NOTIFICADO / O ENTREGADO A: | P5: NUMERO DE GUÍA O CÉDULA | Q5: CUMPLE EN EL PLAZO ESTABLECIDO | R5: FERIADO
A6: 1 | B6: MDT-DPTSPOM-2023-1440-E | C6: 45019 | D6: 45036 | E6: 23 | F6: ATENDIDO | G6: Mayté Del Cisne Elizalde Vivanco | H6: DIRECCIÓN REGIONAL DEL TRABAJO Y SERVICIO PÚBLICO DE LOJA | I6: Mayté Del Cisne Elizalde Vivanco | J6: 45041 | K6: 45041 | L6: =+NETWORKDAYS(D6,K6,$R$6:$R$405)-1 -> 3 | M6: MDT-DRTSPL-2023-1119-M / MDT-DRTSPL-2023-3497-O | N6: LOJA | O6: Marco Rodrigo Troya | P6: N/A | Q6: =IF(L6>15,"FUERA DE TIEMPO","DENTRO DEL TIEMPO") -> DENTRO DEL TIEMPO
A7: 2 | B7: MDT-DRTSPL-2023-1915-E | C7: 45007 | D7: 45028 | E7: 76 | F7: ATENDIDO | G7: Mayté Del Cisne Elizalde Vivanco | H7: DIRECCIÓN REGIONAL DEL TRABAJO Y SERVICIO PÚBLICO DE LOJA | I7: Mayté Del Cisne Elizalde Vivanco | J7: 45030 | K7: 45030 | L7: =+NETWORKDAYS(D7,K7,$R$6:$R$405)-1 -> 2 | M7: MDT-DRTSPL-2023-3252-O | N7: LOJA | O7: Oswaldo Santiago Quiroga Acaro | P7: N/A | Q7: =IF(L7>15,"FUERA DE TIEMPO","DENTRO DEL TIEMPO") -> DENTRO DEL TIEMPO
A8: 3 | B8: MDT-DRTSPL-2023-2162-E | C8: 45016 | D8: 45019 | E8: 2 | F8: ATENDIDO | G8: Andrea Jhovanna Procel Moreno | H8: DIRECCIÓN REGIONAL DEL TRABAJO Y SERVICIO PÚBLICO DE LOJA | I8: Andrea Jhovanna Procel Moreno | J8: 45019 | K8: 45019 | L8: =+NETWORKDAYS(D8,K8,$R$6:$R$405)-1 -> 0 | M8: MDT-DRTSPL-2023-0885-M / MDT-DRTSPL-2023-2185-O | N8: LOJA | O8: Franco Rómulo Carrión Paz | P8: N/A | Q8: =IF(L8>15,"FUERA DE TIEMPO","DENTRO DEL TIEMPO") -> DENTRO DEL TIEMPO
A9: 4 | B9: MDT-DRTSPL-2023-2205-E | C9: 45019 | D9: 45019 | E9: 2 | F9: ATENDIDO | G9: Yajaira Katherine Lozada Bravo | H9: DIRECCIÓN REGIONAL DEL TRABAJO Y SERVICIO PÚBLICO DE LOJA | I9: Yajaira Katherine Lozada Bravo | J9: 45021.47 | K9: 45021.47 | L9: =+NETWORKDAYS(D9,K9,$R$6:$R$405)-1 -> 2 | M9: MDT-DRTSPL-2023-2918-O | N9: LOJA | O9: Carlos Rodrigo Tapia Muñoz | P9: N/A | Q9: =IF(L9>15,"FUERA DE TIEMPO","DENTRO DEL TIEMPO") -> DENTRO DEL TIEMPO
A10: 5 | B10: MDT-DRTSPL-2023-2208-E | C10: 45019 | D10: 45019 | E10: 2 | F10: ATENDIDO | G10: Yajaira Katherine Lozada Bravo | H10: DIRECCIÓN REGIONAL DEL TRABAJO Y SERVICIO PÚBLICO DE LOJA | I10: Yajaira Katherine Lozada Bravo | J10: 45021.546 | K10: 45021.546 | L10: =+NETWORKDAYS(D10,K10,$R$6:$R$405)-1 -> 2 | M10: MDT-DRTSPL-2023-2953-O | N10: LOJA | O10: Miltón Ilidio Roa Salazar | P10: N/A | Q10: =IF(L10>15,"FUERA DE TIEMPO","DENTRO DEL TIEMPO") -> DENTRO DEL TIEMPO
A11: 6 | B11: MDT-DRTSPL-2023-2209-E | C11: 45019 | D11: 45019 | E11: 2 | F11: ATENDIDO | G11: Yajaira Katherine Lozada Bravo | H11: DIRECCIÓN REGIONAL DEL TRABAJO Y SERVICIO PÚBLICO DE LOJA | I11: Yajaira Katherine Lozada Bravo | J11: 45021.554 | K11: 45021.554 | L11: =+NETWORKDAYS(D11,K11,$R$6:$R$405)-1 -> 2 | M11: MDT-DRTSPL-2023-2954-O | N11: LOJA | O11: Angel Rodrigo Cajas Encalada | P11: N/A | Q11: =IF(L11>15,"FUERA DE TIEMPO","DENTRO DEL TIEMPO") -> DENTRO DEL TIEMPO
A12: 7 | B12: MDT-DRTSPL-2023-2210-E | C12: 45019 | D12: 45019 | E12: 2 | F12: ATENDIDO | G12: Yajaira Katherine Lozada Bravo | H12: DIRECCIÓN REGIONAL DEL TRABAJO Y SERVICIO PÚBLICO DE LOJA | I12: Yajaira Katherine Lozada Bravo | J12: 45021.56 | K12: 45021.56 | L12: =+NETWORKDAYS(D12,K12,$R$6:$R$405)-1 -> 2 | M12: MDT-DRTSPL-2023-2955-O | N12: LOJA | O12: Angel Rodrigo Cajas Encalada | P12: N/A | Q12: =IF(L12>15,"FUERA DE TIEMPO","DENTRO DEL TIEMPO") -> DENTRO DEL TIEMPO
A13: 8 | B13: MDT-DRTSPL-2023-2211-E | C13: 45019 | D13: 45019 | E13: 2 | F13: ATENDIDO | G13: Yajaira Katherine Lozada Bravo | H13: DIRECCIÓN REGIONAL DEL TRABAJO Y SERVICIO PÚBLICO DE LOJA | I13: Yajaira Katherine Lozada Bravo | J13: 45021.595 | K13: 45021.595 | L13: =+NETWORKDAYS(D13,K13,$R$6:$R$405)-1 -> 2 | M13: MDT-DRTSPL-2023-2977-O | N13: LOJA | O13: René Fabricio Agila Guamán | P13: N/A | Q13: =IF(L13>15,"FUERA DE TIEMPO","DENTRO DEL TIEMPO") -> DENTRO DEL TIEMPO
A14: 9 | B14: MDT-DRTSPL-2023-2213-E | C14: 45019 | D14: 45019 | E14: 21 | F14: ATENDIDO | G14: Mayté Del Cisne Elizalde Vivanco | H14: DIRECCIÓN REGIONAL DEL TRABAJO Y SERVICIO PÚBLICO DE LOJA | I14: Mayté Del Cisne Elizalde Vivanco | J14: 45033.46 | K14: 45033.46 | L14: =+NETWORKDAYS(D14,K14,$R$6:$R$405)-1 -> 10 | M14: MDT-DRTSPL-2023-3306-O | N14: LOJA | O14: Tania Elizabeth Jimenez Cumbicus | P14: N/A | Q14: =IF(L14>15,"FUERA DE TIEMPO","DENTRO DEL TIEMPO") -> DENTRO DEL TIEMPO
A15: 10 | B15: MDT-DRTSPL-2023-2216-E | C15: 45019 | D15: 45019 | E15: 2 | F15: ATENDIDO | G15: Yajaira Katherine Lozada Bravo | H15: DIRECCIÓN REGIONAL DEL TRABAJO Y SERVICIO PÚBLICO DE LOJA | I15: Yajaira Katherine Lozada Bravo | J15: 45041.46 | K15: 45041.46 | L15: =+NETWORKDAYS(D15,K15,$R$6:$R$405)-1 -> 16 | M15: MDT-DRTSPL-2023-2978-O | N15: LOJA | O15: Edgar Cristóbal Flores Criollo | P15: N/A | Q15: =IF(L15>15,"FUERA DE TIEMPO","DENTRO DEL TIEMPO") -> FUERA DE TIEMPO
A16: 11 | B16: MDT-DRTSPL-2023-2218-E | C16: 45019 | D16: 45019 | E16: 2 | F16: ATENDIDO | G16: Yajaira Katherine Lozada Bravo | H16: DIRECCIÓN REGIONAL DEL TRABAJO Y SERVICIO PÚBLICO DE LOJA | I16: Yajaira Katherine Lozada Bravo | J16: 45021.626 | K16: 45021.626 | L16: =+NETWORKDAYS(D16,K16,$R$6:$R$405)-1 -> 2 | M16: MDT-DRTSPL-2023-2979-O | N16: LOJA | O16: Johanna Michelle Canchingre Campoverde | P16: N/A | Q16: =IF(L16>15,"FUERA DE TIEMPO","DENTRO DEL TIEMPO") -> DENTRO DEL TIEMPO
A17: 12 | B17: MDT-DRTSPL-2023-2219-E | C17: 45019 | D17: 45019 | E17: 46 | F17: ATENDIDO | G17: Mayté Del Cisne Elizalde Vivanco | H17: DIRECCIÓN REGIONAL DEL TRABAJO Y SERVICIO PÚBLICO DE LOJA | I17: Mayté Del Cisne Elizalde Vivanco | J17: 45022.407 | K17: 45022.407 | L17: =+NETWORKDAYS(D17,K17,$R$6:$R$405)-1 -> 3 | M17: MDT-DRTSPL-2023-3006-O | N17: LOJA | O17: Fernando Hermel Sigcho Vasquez | P17: N/A | Q17: =IF(L17>15,"FUERA DE TIEMPO","DENTRO DEL TIEMPO") -> DENTRO DEL TIEMPO
... A324: 319 | B324: MDT-DRTSPL-2023-1192-M | C324: 45042.422 | D324: 45042.422 | E324: 40 | F324: ATENDIDO | G324: Mayté Del Cisne Elizalde Vivanco | H324: DIRECCIÓN REGIONAL DEL TRABAJO Y SERVICIO PÚBLICO DE LOJA | I324: Mayté Del Cisne Elizalde Vivanco | J324: 45042.422 | K324: 45042.422 | L324: =+NETWORKDAYS(D324,K324,$R$6:$R$405)-1 -> 0 | M324: MDT-DRTSPL-2023-1218-M | N324: LOJA | O324: Sandra Maritza Torres Guarnizo | P324: N/A | Q324: =IF(L324>15,"FUERA DE TIEMPO","DENTRO DEL TIEMPO") -> DENTRO DEL TIEMPO
A325: 320 | B325: MDT-DPTSPZCH-2023-0281-E | C325: 45019 | D325: 45019 | E325: 2 | F325: ATENDIDO | G325: MARLENE REY | H325: DELEGACIÓN PROVINCIAL DE TRABAJO Y SERVICIO PÚBLICO DE ZAMORA CHINCHIPE | I325: MARLENE REY | J325: 45019 | K325: 45019 | L325: 0 | M325: MDT-DPTSPZCH-2023-0095-O | N325: ZAMORA | O325: www.funcionjudicial.gob.ec | P325: FIRMA ELECTRONICA | Q325: =IF(L325>15,"FUERA DE TIEMPO","DENTRO DEL TIEMPO") -> DENTRO DEL TIEMPO
A326: 321 | B326: MDT-DPTSPZCH-2023-0285-E | C326: 45020 | D326: 45021 | E326: 107 | F326: ATENDIDO | G326: MARLENE REY | H326: DELEGACIÓN PROVINCIAL DE TRABAJO Y SERVICIO PÚBLICO DE ZAMORA CHINCHIPE | I326: MARLENE REY | J326: 45021 | K326: 45021 | L326: 1 | M326: MDT-DPTSPZCH-2023-0096-O | N326: ZAMORA | O326: www.fiscalia.gob.ec | P326: FIRMA ELECTRONICA | Q326: =IF(L326>15,"FUERA DE TIEMPO","DENTRO DEL TIEMPO") -> DENTRO DEL TIEMPO
A327: 322 | B327: MDT-DPTSPZCH-2023-0287-E | C327: 45021 | D327: 45022 | E327: 2 | F327: ATENDIDO | G327: MARLENE REY | H327: DELEGACIÓN PROVINCIAL DE TRABAJO Y SERVICIO PÚBLICO DE ZAMORA CHINCHIPE | I327: MARLENE REY | J327: 45022 | K327: 45022 | L327: 1 | M327: MDT-DPTSPZCH-2023-0097-O | N327: ZAMORA | O327: dariosaca@gmail.com | P327: FIRMA ELECTRONICA | Q327: =IF(L327>15,"FUERA DE TIEMPO","DENTRO DEL TIEMPO") -> DENTRO DEL TIEMPO
A328: 323 | B328: MDT-DPTSPZCH-2023-0289-E | C328: 45021 | D328: 45022 | E328: 2 | F328: ATENDIDO | G328: MARLENE REY | H328: DELEGACIÓN PROVINCIAL DE TRABAJO Y SERVICIO PÚBLICO DE ZAMORA CHINCHIPE | I328: MARLENE REY | J328: 45022 | K328: 45022 | L328: 1 | M328: MDT-DPTSPZCH-2023-0098-O | N328: ZAMORA | O328: herman_e69@hotmail.com | P328: FIRMA ELECTRONICA | Q328: =IF(L328>15,"FUERA DE TIEMPO","DENTRO DEL TIEMPO") -> DENTRO DEL TIEMPO
A329: 324 | B329: MDT-DPTSPZCH-2023-0291-E | C329: 45022 | D329: 45022 | E329: 2 | F329: ATENDIDO | G329: MARLENE REY | H329: DELEGACIÓN PROVINCIAL DE TRABAJO Y SERVICIO PÚBLICO DE ZAMORA CHINCHIPE | I329: MARLENE REY | J329: 45022 | K329: 45022 | L329: 0 | M329: MDT-DPTSPZCH-2023-0099-O | N329: ZAMORA | O329: www.fiscalia.gob.ec | P329: FIRMA ELECTRONICA | Q329: =IF(L329>15,"FUERA DE TIEMPO","DENTRO DEL TIEMPO") -> DENTRO DEL TIEMPO
A330: 325 | B330: MDT-DPTSPZCH-2023-0292-E | C330: 45022 | D330: 45022 | E330: 2 | F330: ATENDIDO | G330: MARLENE REY | H330: DELEGACIÓN PROVINCIAL DE TRABAJO Y SERVICIO PÚBLICO DE ZAMORA CHINCHIPE | I330: MARLENE REY | J330: 45022 | K330: 45022 | L330: 0 | M330: MDT-DPTSPZCH-2023-0100-O | N330: ZAMORA | O330: www.funcionjudicial.gob.ec | P330: FIRMA ELECTRONICA | Q330: =IF(L330>15,"FUERA DE TIEMPO","DENTRO DEL TIEMPO") -> DENTRO DEL TIEMPO
A331: 326 | B331: MDT-DPTSPZCH-2023-0283-E | C331: 45020 | D331: 45025 | E331: 2 | F331: ATENDIDO | G331: MARLENE REY | H331: DELEGACIÓN PROVINCIAL DE TRABAJO Y SERVICIO PÚBLICO DE ZAMORA CHINCHIPE | I331: MARLENE REY | J331: 45026 | K331: 45026 | L331: 5 | M331: MDT-DPTSPZCH-2023-0101-O | N331: ZAMORA | O331: www.fiscalia.gob.ec | P331: FIRMA ELECTRONICA | Q331: =IF(L331>15,"FUERA DE TIEMPO","DENTRO DEL TIEMPO") -> DENTRO DEL TIEMPO
A332: 327 | B332: MDT-DPTSPZCH-2023-0293-E | C332: 45026 | D332: 45026 | E332: 2 | F332: ATENDIDO | G332: MARLENE REY | H332: DELEGACIÓN PROVINCIAL DE TRABAJO Y SERVICIO PÚBLICO DE ZAMORA CHINCHIPE | I332: MARLENE REY | J332: 45026 | K332: 45026 | L332: 0 | M332: MDT-DPTSPZCH-2023-0102-O | N332: ZAMORA | O332: www.funcionjudicial.gob.ec | P332: FIRMA ELECTRONICA | Q332: =IF(L332>15,"FUERA DE TIEMPO","DENTRO DEL TIEMPO") -> DENTRO DEL TIEMPO
A333: 328 | B333: MDT-DPTSPZCH-2023-0297-E | C333: 45027 | D333: 45027 | E333: 6 | F333: ATENDIDO | G333: MARLENE REY | H333: DELEGACIÓN PROVINCIAL DE TRABAJO Y SERVICIO PÚBLICO DE ZAMORA CHINCHIPE | I333: MARLENE REY | J333: 45027 | K333: 45027 | L333: 0 | M333: MDT-DPTSPZCH-2023-0103-O | N333: ZAMORA | O333: mnueltipan19672020@gmail.com | P333: FIRMA ELECTRONICA | Q333: =IF(L333>15,"FUERA DE TIEMPO","DENTRO DEL TIEMPO") -> DENTRO DEL TIEMPO
A334: 329 | B334: MDT-DPTSPZCH-2023-0303-E | C334: 45028 | D334: 45029 | E334: 2 | F334: ATENDIDO | G334: MARLENE REY | H334: DELEGACIÓN PROVINCIAL DE TRABAJO Y SERVICIO PÚBLICO DE ZAMORA CHINCHIPE | I334: MARLENE REY | J334: 45029 | K334: 45029 | L334: 0 | M334: MDT-DPTSPZCH-2023-0104-O | N334: ZAMORA | O334: stalinleon81@gmail.com | P334: FIRMA ELECTRONICA | Q334: =IF(L334>15,"FUERA DE TIEMPO","DENTRO DEL TIEMPO") -> DENTRO DEL TIEMPO
A335: 330 | B335: MDT-DPTSPZCH-2023-0307-E | C335: 45029 | D335: 45030 | E335: 2 | F335: ATENDIDO | G335: MARLENE REY | H335: DELEGACIÓN PROVINCIAL DE TRABAJO Y SERVICIO PÚBLICO DE ZAMORA CHINCHIPE | I335: MARLENE REY | J335: 45030 | K335: 45030 | L335: 0 | M335: MDT-DPTSPZCH-2023-0105-O | N335: ZAMORA | O335: vargasbm@fiscalia.gob.ec | P335: FIRMA ELECTRONICA | Q335: =IF(L335>15,"FUERA DE TIEMPO","DENTRO DEL TIEMPO") -> DENTRO DEL TIEMPO
A336: 331 | B336: MDT-DPTSPZCH-2023-0311-E | C336: 45033 | D336: 45033 | E336: 2 | F336: ATENDIDO | G336: MARLENE REY | H336: DELEGACIÓN PROVINCIAL DE TRABAJO Y SERVICIO PÚBLICO DE ZAMORA CHINCHIPE | I336: MARLENE REY | J336: 45033 | K336: 45033 | L336: 0 | M336: MDT-DPTSPZCH-2023-0106-O | N336: ZAMORA | O336: guevarasm@fiscalia.ob.ec | P336: FIRMA ELECTRONICA | Q336: =IF(L336>15,"FUERA DE TIEMPO","DENTRO DEL TIEMPO") -> DENTRO DEL TIEMPO
A337: 332 | B337: MDT-DPTSPZCH-2023-0312-E | C337: 45033 | D337: 45033 | E337: 2 | F337: ATENDIDO | G337: MARLENE REY | H337: DELEGACIÓN PROVINCIAL DE TRABAJO Y SERVICIO PÚBLICO DE ZAMORA CHINCHIPE | I337: MARLENE REY | J337: 17/042023 | K337: 45033 | L337: 0 | M337: MDT-DPTSPZCH-2023-0107-O | N337: ZAMORA | O337: vargasbm@fiscalia.gob.ec | P337: FIRMA ELECTRONICA | Q337: =IF(L337>15,"FUERA DE TIEMPO","DENTRO DEL TIEMPO") -> DENTRO DEL TIEMPO
A338: 333 | B338: MDT-DPTSPZCH-2023-0318-E | C338: 45034 | D338: 45034 | E338: 5 | F338: ATENDIDO | G338: MARLENE REY | H338: DELEGACIÓN PROVINCIAL DE TRABAJO Y SERVICIO PÚBLICO DE ZAMORA CHINCHIPE | I338: MARLENE REY | J338: 45034 | K338: 45034 | L338: 0 | M338: MDT-DPTSPZCH-2023-0108-O | N338: ZAMORA | O338: angelitoacaro16julio@gmail.com | P338: FIRMA ELECTRONICA | Q338: =IF(L338>15,"FUERA DE TIEMPO","DENTRO DEL TIEMPO") -> DENTRO DEL TIEMPO
A339: 334 | B339: MDT-DPTSPZCH-2023-0324-E | C339: 45035 | D339: 45035 | E339: 2 | F339: ATENDIDO | G339: MARLENE REY | H339: DELEGACIÓN PROVINCIAL DE TRABAJO Y SERVICIO PÚBLICO DE ZAMORA CHINCHIPE | I339: MARLENE REY | J339: 45035 | K339: 45035 | L339: 0 | M339: MDT-DPTSPZCH-2023-0109-O | N339: ZAMORA | O339: guevarasm@fiscalia.ob.ec | P339: FIRMA ELECTRONICA | Q339: =IF(L339>15,"FUERA DE TIEMPO","DENTRO DEL TIEMPO") -> DENTRO DEL TIEMPO
A340: 335 | B340: MDT-DPTSPZCH-2023-0327-E | C340: 45035 | D340: 45035 | E340: 2 | F340: ATENDIDO | G340: MARLENE REY | H340: DELEGACIÓN PROVINCIAL DE TRABAJO Y SERVICIO PÚBLICO DE ZAMORA CHINCHIPE | I340: MARLENE REY | J340: 45035 | K340: 19/042023 | L340: 0 | M340: MDT-DPTSPZCH-2023-0110-O | N340: ZAMORA | O340: michesita46@hotmail.com | P340: FIRMA ELECTRONICA | Q340: =IF(L340>15,"FUERA DE TIEMPO","DENTRO DEL TIEMPO") -> DENTRO DEL TIEMPO
A341: 336 | B341: MDT-DPTSPZCH-2023-0331-E | C341: 45036 | D341: 45036 | E341: 2 | F341: ATENDIDO | G341: MARLENE REY | H341: DELEGACIÓN PROVINCIAL DE TRABAJO Y SERVICIO PÚBLICO DE ZAMORA CHINCHIPE | I341: MARLENE REY | J341: 45036 | K341: 45036 | L341: 0 | M341: MDT-DPTSPZCH-2023-0111-O | N341: ZAMORA | O341: joseguayanay1977@gmail.com | P341: FIRMA ELECTRONICA | Q341: =IF(L341>15,"FUERA DE TIEMPO","DENTRO DEL TIEMPO") -> DENTRO DEL TIEMPO
A342: 337 | B342: MDT-DPTSPZCH-2023-0333-E | C342: 45036 | D342: 45036 | E342: 2 | F342: ATENDIDO | G342: MARLENE REY | H342: DELEGACIÓN PROVINCIAL DE TRABAJO Y SERVICIO PÚBLICO DE ZAMORA CHINCHIPE | I342: MARLENE REY | J342: 45036 | K342: 45036 | L342: 0 | M342: MDT-DPTSPZCH-2023-0112-O | N342: ZAMORA | O342: megrada@utpl.edi.ec | P342: FIRMA ELECTRONICA | Q342: =IF(L342>15,"FUERA DE TIEMPO","DENTRO DEL TIEMPO") -> DENTRO DEL TIEMPO
A343: 338 | B343: MDT-DPTSPZCH-2023-0336-E | C343: 45036 | D343: 45036 | E343: 2 | F343: ATENDIDO | G343: MARLENE REY | H343: DELEGACIÓN PROVINCIAL DE TRABAJO Y SERVICIO PÚBLICO DE ZAMORA CHINCHIPE | I343: MARLENE REY | J343: 45036 | K343: 45036 | L343: 0 | M343: MDT-DPTSPZCH-2023-0113-O | N343: ZAMORA | O343: edwin2@hotmail.es | P343: FIRMA ELECTRONICA | Q343: =IF(L343>15,"FUERA DE TIEMPO","DENTRO DEL TIEMPO") -> DENTRO DEL TIEMPO
A344: 339 | B344: MDT-DPTSPZCH-2022-0341-E | C344: 45040 | D344: 45040 | E344: 2 | F344: ATENDIDO | G344: MARLENE REY | H344: DELEGACIÓN PROVINCIAL DE TRABAJO Y SERVICIO PÚBLICO DE ZAMORA CHINCHIPE | I344: MARLENE REY | J344: 45040 | K344: 45040 | L344: 0 | M344: MDT-DPTSPZCH-2023-0114-O | N344: ZAMORA | O344: angelrolandoarmijosgranda@gmail.cin | P344: FIRMA ELECTRONICA | Q344: =IF(L344>15,"FUERA DE TIEMPO","DENTRO DEL TIEMPO") -> DENTRO DEL TIEMPO
A345: 340 | B345: MDT-DPTSPZCH-2022-0343-E | C345: 45040 | D345: 45040 | E345: 2 | F345: ATENDIDO | G345: MARLENE REY | H345: DELEGACIÓN PROVINCIAL DE TRABAJO Y SERVICIO PÚBLICO DE ZAMORA CHINCHIPE | I345: MARLENE REY | J345: 45040 | K345: 45040 | L345: 0 | M345: MDT-DPTSPZCH-2023-0115-O | N345: ZAMORA | O345: ama_santi_ak@hotmail.com | P345: FIRMA ELECTRONICA | Q345: =IF(L345>15,"FUERA DE TIEMPO","DENTRO DEL TIEMPO") -> DENTRO DEL TIEMPO
A346: 341 | B346: MDT-DPTSPZCH-2022-0344-E | C346: 45040 | D346: 45040 | E346: 2 | F346: ATENDIDO | G346: MARLENE REY | H346: DELEGACIÓN PROVINCIAL DE TRABAJO Y SERVICIO PÚBLICO DE ZAMORA CHINCHIPE | I346: MARLENE REY | J346: 45041 | K346: 45070 | L346: 0 | M346: MDT-DPTSPZCH-2023-0116-O | N346: ZAMORA | O346: ana.solano@funcionjudicial.gob.ec | P346: FIRMA ELECTRONICA | Q346: =IF(L346>15,"FUERA DE TIEMPO","DENTRO DEL TIEMPO") -> DENTRO DEL TIEMPO
A347: 342 | B347: MDT-DPTSPZCH-2022-0345-E | C347: 45041 | D347: 45041 | E347: 2 | F347: ATENDIDO | G347: MARLENE REY | H347: DELEGACIÓN PROVINCIAL DE TRABAJO Y SERVICIO PÚBLICO DE ZAMORA CHINCHIPE | I347: MARLENE REY | J347: 45041 | K347: 45041 | L347: 0 | M347: MDT-DPTSPZCH-2023-0117-O | N347: ZAMORA | O347: alexey.zozoranga@funcionjudicial.gob.ec | P347: FIRMA ELECTRONICA | Q347: =IF(L347>15,"FUERA DE TIEMPO","DENTRO DEL TIEMPO") -> DENTRO DEL TIEMPO
A348: 343 | B348: MDT-DPTSPZCH-2022-0347-E | C348: 45041 | D348: 45041 | E348: 2 | F348: ATENDIDO | G348: MARLENE REY | H348: DELEGACIÓN PROVINCIAL DE TRABAJO Y SERVICIO PÚBLICO DE ZAMORA CHINCHIPE | I348: MARLENE REY | J348: 45041 | K348: 45041 | L348: 0 | M348: MDT-DPTSPZCH-2023-0118-O | N348: ZAMORA | O348: wwwfuncionjudicial.gob.ec | P348: FIRMA ELECTRONICA | Q348: =IF(L348>15,"FUERA DE TIEMPO","DENTRO DEL TIEMPO") -> DENTRO DEL TIEMPO
A349: 344 | B349: MDT-DPTSPZCH-2022-0357-E | C349: 45043 | D349: 45043 | E349: 2 | F349: ATENDIDO | G349: MARLENE REY | H349: DELEGACIÓN PROVINCIAL DE TRABAJO Y SERVICIO PÚBLICO DE ZAMORA CHINCHIPE | I349: MARLENE REY | J349: 45044 | K349: 45044 | L349: 0 | M349: MDT-DPTSPZCH-2023-0119-O | N349: ZAMORA | O349: agstotoledo11@hotmail.com | P349: FIRMA ELECTRONICA | Q349: =IF(L349>15,"FUERA DE TIEMPO","DENTRO DEL TIEMPO") -> DENTRO DEL TIEMPO
A350: 345 | B350: MDT-DPTSPZCH-2022-0361-E | C350: 45043 | D350: 45043 | E350: 2 | F350: ATENDIDO | G350: MARLENE REY | H350: DELEGACIÓN PROVINCIAL DE TRABAJO Y SERVICIO PÚBLICO DE ZAMORA CHINCHIPE | I350: MARLENE REY | J350: 45044 | K350: 45044 | L350: 0 | M350: MDT-DPTSPZCH-2023-0120-O | N350: ZAMORA | O350: ruben.ochoa@funcionjudicial.gob.ec | P350: FIRMA ELECTRONICA | Q350: =IF(L350>15,"FUERA DE TIEMPO","DENTRO DEL TIEMPO") -> DENTRO DEL TIEMPO
A351: 346 | B351: MDT-DPTSPZCH-2022-0365-E | C351: 45044 | D351: 45044 | E351: 2 | F351: ATENDIDO | G351: MARLENE REY | H351: DELEGACIÓN PROVINCIAL DE TRABAJO Y SERVICIO PÚBLICO DE ZAMORA CHINCHIPE | I351: MARLENE REY | J351: 45044 | K351: 45044 | L351: 0 | M351: MDT-DPTSPZCH-2023-0121-O | N351: ZAMORA | O351: mluislautaro@yahoo.com | P351: FIRMA ELECTRONICA | Q351: =IF(L351>15,"FUERA DE TIEMPO","DENTRO DEL TIEMPO") -> DENTRO DEL TIEMPO
A352: 347 | B352: MDT-DPTSPZCH-2022-0366-E | C352: 45044 | D352: 45044 | E352: 2 | F352: ATENDIDO | G352: MARLENE REY | H352: DELEGACIÓN PROVINCIAL DE TRABAJO Y SERVICIO PÚBLICO DE ZAMORA CHINCHIPE | I352: MARLENE REY | J352: 45044 | K352: 45044 | L352: 0 | M352: MDT-DPTSPZCH-2023-0122-O | N352: ZAMORA | O352: mluislautaro@yahoo.com | P352: FIRMA ELECTRONICA | Q352: =IF(L352>15,"FUERA DE TIEMPO","DENTRO DEL TIEMPO") -> DENTRO DEL TIEMPO
... A354: 349 | B354: MDT-DPTSPZCH-2022-0368-E | C354: 45044 | D354: 45044 | E354: 2 | F354: ATENDIDO | G354: MARLENE REY | H354: DELEGACIÓN PROVINCIAL DE TRABAJO Y SERVICIO PÚBLICO DE ZAMORA CHINCHIPE | I354: MARLENE REY | J354: 45044 | K354: 45044 | L354: 0 | M354: MDT-DPTSPZCH-2023-0124-O | N354: ZAMORA | O354: ruben.ochoa@funcionjudicial.gob.ec | P354: FIRMA ELECTRONICA | Q354: =IF(L354>15,"FUERA DE TIEMPO","DENTRO DEL TIEMPO") -> DENTRO DEL TIEMPO
A355: 350 | B355: MDT-DPTSPOM-2023-1443-E | C355: 45019 | D355: 45019 | E355: 1 | F355: ATENDIDO | G355: GLADYS CARBALLO | H355: DELEGACIÓN PROVINCIAL DE TRABAJO Y SERVICIO PÚBLICO DE EL ORO MACHALA | I355: GLADYS CARBALLO | J355: 45021 | K355: 45021 | L355: =+NETWORKDAYS(D355,K355,$R$6:$R$405)-1 -> 2 | M355: MDT-DPTSPOM-2023-0218-O | N355: MACHALA | O355: florquimi@hotmail.com | P355: USUARIO EXTERNO | Q355: =IF(L355>15,"FUERA DE TIEMPO","DENTRO DEL TIEMPO") -> DENTRO DEL TIEMPO
A356: 351 | B356: MDT-DPTSPOM-2023-1446-E | C356: 45019 | D356: 45019 | E356: 3 | F356: ATENDIDO | G356: GLADYS CARBALLO | H356: DELEGACIÓN PROVINCIAL DE TRABAJO Y SERVICIO PÚBLICO DE EL ORO MACHALA | I356: GLADYS CARBALLO | J356: 45021 | K356: 45021 | L356: =+NETWORKDAYS(D356,K356,$R$6:$R$405)-1 -> 2 | M356: MDT-DPTSPOM-2023-0219-O | N356: MACHALA | O356: alexal1977@gmail.com | P356: enviado quipux correo electronico | Q356: =IF(L356>15,"FUERA DE TIEMPO","DENTRO DEL TIEMPO") -> DENTRO DEL TIEMPO
A357: 352 | B357: MDT-DPTSPOM-2023-1449-E | C357: 45019 | D357: 45019 | E357: 1 | F357: ATENDIDO | G357: GLADYS CARBALLO | H357: DELEGACIÓN PROVINCIAL DE TRABAJO Y SERVICIO PÚBLICO DE EL ORO MACHALA | I357: GLADYS CARBALLO | J357: 45019 | K357: 45019 | L357: =+NETWORKDAYS(D357,K357,$R$6:$R$405)-1 -> 0 | M357: MDT-DPTSPOM-2023-0210-O | N357: MACHALA | O357: pcobos@aquagold.com.ec | P357: enviado quipux correo electronico | Q357: =IF(L357>15,"FUERA DE TIEMPO","DENTRO DEL TIEMPO") -> DENTRO DEL TIEMPO
A358: 353 | B358: MDT-DPTSPOM-2023-1428-E | C358: 45016 | D358: 45019 | E358: 3 | F358: ATENDIDO | G358: GLADYS CARBALLO | H358: DELEGACIÓN PROVINCIAL DE TRABAJO Y SERVICIO PÚBLICO DE EL ORO MACHALA | I358: GLADYS CARBALLO | J358: 45028 | K358: 45028 | L358: =+NETWORKDAYS(D358,K358,$R$6:$R$405)-1 -> 7 | M358: MDT-DPTSPOM-2023-0233-O | N358: MACHALA | O358: USUARIO EXTERNO | P358: USUARIO EXTERNO | Q358: =IF(L358>15,"FUERA DE TIEMPO","DENTRO DEL TIEMPO") -> DENTRO DEL TIEMPO
A359: 354 | B359: MDT-DPTSPOM-2023-1455-E | C359: 45020 | D359: 45020 | E359: 1 | F359: ATENDIDO | G359: GLADYS CARBALLO | H359: DELEGACIÓN PROVINCIAL DE TRABAJO Y SERVICIO PÚBLICO DE EL ORO MACHALA | I359: GLADYS CARBALLO | J359: 45026 | K359: 45026 | L359: =+NETWORKDAYS(D359,K359,$R$6:$R$405)-1 -> 4 | M359: MDT-DPTSPOM-2023-0221-O | N359: MACHALA | O359: melanigissell2010@gmail.com | P359: USUARIO EXTERNO | Q359: =IF(L359>15,"FUERA DE TIEMPO","DENTRO DEL TIEMPO") -> DENTRO DEL TIEMPO
A360: 355 | B360: MDT-DPTSPOM-2023-1456-E | C360: 45020 | D360: 45020 | E360: 1 | F360: ATENDIDO | G360: GLADYS CARBALLO | H360: DELEGACIÓN PROVINCIAL DE TRABAJO Y SERVICIO PÚBLICO DE EL ORO MACHALA | I360: GLADYS CARBALLO | J360: 45027 | K360: 45027 | L360: =+NETWORKDAYS(D360,K360,$R$6:$R$405)-1 -> 5 | M360: MDT-DPTSPOM-2023-0225-O | N360: MACHALA | O360: jp_jessi20@hotmail.com | P360: USUARIO EXTERNO | Q360: =IF(L360>15,"FUERA DE TIEMPO","DENTRO DEL TIEMPO") -> DENTRO DEL TIEMPO
A361: 356 | B361: MDT-DPTSPOM-2023-1483-E | C361: 45021 | D361: 45021 | E361: 1 | F361: ATENDIDO | G361: GLADYS CARBALLO | H361: DELEGACIÓN PROVINCIAL DE TRABAJO Y SERVICIO PÚBLICO DE EL ORO MACHALA | I361: GLADYS CARBALLO | J361: 45027 | K361: 45027 | L361: =+NETWORKDAYS(D361,K361,$R$6:$R$405)-1 -> 4 | M361: MDT-DPTSPOM-2023-0226-O | N361: MACHALA | O361: UNIDAD JUDICIAL | P361: USUARIO EXTERNO | Q361: =IF(L361>15,"FUERA DE TIEMPO","DENTRO DEL TIEMPO") -> DENTRO DEL TIEMPO
A362: 357 | B362: MDT-DPTSPOM-2023-1508-E | C362: 45026 | D362: 45026 | E362: 1 | F362: ATENDIDO | G362: GLADYS CARBALLO | H362: DELEGACIÓN PROVINCIAL DE TRABAJO Y SERVICIO PÚBLICO DE EL ORO MACHALA | I362: GLADYS CARBALLO | J362: 45026 | K362: 45026 | L362: =+NETWORKDAYS(D362,K362,$R$6:$R$405)-1 -> 0 | M362: MDT-DPTSPOM-2023-0222-O | N362: MACHALA | O362: kelvin.leon70@gmail.com | P362: USUARIO EXTERNO | Q362: =IF(L362>15,"FUERA DE TIEMPO","DENTRO DEL TIEMPO") -> DENTRO DEL TIEMPO
A363: 358 | B363: MDT-DPTSPOM-2023-1509-E | C363: 45026 | D363: 45026 | E363: 1 | F363: ATENDIDO | G363: GLADYS CARBALLO | H363: DELEGACIÓN PROVINCIAL DE TRABAJO Y SERVICIO PÚBLICO DE EL ORO MACHALA | I363: GLADYS CARBALLO | J363: 45027 | K363: 45027 | L363: =+NETWORKDAYS(D363,K363,$R$6:$R$405)-1 -> 1 | M363: MDT-DPTSPOM-2023-0224-O | N363: MACHALA | O363: acartuche@hotmail.com | P363: USUARIO EXTERNO | Q363: =IF(L363>15,"FUERA DE TIEMPO","DENTRO DEL TIEMPO") -> DENTRO DEL TIEMPO
A364: 359 | B364: MDT-DPTSPOM-2023-1496-E | C364: 45026 | D364: 45026 | E364: 1 | F364: ATENDIDO | G364: GLADYS CARBALLO | H364: DELEGACIÓN PROVINCIAL DE TRABAJO Y SERVICIO PÚBLICO DE EL ORO MACHALA | I364: GLADYS CARBALLO | J364: 45027 | K364: 45027 | L364: =+NETWORKDAYS(D364,K364,$R$6:$R$405)-1 -> 1 | M364: MDT-DPTSPOM-2023-0227-O | N364: MACHALA | O364: paulaandreayandio97@gmail.com | P364: USUARIO EXTERNO | Q364: =IF(L364>15,"FUERA DE TIEMPO","DENTRO DEL TIEMPO") -> DENTRO DEL TIEMPO
A365: 360 | B365: MDT-DPTSPOM-2023-1497-E | C365: 45026 | D365: 45026 | E365: 1 | F365: ATENDIDO | G365: GLADYS CARBALLO | H365: DELEGACIÓN PROVINCIAL DE TRABAJO Y SERVICIO PÚBLICO DE EL ORO MACHALA | I365: GLADYS CARBALLO | J365: 45027 | K365: 45027 | L365: =+NETWORKDAYS(D365,K365,$R$6:$R$405)-1 -> 1 | M365: MDT-DPTSPOM-2023-0228-O | N365: MACHALA | O365: mariuxi_93@hotmail.com | P365: UNIDAD JUDICIAL | Q365: =IF(L365>15,"FUERA DE TIEMPO","DENTRO DEL TIEMPO") -> DENTRO DEL TIEMPO
A366: 361 | B366: MDT-DPTSPOM-2023-1498-E | C366: 45026 | D366: 45026 | E366: 1 | F366: ATENDIDO | G366: GLADYS CARBALLO | H366: DELEGACIÓN PROVINCIAL DE TRABAJO Y SERVICIO PÚBLICO DE EL ORO MACHALA | I366: GLADYS CARBALLO | J366: 45028 | K366: 45028 | L366: =+NETWORKDAYS(D366,K366,$R$6:$R$405)-1 -> 2 | M366: MDT-DPTSPOM-2023-0231-O | N366: MACHALA | O366: guaman-231@outlook.es | P366: USUARIO EXTERNO | Q366: =IF(L366>15,"FUERA DE TIEMPO","DENTRO DEL TIEMPO") -> DENTRO DEL TIEMPO
... A385: 380 | B385: MDT-DPTSPOM-2023-1613-E | C385: 45033 | D385: 45033 | E385: 1 | F385: ATENDIDO | G385: GLADYS CARBALLO | H385: DELEGACIÓN PROVINCIAL DE TRABAJO Y SERVICIO PÚBLICO DE EL ORO MACHALA | I385: GLADYS CARBALLO | J385: 45033 | K385: 45033 | L385: =+NETWORKDAYS(D385,K385,$R$6:$R$405)-1 -> 0 | M385: MDT-DPTSPOM-2023-0244-O | N385: MACHALA | O385: mirianrisso2021@gmail.com | P385: USUARIO EXTERNO | Q385: =IF(L385>15,"FUERA DE TIEMPO","DENTRO DEL TIEMPO") -> DENTRO DEL TIEMPO
A386: 381 | B386: MDT-DPTSPOM-2023-1387-E | C386: 45014 | D386: 45034 | E386: =52 -> 52 | F386: ATENDIDO | G386: GLADYS CARBALLO | H386: DELEGACIÓN PROVINCIAL DE TRABAJO Y SERVICIO PÚBLICO DE EL ORO MACHALA | I386: GLADYS CARBALLO | J386: 45034 | K386: 45034 | L386: =+NETWORKDAYS(D386,K386,$R$6:$R$405)-1 -> 0 | M386: MDT-DPTSPOM-2023-0252-O | N386: MACHALA | O386: jsisalima@defensoria.gob.ec | P386: USUARIO EXTERNO | Q386: =IF(L386>15,"FUERA DE TIEMPO","DENTRO DEL TIEMPO") -> DENTRO DEL TIEMPO
A387: 382 | B387: MDT-DPTSPOM-2023-1643-E | C387: 45034 | D387: 45034 | E387: 1 | F387: ATENDIDO | G387: GLADYS CARBALLO | H387: DELEGACIÓN PROVINCIAL DE TRABAJO Y SERVICIO PÚBLICO DE EL ORO MACHALA | I387: GLADYS CARBALLO | J387: 45042 | K387: 45042 | L387: =+NETWORKDAYS(D387,K387,$R$6:$R$405)-1 -> 6 | M387: MDT-DPTSPOM-2023-0255-O | N387: MACHALA | O387: leongraciamariachistina5@gmail.com | P387: USUARIO EXTERNO | Q387: =IF(L387>15,"FUERA DE TIEMPO","DENTRO DEL TIEMPO") -> DENTRO DEL TIEMPO
A388: 383 | B388: MDT-DPTSPOM-2023-1656-E | C388: 45035 | D388: 45035 | E388: 1 | F388: ATENDIDO | G388: GLADYS CARBALLO | H388: DELEGACIÓN PROVINCIAL DE TRABAJO Y SERVICIO PÚBLICO DE EL ORO MACHALA | I388: GLADYS CARBALLO | J388: 45042 | K388: 45042 | L388: =+NETWORKDAYS(D388,K388,$R$6:$R$405)-1 -> 5 | M388: MDT-DPTSPOM-2023-0256-O | N388: MACHALA | O388: berenisse_zambrano@hotmail.com | P388: USUARIO EXTERNO | Q388: =IF(L388>15,"FUERA DE TIEMPO","DENTRO DEL TIEMPO") -> DENTRO DEL TIEMPO
A389: 384 | B389: MDT-DPTSPOM-2023-1664-E | C389: 45036 | D389: 45036 | E389: 1 | F389: ATENDIDO | G389: GLADYS CARBALLO | H389: DELEGACIÓN PROVINCIAL DE TRABAJO Y SERVICIO PÚBLICO DE EL ORO MACHALA | I389: GLADYS CARBALLO | J389: 45042 | K389: 45042 | L389: =+NETWORKDAYS(D389,K389,$R$6:$R$405)-1 -> 4 | M389: MDT-DPTSPOM-2023-0257-O | N389: MACHALA | O389: lindcef26@hotmail.com | P389: USUARIO EXTERNO | Q389: =IF(L389>15,"FUERA DE TIEMPO","DENTRO DEL TIEMPO") -> DENTRO DEL TIEMPO
A390: 385 | B390: MDT-DPTSPOM-2023-1667-E | C390: 45036 | D390: 45036 | E390: 4 | F390: ATENDIDO | G390: GLADYS CARBALLO | H390: DELEGACIÓN PROVINCIAL DE TRABAJO Y SERVICIO PÚBLICO DE EL ORO MACHALA | I390: GLADYS CARBALLO | J390: 45042 | K390: 45042 | L390: =+NETWORKDAYS(D390,K390,$R$6:$R$405)-1 -> 4 | M390: MDT-DPTSPOM-2023-0258-O | N390: MACHALA | O390: normacab26@hotmail.com | P390: USUARIO EXTERNO | Q390: =IF(L390>15,"FUERA DE TIEMPO","DENTRO DEL TIEMPO") -> DENTRO DEL TIEMPO
A391: 386 | B391: MDT-DPTSPOM-2023-1668-E | C391: 45036 | D391: 45036 | E391: 1 | F391: ATENDIDO | G391: GLADYS CARBALLO | H391: DELEGACIÓN PROVINCIAL DE TRABAJO Y SERVICIO PÚBLICO DE EL ORO MACHALA | I391: GLADYS CARBALLO | J391: 45042 | K391: 45042 | L391: =+NETWORKDAYS(D391,K391,$R$6:$R$405)-1 -> 4 | M391: MDT-DPTSPOM-2023-0259-O | N391: MACHALA | O391: estefania1690@gmail.com | P391: USUARIO EXTERNO | Q391: =IF(L391>15,"FUERA DE TIEMPO","DENTRO DEL TIEMPO") -> DENTRO DEL TIEMPO
A392: 387 | B392: MDT-DPTSPOM-2023-1688-E | C392: 45036 | D392: 45036 | E392: 1 | F392: ATENDIDO | G392: GLADYS CARBALLO | H392: DELEGACIÓN PROVINCIAL DE TRABAJO Y SERVICIO PÚBLICO DE EL ORO MACHALA | I392: GLADYS CARBALLO | J392: 45042 | K392: 45042 | L392: =+NETWORKDAYS(D392,K392,$R$6:$R$405)-1 -> 4 | M392: MDT-DPTSPOM-2023-0253-O | N392: MACHALA | O392: jp_jessi20@hotmail.com | P392: USUARIO EXTERNO | Q392: =IF(L392>15,"FUERA DE TIEMPO","DENTRO DEL TIEMPO") -> DENTRO DEL TIEMPO
A393: 388 | B393: MDT-DPTSPOM-2023-1724-E | C393: 45041 | D393: 45041 | E393: 2 | F393: ATENDIDO | G393: GLADYS CARBALLO | H393: DELEGACIÓN PROVINCIAL DE TRABAJO Y SERVICIO PÚBLICO DE EL ORO MACHALA | I393: GLADYS CARBALLO | J393: 45042 | K393: 45042 | L393: =+NETWORKDAYS(D393,K393,$R$6:$R$405)-1 -> 1 | M393: MDT-DPTSPOM-2023-0260-O | N393: MACHALA | O393: patricia_loja@hotmail.com | P393: USUARIO EXTERNO | Q393: =IF(L393>15,"FUERA DE TIEMPO","DENTRO DEL TIEMPO") -> DENTRO DEL TIEMPO
A394: 389 | B394: MDT-DPTSPOM-2023-1691-E | C394: 45041 | D394: 45041 | E394: 1 | F394: ATENDIDO | G394: GLADYS CARBALLO | H394: DELEGACIÓN PROVINCIAL DE TRABAJO Y SERVICIO PÚBLICO DE EL ORO MACHALA | I394: GLADYS CARBALLO | J394: 45043 | K394: 45043 | L394: =+NETWORKDAYS(D394,K394,$R$6:$R$405)-1 -> 2 | M394: MDT-DPTSPOM-2023-0261-O | N394: MACHALA | O394: elcarbondefreddy@hotmail.com | P394: USUARIO EXTERNO | Q394: =IF(L394>15,"FUERA DE TIEMPO","DENTRO DEL TIEMPO") -> DENTRO DEL TIEMPO
A395: 390 | B395: MDT-DPTSPOM-2023-1692-E | C395: 45041 | D395: 45041 | E395: 1 | F395: ATENDIDO | G395: GLADYS CARBALLO | H395: DELEGACIÓN PROVINCIAL DE TRABAJO Y SERVICIO PÚBLICO DE EL ORO MACHALA | I395: GLADYS CARBALLO | J395: 45043 | K395: 45043 | L395: =+NETWORKDAYS(D395,K395,$R$6:$R$405)-1 -> 2 | M395: MDT-DPTSPOM-2023-0262-O | N395: MACHALA | O395: manuelcruz-@outlook.es | P395: USUARIO EXTERNO | Q395: =IF(L395>15,"FUERA DE TIEMPO","DENTRO DEL TIEMPO") -> DENTRO DEL TIEMPO
A396: 391 | B396: MDT-DPTSPOM-2023-1718-E | C396: 45041 | D396: 45041 | E396: 1 | F396: ATENDIDO | G396: GLADYS CARBALLO | H396: DELEGACIÓN PROVINCIAL DE TRABAJO Y SERVICIO PÚBLICO DE EL ORO MACHALA | I396: GLADYS CARBALLO | J396: 45043 | K396: 45043 | L396: =+NETWORKDAYS(D396,K396,$R$6:$R$405)-1 -> 2 | M396: MDT-DPTSPOM-2023-0263-O | N396: MACHALA | O396: USUARIO EXTERNO | P396: USUARIO EXTERNO | Q396: =IF(L396>15,"FUERA DE TIEMPO","DENTRO DEL TIEMPO") -> DENTRO DEL TIEMPO
A397: 392 | B397: MDT-DPTSPOM-2023-1726-E | C397: 45041 | D397: 45041 | E397: 1 | F397: ATENDIDO | G397: GLADYS CARBALLO | H397: DELEGACIÓN PROVINCIAL DE TRABAJO Y SERVICIO PÚBLICO DE EL ORO MACHALA | I397: GLADYS CARBALLO | J397: 45043 | K397: 45043 | L397: =+NETWORKDAYS(D397,K397,$R$6:$R$405)-1 -> 2 | M397: MDT-DPTSPOM-2023-0264-O | N397: MACHALA | O397: klvrsparta_69_@hotmail.com | P397: USUARIO EXTERNO | Q397: =IF(L397>15,"FUERA DE TIEMPO","DENTRO DEL TIEMPO") -> DENTRO DEL TIEMPO
A398: 393 | B398: MDT-DPTSPOM-2023-1728-E | C398: 45041 | D398: 45041 | E398: 1 | F398: ATENDIDO | G398: GLADYS CARBALLO | H398: DELEGACIÓN PROVINCIAL DE TRABAJO Y SERVICIO PÚBLICO DE EL ORO MACHALA | I398: GLADYS CARBALLO | J398: 45043 | K398: 45043 | L398: =+NETWORKDAYS(D398,K398,$R$6:$R$405)-1 -> 2 | M398: MDT-DPTSPOM-2023-0265-O | N398: MACHALA | O398: gabuchoap@gmail.com | P398: USUARIO EXTERNO | Q398: =IF(L398>15,"FUERA DE TIEMPO","DENTRO DEL TIEMPO") -> DENTRO DEL TIEMPO
... A405: 400 | B405: MDT-DPTSPOM-2023-1474-E | C405: 45021 | D405: 45044 | E405: 20 | F405: ATENDIDO | G405: GLADYS CARBALLO | H405: DELEGACIÓN PROVINCIAL DE TRABAJO Y SERVICIO PÚBLICO DE EL ORO MACHALA | I405: GLADYS CARBALLO | J405: 45049 | K405: 45049 | L405: =+NETWORKDAYS(D405,K405,$R$6:$R$405)-1 -> 3 | M405: MDT-DPTSPOM-2023-0271-O | N405: MACHALA | O405: USUARIO EXTERNO | P405: USUARIO EXTERNO | Q405: =IF(L405>15,"FUERA DE TIEMPO","DENTRO DEL TIEMPO") -> DENTRO DEL TIEMPO

Sheet MAY2023
A1: MINISTERIO DEL TRABAJO
A2: DIRECCIÓN REGIONAL DE TRABAJO Y SERVICIO PÚBLICO DE LOJA
A3: SOLICITUDES DE CERTIFICACIÓN DE DOCUMENTOS
A5: NÚMERO | B5: No. DE EXTERNO | C5: FECHA DE INGRESO AL MDT | D5: FECHA DE INGRESO A LA DSG | E5: CANTIDAD DE FOJAS DESPACHADAS | F5: ESTADO | G5: FUNCIONARIO ACTUAL | H5: DIRECCIÓN O UNIDAD | I5: TECN. CETIFI RESPONSABLE | J5: FECHA RESOLUCIÓN | K5: FECHA DE NOTIFICACIÓN | L5: TIEMPO DE RESPUESTA HASTA LA NOTIFICACIÓN | M5: NUMERO DE OFICIO DE RESPUESTA | N5: CUIDAD A LA QUE SE DEBE ENVIAR LA RESPUESTA | O5: NOTIFICADO / O ENTREGADO A: | P5: NUMERO DE GUÍA O CÉDULA | Q5: CUMPLE EN EL PLAZO ESTABLECIDO | R5: FERIADO
A6: 1 | B6: MDT-DRTSPL-2023-1502-E | C6: 44988 | D6: 45049 | E6: 2 | F6: ATENDIDO | G6: Yajaira Katherine Lozada Bravo | H6: DIRECCIÓN REGIONAL DEL TRABAJO Y SERVICIO PÚBLICO DE LOJA | I6: Yajaira Katherine Lozada Bravo | J6: 45049 | K6: 45049 | L6: =+NETWORKDAYS(D6,K6,$R$6:$R$405)-1 -> 0 | M6: MDT-DRTSPL-2023-3838-O | N6: LOJA | O6: Julio Miguel Romero Reyes | P6: USUARIO EXTERNO | Q6: =IF(L6>15,"FUERA DE TIEMPO","DENTRO DEL TIEMPO") -> DENTRO DEL TIEMPO
A7: 2 | B7: MDT-DRTSPL-2023-2260-E | C7: 45021 | D7: 45064 | E7: 2 | F7: ATENDIDO | G7: Yajaira Katherine Lozada Bravo | H7: DIRECCIÓN REGIONAL DEL TRABAJO Y SERVICIO PÚBLICO DE LOJA | I7: Yajaira Katherine Lozada Bravo | J7: 45071.54 | K7: 45071.54 | L7: =+NETWORKDAYS(D7,K7,$R$6:$R$405)-1 -> 5 | M7: MDT-DCI-2023-0529-M / MDT-DRTSPL-2023-4483-O | N7: LOJA | O7: Diego Fabricio Tixi Torres | P7: USUARIO EXTERNO | Q7: =IF(L7>15,"FUERA DE TIEMPO","DENTRO DEL TIEMPO") -> DENTRO DEL TIEMPO
A8: 3 | B8: MDT-DRTSPL-2023-2445-E | C8: 45029 | D8: 45065 | E8: 37 | F8: ATENDIDO | G8: Mayté Del Cisne Elizalde Vivanco | H8: DIRECCIÓN REGIONAL DEL TRABAJO Y SERVICIO PÚBLICO DE LOJA | I8: Mayté Del Cisne Elizalde Vivanco | J8: 45071.54 | K8: 45071.54 | L8: =+NETWORKDAYS(D8,K8,$R$6:$R$405)-1 -> 4 | M8: MDT-DRTSPL-2023-4492-O | N8: LOJA | O8: Esperanza Del Cisne Armijos Herrera | P8: USUARIO EXTERNO | Q8: =IF(L8>15,"FUERA DE TIEMPO","DENTRO DEL TIEMPO") -> DENTRO DEL TIEMPO
A9: 4 | B9: MDT-DRTSPL-2023-2548-E | C9: 45035 | D9: 45048 | E9: 2 | F9: ATENDIDO | G9: Mayté Del Cisne Elizalde Vivanco | H9: DIRECCIÓN REGIONAL DEL TRABAJO Y SERVICIO PÚBLICO DE LOJA | I9: Mayté Del Cisne Elizalde Vivanco | J9: 45051.414 | K9: 45051.414 | L9: =+NETWORKDAYS(D9,K9,$R$6:$R$405)-1 -> 3 | M9: MDT-DCI-2023-0416-M / MDT-DRTSPL-2023-3937-O | N9: LOJA | O9: Jomaira Patricia Paladines Ramirez | P9: USUARIO EXTERNO | Q9: =IF(L9>15,"FUERA DE TIEMPO","DENTRO DEL TIEMPO") -> DENTRO DEL TIEMPO
A10: 5 | B10: MDT-DRTSPL-2023-2684-E | C10: 45040 | D10: 45061 | E10: 24 | F10: ATENDIDO | G10: Mayté Del Cisne Elizalde Vivanco | H10: DIRECCIÓN REGIONAL DEL TRABAJO Y SERVICIO PÚBLICO DE LOJA | I10: Mayté Del Cisne Elizalde Vivanco | J10: 45062.444 | K10: 45062.444 | L10: =+NETWORKDAYS(D10,K10,$R$6:$R$405)-1 -> 1 | M10: MDT-DRTSPL-2023-4290-O | N10: LOJA | O10: Angel Benigno Sanchez Cumbicus | P10: USUARIO EXTERNO | Q10: =IF(L10>15,"FUERA DE TIEMPO","DENTRO DEL TIEMPO") -> DENTRO DEL TIEMPO
A11: 6 | B11: MDT-DRTSPL-2023-2827-E | C11: 45048 | D11: 45048 | E11: 2 | F11: ATENDIDO | G11: Yajaira Katherine Lozada Bravo | H11: DIRECCIÓN REGIONAL DEL TRABAJO Y SERVICIO PÚBLICO DE LOJA | I11: Yajaira Katherine Lozada Bravo | J11: 45050.43 | K11: 45050.43 | L11: =+NETWORKDAYS(D11,K11,$R$6:$R$405)-1 -> 2 | M11: MDT-DRTSPL-2023-3877-O | N11: LOJA | O11: Michael Augusto Toscano Cueva | P11: USUARIO EXTERNO | Q11: =IF(L11>15,"FUERA DE TIEMPO","DENTRO DEL TIEMPO") -> DENTRO DEL TIEMPO
A12: 7 | B12: MDT-DRTSPL-2023-2831-E | C12: 45048 | D12: 45048 | E12: 2 | F12: ATENDIDO | G12: Yajaira Katherine Lozada Bravo | H12: DIRECCIÓN REGIONAL DEL TRABAJO Y SERVICIO PÚBLICO DE LOJA | I12: Yajaira Katherine Lozada Bravo | J12: 45050.436 | K12: 45050.436 | L12: =+NETWORKDAYS(D12,K12,$R$6:$R$405)-1 -> 2 | M12: MDT-DRTSPL-2023-3878-O | N12: LOJA | O12: Maria Vanessa Sinche Loarte | P12: USUARIO EXTERNO | Q12: =IF(L12>15,"FUERA DE TIEMPO","DENTRO DEL TIEMPO") -> DENTRO DEL TIEMPO
A13: 8 | B13: MDT-DRTSPL-2023-2833-E | C13: 45048 | D13: 45048 | E13: 2 | F13: ATENDIDO | G13: Yajaira Katherine Lozada Bravo | H13: DIRECCIÓN REGIONAL DEL TRABAJO Y SERVICIO PÚBLICO DE LOJA | I13: Yajaira Katherine Lozada Bravo | J13: 45050.454 | K13: 45050.454 | L13: =+NETWORKDAYS(D13,K13,$R$6:$R$405)-1 -> 2 | M13: MDT-DRTSPL-2023-3881-O | N13: LOJA | O13: Cristian David Ponce Pullaguari | P13: USUARIO EXTERNO | Q13: =IF(L13>15,"FUERA DE TIEMPO","DENTRO DEL TIEMPO") -> DENTRO DEL TIEMPO
A14: 9 | B14: MDT-DRTSPL-2023-2837-E | C14: 45048 | D14: 45048 | E14: 2 | F14: ATENDIDO | G14: Yajaira Katherine Lozada Bravo | H14: DIRECCIÓN REGIONAL DEL TRABAJO Y SERVICIO PÚBLICO DE LOJA | I14: Yajaira Katherine Lozada Bravo | J14: 45050.463 | K14: 45050.463 | L14: =+NETWORKDAYS(D14,K14,$R$6:$R$405)-1 -> 2 | M14: MDT-DRTSPL-2023-3882-O | N14: LOJA | O14: Luis Alejandro Sinche Loarte | P14: USUARIO EXTERNO | Q14: =IF(L14>15,"FUERA DE TIEMPO","DENTRO DEL TIEMPO") -> DENTRO DEL TIEMPO
A15: 10 | B15: MDT-DRTSPL-2023-2840-E | C15: 45048 | D15: 45048 | E15: 2 | F15: ATENDIDO | G15: Yajaira Katherine Lozada Bravo | H15: DIRECCIÓN REGIONAL DEL TRABAJO Y SERVICIO PÚBLICO DE LOJA | I15: Yajaira Katherine Lozada Bravo | J15: 45050.477 | K15: 45050.477 | L15: =+NETWORKDAYS(D15,K15,$R$6:$R$405)-1 -> 2 | M15: MDT-DRTSPL-2023-3883-O | N15: LOJA | O15: Diana del Carmen Sinche Loarte | P15: USUARIO EXTERNO | Q15: =IF(L15>15,"FUERA DE TIEMPO","DENTRO DEL TIEMPO") -> DENTRO DEL TIEMPO
A16: 11 | B16: MDT-DRTSPL-2023-2841-E | C16: 45048 | D16: 45048 | E16: 2 | F16: ATENDIDO | G16: Yajaira Katherine Lozada Bravo | H16: DIRECCIÓN REGIONAL DEL TRABAJO Y SERVICIO PÚBLICO DE LOJA | I16: Yajaira Katherine Lozada Bravo | J16: 45050.487 | K16: 45050.487 | L16: =+NETWORKDAYS(D16,K16,$R$6:$R$405)-1 -> 2 | M16: MDT-DRTSPL-2023-3884-O | N16: LOJA | O16: Cristian Paul Bao Gaona | P16: USUARIO EXTERNO | Q16: =IF(L16>15,"FUERA DE TIEMPO","DENTRO DEL TIEMPO") -> DENTRO DEL TIEMPO
A17: 12 | B17: MDT-DRTSPL-2023-2842-E | C17: 45048 | D17: 45048 | E17: 2 | F17: ATENDIDO | G17: Yajaira Katherine Lozada Bravo | H17: DIRECCIÓN REGIONAL DEL TRABAJO Y SERVICIO PÚBLICO DE LOJA | I17: Yajaira Katherine Lozada Bravo | J17: 45050.499 | K17: 45050.499 | L17: =+NETWORKDAYS(D17,K17,$R$6:$R$405)-1 -> 2 | M17: MDT-DRTSPL-2023-3885-O | N17: LOJA | O17: Sara Salome Tandazo Valarezo | P17: USUARIO EXTERNO | Q17: =IF(L17>15,"FUERA DE TIEMPO","DENTRO DEL TIEMPO") -> DENTRO DEL TIEMPO
... A324: 319 | B324: MDT-DRTSPL-2023-3444-E | C324: 45070 | D324: 45070 | E324: 2 | F324: ATENDIDO | G324: Yajaira Katherine Lozada Bravo | H324: DIRECCIÓN REGIONAL DEL TRABAJO Y SERVICIO PÚBLICO DE LOJA | I324: Yajaira Katherine Lozada Bravo | J324: 45071.484 | K324: 45071.484 | L324: =+NETWORKDAYS(D324,K324,$R$6:$R$405)-1 -> 1 | M324: MDT-DRTSPL-2023-4553-O | N324: LOJA | O324: Aida Maria Chamba Morocho | P324: USUARIO EXTERNO | Q324: =IF(L324>15,"FUERA DE TIEMPO","DENTRO DEL TIEMPO") -> DENTRO DEL TIEMPO
A325: 320 | B325: MDT-DRTSPL-2023-3445-E | C325: 45070 | D325: 45070 | E325: 2 | F325: ATENDIDO | G325: Yajaira Katherine Lozada Bravo | H325: DIRECCIÓN REGIONAL DEL TRABAJO Y SERVICIO PÚBLICO DE LOJA | I325: Yajaira Katherine Lozada Bravo | J325: 45071.499 | K325: 45071.499 | L325: 0 | M325: MDT-DRTSPL-2023-4554-O | N325: LOJA | O325: Juan Pablo Ortega Parra | P325: USUARIO EXTERNO | Q325: =IF(L325>15,"FUERA DE TIEMPO","DENTRO DEL TIEMPO") -> DENTRO DEL TIEMPO
A326: 321 | B326: MDT-DRTSPL-2023-3446-E | C326: 45070 | D326: 45070 | E326: 2 | F326: ATENDIDO | G326: Yajaira Katherine Lozada Bravo | H326: DIRECCIÓN REGIONAL DEL TRABAJO Y SERVICIO PÚBLICO DE LOJA | I326: Yajaira Katherine Lozada Bravo | J326: 45071.541 | K326: 45071.541 | L326: 1 | M326: MDT-DRTSPL-2023-4557-O | N326: LOJA | O326: Yhelenna Angélica Loján Armijos | P326: USUARIO EXTERNO | Q326: =IF(L326>15,"FUERA DE TIEMPO","DENTRO DEL TIEMPO") -> DENTRO DEL TIEMPO
A327: 322 | B327: MDT-DRTSPL-2023-3448-E | C327: 45070 | D327: 45070 | E327: 0 | F327: REASIGNADO | G327: Wilmer Ricardo Vallejos Cazar | H327: DIRECCIÓN REGIONAL DEL TRABAJO Y SERVICIO PÚBLICO DE LOJA | I327: Wilmer Ricardo Vallejos Cazar | J327: 45083 | K327: 45083 | L327: 1 | M327: MDT-DRTSPQ-2023-5648-M / MDT-DRTSPQ-2023-7029-O | N327: LOJA | O327: Roberto Alcivar Quizhpe Correa | P327: USUARIO EXTERNO | Q327: =IF(L327>15,"FUERA DE TIEMPO","DENTRO DEL TIEMPO") -> DENTRO DEL TIEMPO
A328: 323 | B328: MDT-DRTSPL-2023-3449-E | C328: 45070 | D328: 45070 | E328: 2 | F328: ATENDIDO | G328: Yajaira Katherine Lozada Bravo | H328: DIRECCIÓN REGIONAL DEL TRABAJO Y SERVICIO PÚBLICO DE LOJA | I328: Yajaira Katherine Lozada Bravo | J328: 45071.603 | K328: 45071.603 | L328: 1 | M328: MDT-DRTSPL-2023-4561-O | N328: LOJA | O328: Manuel Alejandro González Zhinin | P328: USUARIO EXTERNO | Q328: =IF(L328>15,"FUERA DE TIEMPO","DENTRO DEL TIEMPO") -> DENTRO DEL TIEMPO
A329: 324 | B329: MDT-DRTSPL-2023-3452-E | C329: 45070 | D329: 45070 | E329: 2 | F329: ATENDIDO | G329: Yajaira Katherine Lozada Bravo | H329: DIRECCIÓN REGIONAL DEL TRABAJO Y SERVICIO PÚBLICO DE LOJA | I329: Yajaira Katherine Lozada Bravo | J329: 45071.674 | K329: 45071.674 | L329: 0 | M329: MDT-DRTSPL-2023-4567-O | N329: LOJA | O329: Monica Rocio Juncay Guanuche | P329: USUARIO EXTERNO | Q329: =IF(L329>15,"FUERA DE TIEMPO","DENTRO DEL TIEMPO") -> DENTRO DEL TIEMPO
A330: 325 | B330: MDT-DRTSPL-2023-3453-E | C330: 45070 | D330: 45070 | E330: 2 | F330: ATENDIDO | G330: Yajaira Katherine Lozada Bravo | H330: DIRECCIÓN REGIONAL DEL TRABAJO Y SERVICIO PÚBLICO DE LOJA | I330: Yajaira Katherine Lozada Bravo | J330: 45075.361 | K330: 45075.361 | L330: 0 | M330: MDT-DRTSPL-2023-4569-O | N330: LOJA | O330: Tatiana Elizabeth Zeas Sarango | P330: USUARIO EXTERNO | Q330: =IF(L330>15,"FUERA DE TIEMPO","DENTRO DEL TIEMPO") -> DENTRO DEL TIEMPO
A331: 326 | B331: MDT-DRTSPL-2023-3456-E | C331: 45070 | D331: 45070 | E331: 2 | F331: ATENDIDO | G331: Yajaira Katherine Lozada Bravo | H331: DIRECCIÓN REGIONAL DEL TRABAJO Y SERVICIO PÚBLICO DE LOJA | I331: Yajaira Katherine Lozada Bravo | J331: 45075.399 | K331: 45075.399 | L331: 5 | M331: MDT-DRTSPL-2023-4570-O | N331: LOJA | O331: Rolando Humberto Rios León | P331: USUARIO EXTERNO | Q331: =IF(L331>15,"FUERA DE TIEMPO","DENTRO DEL TIEMPO") -> DENTRO DEL TIEMPO
A332: 327 | B332: MDT-DRTSPL-2023-3458-E | C332: 45070 | D332: 45070 | E332: 24 | F332: ATENDIDO | G332: Mayté Del Cisne Elizalde Vivanco | H332: DIRECCIÓN REGIONAL DEL TRABAJO Y SERVICIO PÚBLICO DE LOJA | I332: Mayté Del Cisne Elizalde Vivanco | J332: 45076.459 | K332: 45076.459 | L332: 0 | M332: MDT-DRTSPL-2023-4607-O | N332: LOJA | O332: Jose Luis Medina Poma | P332: USUARIO EXTERNO | Q332: =IF(L332>15,"FUERA DE TIEMPO","DENTRO DEL TIEMPO") -> DENTRO DEL TIEMPO
A333: 328 | B333: MDT-DRTSPL-2023-3460-E | C333: 45070 | D333: 45070 | E333: 2 | F333: ATENDIDO | G333: Yajaira Katherine Lozada Bravo | H333: DIRECCIÓN REGIONAL DEL TRABAJO Y SERVICIO PÚBLICO DE LOJA | I333: Yajaira Katherine Lozada Bravo | J333: 45075.409 | K333: 45075.409 | L333: 0 | M333: MDT-DRTSPL-2023-4572-O | N333: LOJA | O333: Victor Hugo Pauta Quizhpe | P333: USUARIO EXTERNO | Q333: =IF(L333>15,"FUERA DE TIEMPO","DENTRO DEL TIEMPO") -> DENTRO DEL TIEMPO
A334: 329 | B334: MDT-DRTSPL-2023-3464-E | C334: 45071 | D334: 45071 | E334: 2 | F334: ATENDIDO | G334: Yajaira Katherine Lozada Bravo | H334: DIRECCIÓN REGIONAL DEL TRABAJO Y SERVICIO PÚBLICO DE LOJA | I334: Yajaira Katherine Lozada Bravo | J334: 45075.45 | K334: 45075.45 | L334: 0 | M334: MDT-DRTSPL-2023-4578-O | N334: LOJA | O334: Milton Filiberto Alvarado Alvarado | P334: USUARIO EXTERNO | Q334: =IF(L334>15,"FUERA DE TIEMPO","DENTRO DEL TIEMPO") -> DENTRO DEL TIEMPO
A335: 330 | B335: MDT-DRTSPL-2023-3465-E | C335: 45071 | D335: 45071 | E335: 2 | F335: ATENDIDO | G335: Yajaira Katherine Lozada Bravo | H335: DIRECCIÓN REGIONAL DEL TRABAJO Y SERVICIO PÚBLICO DE LOJA | I335: Yajaira Katherine Lozada Bravo | J335: 45075.454 | K335: 45075.454 | L335: 0 | M335: MDT-DRTSPL-2023-4579-O | N335: LOJA | O335: Gina Natalia Muñoz Borrero | P335: USUARIO EXTERNO | Q335: =IF(L335>15,"FUERA DE TIEMPO","DENTRO DEL TIEMPO") -> DENTRO DEL TIEMPO
A336: 331 | B336: MDT-DRTSPL-2023-3467-E | C336: 45071 | D336: 45075 | E336: 61 | F336: ATENDIDO | G336: Mayté Del Cisne Elizalde Vivanco | H336: DIRECCIÓN REGIONAL DEL TRABAJO Y SERVICIO PÚBLICO DE LOJA | I336: Mayté Del Cisne Elizalde Vivanco | J336: 45086 | K336: 45086 | L336: 0 | M336: MDT-DRTSPL-2023-4826-O | N336: LOJA | O336: Juan Ignacio Medina Lozano | P336: USUARIO EXTERNO | Q336: =IF(L336>15,"FUERA DE TIEMPO","DENTRO DEL TIEMPO") -> DENTRO DEL TIEMPO
... A354: 349 | B354: MDT-DRTSPL-2023-3506-E | C354: 45075 | D354: 45075 | E354: 22 | F354: ATENDIDO | G354: Mayté Del Cisne Elizalde Vivanco | H354: DIRECCIÓN REGIONAL DEL TRABAJO Y SERVICIO PÚBLICO DE LOJA | I354: Mayté Del Cisne Elizalde Vivanco | J354: 45075.653 | K354: 45075.653 | L354: 0 | M354: MDT-DRTSPL-2023-4594-O | N354: LOJA | O354: Wilman Alberto Elizalde Sánchez | P354: USUARIO EXTERNO | Q354: =IF(L354>15,"FUERA DE TIEMPO","DENTRO DEL TIEMPO") -> DENTRO DEL TIEMPO
A355: 350 | B355: MDT-DRTSPL-2023-3507-E | C355: 45075 | D355: 45075 | E355: 2 | F355: ATENDIDO | G355: Yajaira Katherine Lozada Bravo | H355: DIRECCIÓN REGIONAL DEL TRABAJO Y SERVICIO PÚBLICO DE LOJA | I355: Yajaira Katherine Lozada Bravo | J355: 45076.382 | K355: 45076.382 | L355: =+NETWORKDAYS(D355,K355,$R$6:$R$405)-1 -> 1 | M355: MDT-DRTSPL-2023-4603-O | N355: LOJA | O355: Manuel Alejandro González Zhinin | P355: USUARIO EXTERNO | Q355: =IF(L355>15,"FUERA DE TIEMPO","DENTRO DEL TIEMPO") -> DENTRO DEL TIEMPO
A356: 351 | B356: MDT-DRTSPL-2023-3509-E | C356: 45075 | D356: 45075 | E356: 742 | F356: ATENDIDO | G356: Mayté Del Cisne Elizalde Vivanco | H356: DIRECCIÓN REGIONAL DEL TRABAJO Y SERVICIO PÚBLICO DE LOJA | I356: Mayté Del Cisne Elizalde Vivanco | J356: 45078.339 | K356: 45078.339 | L356: =+NETWORKDAYS(D356,K356,$R$6:$R$405)-1 -> 3 | M356: MDT-DRTSPL-2023-4646-O | N356: LOJA | O356: José Luis Castro Ochoa | P356: USUARIO EXTERNO | Q356: =IF(L356>15,"FUERA DE TIEMPO","DENTRO DEL TIEMPO") -> DENTRO DEL TIEMPO
A357: 352 | B357: MDT-DRTSPL-2023-3511-E | C357: 45075 | D357: 45075 | E357: 2 | F357: ATENDIDO | G357: Yajaira Katherine Lozada Bravo | H357: DIRECCIÓN REGIONAL DEL TRABAJO Y SERVICIO PÚBLICO DE LOJA | I357: Yajaira Katherine Lozada Bravo | J357: 45076.394 | K357: 45076.394 | L357: =+NETWORKDAYS(D357,K357,$R$6:$R$405)-1 -> 1 | M357: MDT-DRTSPL-2023-4604-O | N357: LOJA | O357: María Isabel Espinosa Ortega | P357: USUARIO EXTERNO | Q357: =IF(L357>15,"FUERA DE TIEMPO","DENTRO DEL TIEMPO") -> DENTRO DEL TIEMPO
A358: 353 | B358: MDT-DRTSPL-2023-3517-E | C358: 45075 | D358: 45075 | E358: 2 | F358: ATENDIDO | G358: Yajaira Katherine Lozada Bravo | H358: DIRECCIÓN REGIONAL DEL TRABAJO Y SERVICIO PÚBLICO DE LOJA | I358: Yajaira Katherine Lozada Bravo | J358: 45076.438 | K358: 45076.438 | L358: =+NETWORKDAYS(D358,K358,$R$6:$R$405)-1 -> 1 | M358: MDT-DRTSPL-2023-4605-O | N358: LOJA | O358: Wilson Carlos Rios Encalada | P358: USUARIO EXTERNO | Q358: =IF(L358>15,"FUERA DE TIEMPO","DENTRO DEL TIEMPO") -> DENTRO DEL TIEMPO
A359: 354 | B359: MDT-DRTSPL-2023-3519-E | C359: 45076 | D359: 45076 | E359: 2 | F359: ATENDIDO | G359: Yajaira Katherine Lozada Bravo | H359: DIRECCIÓN REGIONAL DEL TRABAJO Y SERVICIO PÚBLICO DE LOJA | I359: Yajaira Katherine Lozada Bravo | J359: 45076.599 | K359: 45076.599 | L359: =+NETWORKDAYS(D359,K359,$R$6:$R$405)-1 -> 0 | M359: MDT-DRTSPL-2023-4617-O | N359: LOJA | O359: Victor Hugo Sarmiento Garzón. | P359: USUARIO EXTERNO | Q359: =IF(L359>15,"FUERA DE TIEMPO","DENTRO DEL TIEMPO") -> DENTRO DEL TIEMPO
A360: 355 | B360: MDT-DRTSPL-2023-3520-E | C360: 45076 | D360: 45076 | E360: 2 | F360: ATENDIDO | G360: Yajaira Katherine Lozada Bravo | H360: DIRECCIÓN REGIONAL DEL TRABAJO Y SERVICIO PÚBLICO DE LOJA | I360: Yajaira Katherine Lozada Bravo | J360: 45076.62 | K360: 45076.62 | L360: =+NETWORKDAYS(D360,K360,$R$6:$R$405)-1 -> 0 | M360: MDT-DRTSPL-2023-4618-O | N360: LOJA | O360: Victor Hugo Sarmiento Garzón. | P360: USUARIO EXTERNO | Q360: =IF(L360>15,"FUERA DE TIEMPO","DENTRO DEL TIEMPO") -> DENTRO DEL TIEMPO
A361: 356 | B361: MDT-DRTSPL-2023-3521-E | C361: 45076 | D361: 45076 | E361: 2 | F361: ATENDIDO | G361: Yajaira Katherine Lozada Bravo | H361: DIRECCIÓN REGIONAL DEL TRABAJO Y SERVICIO PÚBLICO DE LOJA | I361: Yajaira Katherine Lozada Bravo | J361: 45077.384 | K361: 45077.384 | L361: =+NETWORKDAYS(D361,K361,$R$6:$R$405)-1 -> 1 | M361: MDT-DRTSPL-2023-4624-O | N361: LOJA | O361: Pablo Vicente Jaramillo Luzuriaga | P361: USUARIO EXTERNO | Q361: =IF(L361>15,"FUERA DE TIEMPO","DENTRO DEL TIEMPO") -> DENTRO DEL TIEMPO
A362: 357 | B362: MDT-DRTSPL-2023-3522-E | C362: 45076 | D362: 45076 | E362: 168 | F362: ATENDIDO | G362: Mayté Del Cisne Elizalde Vivanco | H362: DIRECCIÓN REGIONAL DEL TRABAJO Y SERVICIO PÚBLICO DE LOJA | I362: Mayté Del Cisne Elizalde Vivanco | J362: 45076.683 | K362: 45076.683 | L362: =+NETWORKDAYS(D362,K362,$R$6:$R$405)-1 -> 0 | M362: MDT-DRTSPL-2023-4621-O | N362: LOJA | O362: Ramiro Roberto Arévalo Álvarez | P362: USUARIO EXTERNO | Q362: =IF(L362>15,"FUERA DE TIEMPO","DENTRO DEL TIEMPO") -> DENTRO DEL TIEMPO
A363: 358 | B363: MDT-DRTSPL-2023-3525-E | C363: 45076 | D363: 45076 | E363: 2 | F363: ATENDIDO | G363: Yajaira Katherine Lozada Bravo | H363: DIRECCIÓN REGIONAL DEL TRABAJO Y SERVICIO PÚBLICO DE LOJA | I363: Yajaira Katherine Lozada Bravo | J363: 45077.354 | K363: 45077.354 | L363: =+NETWORKDAYS(D363,K363,$R$6:$R$405)-1 -> 1 | M363: MDT-DRTSPL-2023-4622-O | N363: LOJA | O363: Stalin Shonatan Sarmiento Sanmartín | P363: USUARIO EXTERNO | Q363: =IF(L363>15,"FUERA DE TIEMPO","DENTRO DEL TIEMPO") -> DENTRO DEL TIEMPO
A364: 359 | B364: MDT-DRTSPL-2023-3527-E | C364: 45076 | D364: 45076 | E364: 2 | F364: ATENDIDO | G364: Yajaira Katherine Lozada Bravo | H364: DIRECCIÓN REGIONAL DEL TRABAJO Y SERVICIO PÚBLICO DE LOJA | I364: Yajaira Katherine Lozada Bravo | J364: 45077.4 | K364: 45077.4 | L364: =+NETWORKDAYS(D364,K364,$R$6:$R$405)-1 -> 1 | M364: MDT-DRTSPL-2023-4625-O | N364: LOJA | O364: Camilo Sebastian Mora Toro | P364: USUARIO EXTERNO | Q364: =IF(L364>15,"FUERA DE TIEMPO","DENTRO DEL TIEMPO") -> DENTRO DEL TIEMPO
A365: 360 | B365: MDT-DRTSPL-2023-3528-E | C365: 45076 | D365: 45076 | E365: 2 | F365: ATENDIDO | G365: Yajaira Katherine Lozada Bravo | H365: DIRECCIÓN REGIONAL DEL TRABAJO Y SERVICIO PÚBLICO DE LOJA | I365: Yajaira Katherine Lozada Bravo | J365: 45077.363 | K365: 45077.363 | L365: =+NETWORKDAYS(D365,K365,$R$6:$R$405)-1 -> 1 | M365: MDT-DRTSPL-2023-4623-O | N365: LOJA | O365: Miguel Enrique Luna Bravo | P365: USUARIO EXTERNO | Q365: =IF(L365>15,"FUERA DE TIEMPO","DENTRO DEL TIEMPO") -> DENTRO DEL TIEMPO
A366: 361 | B366: MDT-DRTSPL-2023-3529-E | C366: 45076 | D366: 45076 | E366: 6188 | F366: ATENDIDO | G366: Mayté Del Cisne Elizalde Vivanco | H366: DIRECCIÓN REGIONAL DEL TRABAJO Y SERVICIO PÚBLICO DE LOJA | I366: Mayté Del Cisne Elizalde Vivanco | J366: 45084 | K366: 45084 | L366: =+NETWORKDAYS(D366,K366,$R$6:$R$405)-1 -> 6 | M366: MDT-DRTSPL-2023-4768-O | N366: LOJA | O366: Fabricio Fernando González Rivera | P366: USUARIO EXTERNO | Q366: =IF(L366>15,"FUERA DE TIEMPO","DENTRO DEL TIEMPO") -> DENTRO DEL TIEMPO
... A498: 493 | B498: MDT-DPTSPOM-2023-2224-E | C498: 45071 | D498: 45071 | E498: 13 | F498: ATENDIDO | G498: Gladys Veronica Carballo Zambrano | H498: DELEGACION PROVINCIAL DE TRABAJO Y SERVICIO PÚBLICO DE EL ORO - MACHALA | I498: Gladys Veronica Carballo Zambrano | J498: 45076 | K498: 45076 | L498: =+NETWORKDAYS(D498,K498,$R$6:$R$405)-1 -> 3 | M498: MDT-DPTSPOM-2023-0368-O | N498: MACHALA | O498: USUARIO EXTERNO | P498: enviado quipux correo electronico | Q498: =IF(L498>15,"FUERA DE TIEMPO","DENTRO DEL TIEMPO") -> DENTRO DEL TIEMPO
A499: 494 | B499: MDT-DPTSPOM-2023-1628-E | C499: 45125 | D499: 45071 | E499: =59+154+201 -> 414 | F499: ATENDIDO | G499: Gladys Veronica Carballo Zambrano | H499: DELEGACION PROVINCIAL DE TRABAJO Y SERVICIO PÚBLICO DE EL ORO - MACHALA | I499: Gladys Veronica Carballo Zambrano | J499: 45071 | K499: 45071 | L499: =+NETWORKDAYS(D499,K499,$R$6:$R$405)-1 -> 0 | M499: MDT-DPTSPOM-2023-0344-O | N499: MACHALA | O499: USUARIO EXTERNO | P499: enviado quipux correo electronico | Q499: =IF(L499>15,"FUERA DE TIEMPO","DENTRO DEL TIEMPO") -> DENTRO DEL TIEMPO
A500: 495 | B500: MDT-DPTSPOM-2023-0740-E | C500: 44970 | D500: 45076 | E500: 97 | F500: ATENDIDO | G500: Gladys Veronica Carballo Zambrano | H500: DELEGACION PROVINCIAL DE TRABAJO Y SERVICIO PÚBLICO DE EL ORO - MACHALA | I500: Gladys Veronica Carballo Zambrano | J500: 45076 | K500: 45076 | L500: =+NETWORKDAYS(D500,K500,$R$6:$R$405)-1 -> 0 | M500: MDT-DPTSPOM-2023-0367-O | N500: MACHALA | O500: USUARIO EXTERNO | P500: enviado quipux correo electronico | Q500: =IF(L500>15,"FUERA DE TIEMPO","DENTRO DEL TIEMPO") -> DENTRO DEL TIEMPO
A501: 496 | B501: MDT-DPTSPZCH-2023-0371-E | C501: 45048 | D501: 45049 | E501: 2 | F501: ATENDIDO | G501: Rosa Marlene Rey Curay | H501: DELEGACION PROVINCIAL DE TRABAJO Y SERVICIO PÚBLICO DE EL ZAMORA CHINCHIPE | I501: Rosa Marlene Rey Curay | J501: 45049 | K501: 45049 | L501: =+NETWORKDAYS(D501,K501,$R$6:$R$405)-1 -> 0 | M501: MDT-DPTSPZCH-2023-0126-O | N501: ZAMORA | O501: jumbor@fiiscalia.gob.ec | P501: enviado quipux correo electronico | Q501: =IF(L501>15,"FUERA DE TIEMPO","DENTRO DEL TIEMPO") -> DENTRO DEL TIEMPO
A502: 497 | B502: MDT-DPTSPZCH-2023-0376-E | C502: 45050 | D502: 45050 | E502: 2 | F502: ATENDIDO | G502: Rosa Marlene Rey Curay | H502: DELEGACION PROVINCIAL DE TRABAJO Y SERVICIO PÚBLICO DE EL ZAMORA CHINCHIPE | I502: Rosa Marlene Rey Curay | J502: 45050 | K502: 45050 | L502: =+NETWORKDAYS(D502,K502,$R$6:$R$405)-1 -> 0 | M502: MDT-DPTSPZCH-2023-0127-O | N502: ZAMORA | O502: mluislautaro@yahoo.com | P502: enviado quipux correo electronico | Q502: =IF(L502>15,"FUERA DE TIEMPO","DENTRO DEL TIEMPO") -> DENTRO DEL TIEMPO
A503: 498 | B503: MDT-DPTSPZCH-2023-0377-E | C503: 45050 | D503: 45050 | E503: 2 | F503: ATENDIDO | G503: Rosa Marlene Rey Curay | H503: DELEGACION PROVINCIAL DE TRABAJO Y SERVICIO PÚBLICO DE EL ZAMORA CHINCHIPE | I503: Rosa Marlene Rey Curay | J503: 45050 | K503: 45050 | L503: =+NETWORKDAYS(D503,K503,$R$6:$R$405)-1 -> 0 | M503: MDT-DPTSPZCH-2023-0128-O | N503: ZAMORA | O503: mluislautaro@yahoo.com | P503: enviado quipux correo electronico | Q503: =IF(L503>15,"FUERA DE TIEMPO","DENTRO DEL TIEMPO") -> DENTRO DEL TIEMPO
A504: 499 | B504: MDT-DPTSPZCH-2023-0378-E | C504: 45050 | D504: 45050 | E504: 2 | F504: ATENDIDO | G504: Rosa Marlene Rey Curay | H504: DELEGACION PROVINCIAL DE TRABAJO Y SERVICIO PÚBLICO DE EL ZAMORA CHINCHIPE | I504: Rosa Marlene Rey Curay | J504: 45050 | K504: 45050 | L504: =+NETWORKDAYS(D504,K504,$R$6:$R$405)-1 -> 0 | M504: MDT-DPTSPZCH-2023-0129-O | N504: ZAMORA | O504: mluislautaro@yahoo.com | P504: enviado quipux correo electronico | Q504: =IF(L504>15,"FUERA DE TIEMPO","DENTRO DEL TIEMPO") -> DENTRO DEL TIEMPO
A505: 500 | B505: MDT-DPTSPZCH-2023-0379-E | C505: 45050 | D505: 45050 | E505: 2 | F505: ATENDIDO | G505: Rosa Marlene Rey Curay | H505: DELEGACION PROVINCIAL DE TRABAJO Y SERVICIO PÚBLICO DE EL ZAMORA CHINCHIPE | I505: Rosa Marlene Rey Curay | J505: 45050 | K505: 45050 | L505: =+NETWORKDAYS(D505,K505,$R$6:$R$405)-1 -> 0 | M505: MDT-DPTSPZCH-2023-0130-O | N505: ZAMORA | O505: mluislautaro@yahoo.com | P505: enviado quipux correo electronico | Q505: =IF(L505>15,"FUERA DE TIEMPO","DENTRO DEL TIEMPO") -> DENTRO DEL TIEMPO
A506: 501 | B506: MDT-DPTSPZCH-2023-0385-E | C506: 45050 | D506: 45051 | E506: 2 | F506: ATENDIDO | G506: Rosa Marlene Rey Curay | H506: DELEGACION PROVINCIAL DE TRABAJO Y SERVICIO PÚBLICO DE EL ZAMORA CHINCHIPE | I506: Rosa Marlene Rey Curay | J506: 45051 | K506: 45051 | L506: =+NETWORKDAYS(D506,K506,$R$6:$R$405)-1 -> 0 | M506: MDT-DPTSPZCH-2023-0131-O | N506: ZAMORA | O506: mramon@defensoria.gob.ec | P506: enviado quipux correo electronico | Q506: =IF(L506>15,"FUERA DE TIEMPO","DENTRO DEL TIEMPO") -> DENTRO DEL TIEMPO
A507: 502 | B507: MDT-DPTSPZCH-2023-0391-E | C507: 45055 | D507: 45055 | E507: 2 | F507: ATENDIDO | G507: Rosa Marlene Rey Curay | H507: DELEGACION PROVINCIAL DE TRABAJO Y SERVICIO PÚBLICO DE EL ZAMORA CHINCHIPE | I507: Rosa Marlene Rey Curay | J507: 45055 | K507: 45055 | L507: =+NETWORKDAYS(D507,K507,$R$6:$R$405)-1 -> 0 | M507: MDT-DPTSPZCH-2023-0132-O | N507: ZAMORA | O507: oberth1987@gmail.com | P507: enviado quipux correo electronico | Q507: =IF(L507>15,"FUERA DE TIEMPO","DENTRO DEL TIEMPO") -> DENTRO DEL TIEMPO
A508: 503 | B508: MDT-DPTSPZCH-2023-0401-E | C508: 45056 | D508: 45056 | E508: 2 | F508: ATENDIDO | G508: Rosa Marlene Rey Curay | H508: DELEGACION PROVINCIAL DE TRABAJO Y SERVICIO PÚBLICO DE EL ZAMORA CHINCHIPE | I508: Rosa Marlene Rey Curay | J508: 45056 | K508: 45056 | L508: =+NETWORKDAYS(D508,K508,$R$6:$R$405)-1 -> 0 | M508: MDT-DPTSPZCH-2023-0133-O | N508: ZAMORA | O508: curaponce676@gmail.com | P508: enviado quipux correo electronico | Q508: =IF(L508>15,"FUERA DE TIEMPO","DENTRO DEL TIEMPO") -> DENTRO DEL TIEMPO
A509: 504 | B509: MDT-DPTSPZCH-2023-0388-E | C509: 45054 | D509: 45056 | E509: 37 | F509: ATENDIDO | G509: Jhomaira Liseth Gonsalez Angulo | H509: DELEGACION PROVINCIAL DE TRABAJO Y SERVICIO PÚBLICO DE EL ZAMORA CHINCHIPE | I509: Jhomaira Liseth Gonsalez Angulo | J509: 45056 | K509: 45056 | L509: =+NETWORKDAYS(D509,K509,$R$6:$R$405)-1 -> 0 | M509: MDT-DPTSPZCH-2023-0134-O | N509: ZAMORA | O509: n/a | P509: enviado quipux correo electronico | Q509: =IF(L509>15,"FUERA DE TIEMPO","DENTRO DEL TIEMPO") -> DENTRO DEL TIEMPO
A510: 505 | B510: MDT-DPTSPZCH-2023-0403-E | C510: 45056 | D510: 45057 | E510: 2 | F510: ATENDIDO | G510: Rosa Marlene Rey Curay | H510: DELEGACION PROVINCIAL DE TRABAJO Y SERVICIO PÚBLICO DE EL ZAMORA CHINCHIPE | I510: Rosa Marlene Rey Curay | J510: 45057 | K510: 45057 | L510: =+NETWORKDAYS(D510,K510,$R$6:$R$405)-1 -> 0 | M510: MDT-DPTSPZCH-2023-0135-O | N510: ZAMORA | O510: www.funcionjudicial.gob.ec | P510: enviado quipux correo electronico | Q510: =IF(L510>15,"FUERA DE TIEMPO","DENTRO DEL TIEMPO") -> DENTRO DEL TIEMPO
A511: 506 | B511: MDT-DPTSPZCH-2023-0412-E | C511: 45061 | D511: 45061 | E511: 2 | F511: ATENDIDO | G511: Rosa Marlene Rey Curay | H511: DELEGACION PROVINCIAL DE TRABAJO Y SERVICIO PÚBLICO DE EL ZAMORA CHINCHIPE | I511: Rosa Marlene Rey Curay | J511: 45061 | K511: 45061 | L511: =+NETWORKDAYS(D511,K511,$R$6:$R$405)-1 -> 0 | M511: MDT-DPTSPZCH-2023-0136-O | N511: ZAMORA | O511: zunigas@fiscalia.gob.ec | P511: enviado quipux correo electronico | Q511: =IF(L511>15,"FUERA DE TIEMPO","DENTRO DEL TIEMPO") -> DENTRO DEL TIEMPO
... A517: 512 | B517: MDT-DPTSPZCH-2023-0429-E | C517: 45064 | D517: 45064 | E517: 2 | F517: ATENDIDO | G517: Rosa Marlene Rey Curay | H517: DELEGACION PROVINCIAL DE TRABAJO Y SERVICIO PÚBLICO DE EL ZAMORA CHINCHIPE | I517: Rosa Marlene Rey Curay | J517: 45064 | K517: 45064 | L517: =+NETWORKDAYS(D517,K517,$R$6:$R$405)-1 -> 0 | M517: MDT-DPTSPZCH-2023-0142-O | N517: ZAMORA | O517: jumbor@fiscalia.gob.ec; morlesl@fiscalia.gob.ec | P517: enviado quipux correo electronico | Q517: =IF(L517>15,"FUERA DE TIEMPO","DENTRO DEL TIEMPO") -> DENTRO DEL TIEMPO
A518: 513 | B518: MDT-DPTSPZCH-2023-0400-E | C518: 10/15/2023 | D518: 45064 | E518: 5 | F518: ATENDIDO | G518: Jhomaira Liseth Gonsalez Angulo | H518: DELEGACION PROVINCIAL DE TRABAJO Y SERVICIO PÚBLICO DE EL ZAMORA CHINCHIPE | I518: Jhomaira Liseth Gonsalez Angulo | J518: 45064 | K518: 45064 | L518: =+NETWORKDAYS(D518,K518,$R$6:$R$405)-1 -> 0 | M518: MDT-DPTSPZCH-2023-0143-O | N518: ZAMORA | O518: Entrega personal | P518: enviado quipux correo electronico | Q518: =IF(L518>15,"FUERA DE TIEMPO","DENTRO DEL TIEMPO") -> DENTRO DEL TIEMPO
A519: 514 | B519: MDT-DPTSPZCH-2023-0435-E | C519: 45068 | D519: 45068 | E519: 2 | F519: ATENDIDO | G519: Rosa Marlene Rey Curay | H519: DELEGACION PROVINCIAL DE TRABAJO Y SERVICIO PÚBLICO DE EL ZAMORA CHINCHIPE | I519: Rosa Marlene Rey Curay | J519: 45068 | K519: 45068 | L519: =+NETWORKDAYS(D519,K519,$R$6:$R$405)-1 -> 0 | M519: MDT-DPTSPZCH-2023-0144-O | N519: ZAMORA | O519: davidquezadac19@gmail.com | P519: enviado quipux correo electronico | Q519: =IF(L519>15,"FUERA DE TIEMPO","DENTRO DEL TIEMPO") -> DENTRO DEL TIEMPO
A520: 515 | B520: MDT-DPTSPZCH-2023-0436-E | C520: 225/2023 | D520: 45068 | E520: 2 | F520: ATENDIDO | G520: Rosa Marlene Rey Curay | H520: DELEGACION PROVINCIAL DE TRABAJO Y SERVICIO PÚBLICO DE EL ZAMORA CHINCHIPE | I520: Rosa Marlene Rey Curay | J520: 45068 | K520: 45068 | L520: =+NETWORKDAYS(D520,K520,$R$6:$R$405)-1 -> 0 | M520: MDT-DPTSPZCH-2023-0145-O | N520: ZAMORA | O520: carlosaquizhpe02@gmail.com | P520: enviado quipux correo electronico | Q520: =IF(L520>15,"FUERA DE TIEMPO","DENTRO DEL TIEMPO") -> DENTRO DEL TIEMPO
A521: 516 | B521: MDT-DPTSPZCH-2023-0440-E | C521: 45069 | D521: 45070 | E521: 2 | F521: ATENDIDO | G521: Rosa Marlene Rey Curay | H521: DELEGACION PROVINCIAL DE TRABAJO Y SERVICIO PÚBLICO DE EL ZAMORA CHINCHIPE | I521: Rosa Marlene Rey Curay | J521: 45070 | K521: 45070 | L521: =+NETWORKDAYS(D521,K521,$R$6:$R$405)-1 -> 0 | M521: MDT-DPTSPZCH-2023-0146-O | N521: ZAMORA | O521: vargasbm@fiscalia.gob.ec | P521: enviado quipux correo electronico | Q521: =IF(L521>15,"FUERA DE TIEMPO","DENTRO DEL TIEMPO") -> DENTRO DEL TIEMPO
A522: 517 | B522: MDT-DPTSPZCH-2023-0445-E | C522: 45070 | D522: 45070 | E522: 2 | F522: ATENDIDO | G522: Rosa Marlene Rey Curay | H522: DELEGACION PROVINCIAL DE TRABAJO Y SERVICIO PÚBLICO DE EL ZAMORA CHINCHIPE | I522: Rosa Marlene Rey Curay | J522: 45070 | K522: 45070 | L522: =+NETWORKDAYS(D522,K522,$R$6:$R$405)-1 -> 0 | M522: MDT-DPTSPZCH-2023-0147-O | N522: ZAMORA | O522: carlosaquizhpe02@gmail.com | P522: enviado quipux correo electronico | Q522: =IF(L522>15,"FUERA DE TIEMPO","DENTRO DEL TIEMPO") -> DENTRO DEL TIEMPO
A523: 518 | B523: MDT-DPTSPZCH-2023-0446-E | C523: 45070 | D523: 45070 | E523: 2 | F523: ATENDIDO | G523: Rosa Marlene Rey Curay | H523: DELEGACION PROVINCIAL DE TRABAJO Y SERVICIO PÚBLICO DE EL ZAMORA CHINCHIPE | I523: Rosa Marlene Rey Curay | J523: 45041 | K523: 45041 | L523: =+NETWORKDAYS(D523,K523,$R$6:$R$405)-1 -> -23 | M523: MDT-DPTSPZCH-2023-0148-O | N523: ZAMORA | O523: pichinarabe@hotmail.com | P523: enviado quipux correo electronico | Q523: =IF(L523>15,"FUERA DE TIEMPO","DENTRO DEL TIEMPO") -> DENTRO DEL TIEMPO
A524: 519 | B524: MDT-DPTSPZCH-2023-0447-E | C524: 45070 | D524: 45070 | E524: 2 | F524: ATENDIDO | G524: Rosa Marlene Rey Curay | H524: DELEGACION PROVINCIAL DE TRABAJO Y SERVICIO PÚBLICO DE EL ZAMORA CHINCHIPE | I524: Rosa Marlene Rey Curay | J524: 45071 | K524: 45071 | L524: =+NETWORKDAYS(D524,K524,$R$6:$R$405)-1 -> 1 | M524: MDT-DPTSPZCH-2023-0149-O | N524: ZAMORA | O524: oberthr1987@gmail.com | P524: enviado quipux correo electronico | Q524: =IF(L524>15,"FUERA DE TIEMPO","DENTRO DEL TIEMPO") -> DENTRO DEL TIEMPO
A525: 520 | B525: MDT-DPTSPZCH-2023-0453-E | C525: 45075 | D525: 45075 | E525: 2 | F525: ATENDIDO | G525: Rosa Marlene Rey Curay | H525: DELEGACION PROVINCIAL DE TRABAJO Y SERVICIO PÚBLICO DE EL ZAMORA CHINCHIPE | I525: Rosa Marlene Rey Curay | J525: 45075 | K525: 45075 | L525: =+NETWORKDAYS(D525,K525,$R$6:$R$405)-1 -> 0 | M525: MDT-DPTSPZCH-2023-0150-O | N525: ZAMORA | O525: jumbor@fiscalia.gob.ec | P525: enviado quipux correo electronico | Q525: =IF(L525>15,"FUERA DE TIEMPO","DENTRO DEL TIEMPO") -> DENTRO DEL TIEMPO
A526: 521 | B526: MDT-DPTSPZCH-2023-0457-E | C526: 45075 | D526: 45075 | E526: 2 | F526: ATENDIDO | G526: Rosa Marlene Rey Curay | H526: DELEGACION PROVINCIAL DE TRABAJO Y SERVICIO PÚBLICO DE EL ZAMORA CHINCHIPE | I526: Rosa Marlene Rey Curay | J526: 45075 | K526: 45075 | L526: =+NETWORKDAYS(D526,K526,$R$6:$R$405)-1 -> 0 | M526: MDT-DPTSPZCH-2023-0051-O | N526: ZAMORA | O526: cachitosmarcel@gmail.com | P526: enviado quipux correo electronico | Q526: =IF(L526>15,"FUERA DE TIEMPO","DENTRO DEL TIEMPO") -> DENTRO DEL TIEMPO
A527: 522 | B527: MDT-DPTSPZCH-2023-0464-E | C527: 45076 | D527: 45077 | E527: 2 | F527: ATENDIDO | G527: Rosa Marlene Rey Curay | H527: DELEGACION PROVINCIAL DE TRABAJO Y SERVICIO PÚBLICO DE EL ZAMORA CHINCHIPE | I527: Rosa Marlene Rey Curay | J527: 45077 | K527: 45077 | L527: =+NETWORKDAYS(D527,K527,$R$6:$R$405)-1 -> 0 | M527: MDT-DPTSPZCH-2023-0052-O | N527: ZAMORA | O527: Entrega personal | P527: Entrega personal | Q527: =IF(L527>15,"FUERA DE TIEMPO","DENTRO DEL TIEMPO") -> DENTRO DEL TIEMPO

Sheet JUN2023
A1: MINISTERIO DEL TRABAJO
A2: DIRECCIÓN REGIONAL DE TRABAJO Y SERVICIO PÚBLICO DE LOJA
A3: SOLICITUDES DE CERTIFICACIÓN DE DOCUMENTOS
A5: NÚMERO | B5: No. DE EXTERNO | C5: FECHA DE INGRESO AL MDT | D5: FECHA DE INGRESO A LA DSG | E5: CANTIDAD DE FOJAS DESPACHADAS | F5: ESTADO | G5: FUNCIONARIO ACTUAL | H5: DIRECCIÓN O UNIDAD | I5: TECN. CETIFI RESPONSABLE | J5: FECHA RESOLUCIÓN | K5: FECHA DE NOTIFICACIÓN | L5: TIEMPO DE RESPUESTA HASTA LA NOTIFICACIÓN | M5: NUMERO DE OFICIO DE RESPUESTA | N5: CUIDAD A LA QUE SE DEBE ENVIAR LA RESPUESTA | O5: NOTIFICADO / O ENTREGADO A: | P5: NUMERO DE GUÍA O CÉDULA | Q5: CUMPLE EN EL PLAZO ESTABLECIDO | R5: FERIADO
A6: 1 | B6: MDT-DRTSPL-2023-3608-E | C6: 45078 | D6: 45078 | E6: 2 | F6: ATENDIDO | G6: Yajaira Katherine Lozada Bravo (MDT) | H6: DIRECCIÓN REGIONAL DEL TRABAJO Y SERVICIO PÚBLICO DE LOJA | I6: Yajaira Katherine Lozada Bravo (MDT) | J6: 45082.552 | K6: 45082.552 | L6: =+NETWORKDAYS(D6,K6,$R$6:$R$405)-1 -> 2 | M6: MDT-DRTSPL-2023-4724-O | N6: LOJA | O6: Flavio Geovanny Bravo Luzuriaga | P6: NOTIFICADO POR CORREO | Q6: =IF(L6>15,"FUERA DE TIEMPO","DENTRO DEL TIEMPO") -> DENTRO DEL TIEMPO
A7: 2 | B7: MDT-DRTSPL-2023-3611-E | C7: 45078 | D7: 45078 | E7: 2 | F7: ATENDIDO | G7: Yajaira Katherine Lozada Bravo (MDT) | H7: DIRECCIÓN REGIONAL DEL TRABAJO Y SERVICIO PÚBLICO DE LOJA | I7: Yajaira Katherine Lozada Bravo (MDT) | J7: 45082.56 | K7: 45082.56 | L7: =+NETWORKDAYS(D7,K7,$R$6:$R$405)-1 -> 2 | M7: MDT-DRTSPL-2023-4725-O | N7: LOJA | O7: Blanca Georgina Mendoza Guzman | P7: NOTIFICADO POR CORREO | Q7: =IF(L7>15,"FUERA DE TIEMPO","DENTRO DEL TIEMPO") -> DENTRO DEL TIEMPO
A8: 3 | B8: MDT-DRTSPL-2023-3612-E | C8: 45078 | D8: 45078 | E8: 2 | F8: ATENDIDO | G8: Yajaira Katherine Lozada Bravo (MDT) | H8: DIRECCIÓN REGIONAL DEL TRABAJO Y SERVICIO PÚBLICO DE LOJA | I8: Yajaira Katherine Lozada Bravo (MDT) | J8: 45083.346 | K8: 45083.346 | L8: =+NETWORKDAYS(D8,K8,$R$6:$R$405)-1 -> 3 | M8: MDT-DRTSPL-2023-4732-O | N8: LOJA | O8: Luis Felipe Cuenca Jimenez | P8: NOTIFICADO POR CORREO | Q8: =IF(L8>15,"FUERA DE TIEMPO","DENTRO DEL TIEMPO") -> DENTRO DEL TIEMPO
A9: 4 | B9: MDT-DRTSPL-2023-3613-E | C9: 45078 | D9: 45078 | E9: 2 | F9: ATENDIDO | G9: Yajaira Katherine Lozada Bravo (MDT) | H9: DIRECCIÓN REGIONAL DEL TRABAJO Y SERVICIO PÚBLICO DE LOJA | I9: Yajaira Katherine Lozada Bravo (MDT) | J9: 45083.366 | K9: 45083.366 | L9: =+NETWORKDAYS(D9,K9,$R$6:$R$405)-1 -> 3 | M9: MDT-DRTSPL-2023-4733-O | N9: LOJA | O9: Edgar Alcivar Reinosa Rey | P9: NOTIFICADO POR CORREO | Q9: =IF(L9>15,"FUERA DE TIEMPO","DENTRO DEL TIEMPO") -> DENTRO DEL TIEMPO
A10: 5 | B10: MDT-DRTSPL-2023-3614-E | C10: 45078 | D10: 45078 | E10: 2 | F10: ATENDIDO | G10: Mayté Del Cisne Elizalde Vivanco (MDT) | H10: DIRECCIÓN REGIONAL DEL TRABAJO Y SERVICIO PÚBLICO DE LOJA | I10: Mayté Del Cisne Elizalde Vivanco (MDT) | J10: 45082.378 | K10: 45082.378 | L10: =+NETWORKDAYS(D10,K10,$R$6:$R$405)-1 -> 2 | M10: MDT-DRTSPL-2023-4707-O | N10: LOJA | O10: Samira Elizabeth Rodriguez Jaramillo | P10: NOTIFICADO POR CORREO | Q10: =IF(L10>15,"FUERA DE TIEMPO","DENTRO DEL TIEMPO") -> DENTRO DEL TIEMPO
A11: 6 | B11: MDT-DRTSPL-2023-3617-E | C11: 45078 | D11: 45078 | E11: 2 | F11: ATENDIDO | G11: Yajaira Katherine Lozada Bravo (MDT) | H11: DIRECCIÓN REGIONAL DEL TRABAJO Y SERVICIO PÚBLICO DE LOJA | I11: Yajaira Katherine Lozada Bravo (MDT) | J11: 45083.42 | K11: 45083.42 | L11: =+NETWORKDAYS(D11,K11,$R$6:$R$405)-1 -> 3 | M11: MDT-DRTSPL-2023-4736-O | N11: LOJA | O11: Alex Rene Hidalgo Paredes | P11: NOTIFICADO POR CORREO | Q11: =IF(L11>15,"FUERA DE TIEMPO","DENTRO DEL TIEMPO") -> DENTRO DEL TIEMPO
A12: 7 | B12: MDT-DRTSPL-2023-3618-E | C12: 45078 | D12: 45078 | E12: 2 | F12: ATENDIDO | G12: Yajaira Katherine Lozada Bravo (MDT) | H12: DIRECCIÓN REGIONAL DEL TRABAJO Y SERVICIO PÚBLICO DE LOJA | I12: Yajaira Katherine Lozada Bravo (MDT) | J12: 45083.434 | K12: 45083.434 | L12: =+NETWORKDAYS(D12,K12,$R$6:$R$405)-1 -> 3 | M12: MDT-DRTSPL-2023-4737-O | N12: LOJA | O12: Diego Efrain Paladines Córdova | P12: NOTIFICADO POR CORREO | Q12: =IF(L12>15,"FUERA DE TIEMPO","DENTRO DEL TIEMPO") -> DENTRO DEL TIEMPO
A13: 8 | B13: MDT-DRTSPL-2023-3621-E | C13: 45078 | D13: 45078 | E13: 2 | F13: ATENDIDO | G13: Mayté Del Cisne Elizalde Vivanco (MDT) | H13: DIRECCIÓN REGIONAL DEL TRABAJO Y SERVICIO PÚBLICO DE LOJA | I13: Fernando Moisés Ochoa Montero | J13: 45083.624 | K13: 45083.624 | L13: =+NETWORKDAYS(D13,K13,$R$6:$R$405)-1 -> 3 | M13: MDT-DRTSPL-2023-4752-O | N13: LOJA | O13: Mayté Del Cisne Elizalde Vivanco (MDT) | P13: NOTIFICADO POR CORREO | Q13: =IF(L13>15,"FUERA DE TIEMPO","DENTRO DEL TIEMPO") -> DENTRO DEL TIEMPO
A14: 9 | B14: MDT-DRTSPL-2023-3630-E | C14: 45078 | D14: 45078 | E14: 2 | F14: ATENDIDO | G14: Yajaira Katherine Lozada Bravo (MDT) | H14: DIRECCIÓN REGIONAL DEL TRABAJO Y SERVICIO PÚBLICO DE LOJA | I14: Yajaira Katherine Lozada Bravo (MDT) | J14: 45083.445 | K14: 45083.445 | L14: =+NETWORKDAYS(D14,K14,$R$6:$R$405)-1 -> 3 | M14: MDT-DRTSPL-2023-4741-O | N14: LOJA | O14: Marlon Antonio Cuenca Cuenca | P14: NOTIFICADO POR CORREO | Q14: =IF(L14>15,"FUERA DE TIEMPO","DENTRO DEL TIEMPO") -> DENTRO DEL TIEMPO
A15: 10 | B15: MDT-DRTSPL-2023-3632-E | C15: 45078 | D15: 45078 | E15: 2 | F15: ATENDIDO | G15: Yajaira Katherine Lozada Bravo (MDT) | H15: DIRECCIÓN REGIONAL DEL TRABAJO Y SERVICIO PÚBLICO DE LOJA | I15: Yajaira Katherine Lozada Bravo (MDT) | J15: 45083.458 | K15: 45083.458 | L15: =+NETWORKDAYS(D15,K15,$R$6:$R$405)-1 -> 3 | M15: MDT-DRTSPL-2023-4743-O | N15: LOJA | O15: Alex Ricardo Valarezo Veintimilla | P15: NOTIFICADO POR CORREO | Q15: =IF(L15>15,"FUERA DE TIEMPO","DENTRO DEL TIEMPO") -> DENTRO DEL TIEMPO
A16: 11 | B16: MDT-DRTSPL-2023-3635-E | C16: 45079 | D16: 45079 | E16: 2 | F16: ATENDIDO | G16: Yajaira Katherine Lozada Bravo (MDT) | H16: DIRECCIÓN REGIONAL DEL TRABAJO Y SERVICIO PÚBLICO DE LOJA | I16: Yajaira Katherine Lozada Bravo (MDT) | J16: 45083.466 | K16: 45083.466 | L16: =+NETWORKDAYS(D16,K16,$R$6:$R$405)-1 -> 2 | M16: MDT-DRTSPL-2023-4744-O | N16: LOJA | O16: Francisco Leonardo Merino Méndez | P16: NOTIFICADO POR CORREO | Q16: =IF(L16>15,"FUERA DE TIEMPO","DENTRO DEL TIEMPO") -> DENTRO DEL TIEMPO
A17: 12 | B17: MDT-DRTSPL-2023-3636-E | C17: 45079 | D17: 45079 | E17: 2 | F17: ATENDIDO | G17: Yajaira Katherine Lozada Bravo (MDT) | H17: DIRECCIÓN REGIONAL DEL TRABAJO Y SERVICIO PÚBLICO DE LOJA | I17: Yajaira Katherine Lozada Bravo (MDT) | J17: 45083.486 | K17: 45083.486 | L17: =+NETWORKDAYS(D17,K17,$R$6:$R$405)-1 -> 2 | M17: MDT-DRTSPL-2023-4745-O | N17: LOJA | O17: Wilmer Rodolfo Gualan Guiracocha | P17: NOTIFICADO POR CORREO | Q17: =IF(L17>15,"FUERA DE TIEMPO","DENTRO DEL TIEMPO") -> DENTRO DEL TIEMPO
... A324: 319 | B324: MDT-DRTSPL-2023-4285-E | C324: 45106 | D324: 45106 | E324: 2 | F324: ATENDIDO | G324: Yajaira Katherine Lozada Bravo (MDT) | H324: DIRECCIÓN REGIONAL DEL TRABAJO Y SERVICIO PÚBLICO DE LOJA | I324: Yajaira Katherine Lozada Bravo (MDT) | J324: 45107.667 | K324: 45107.667 | L324: =+NETWORKDAYS(D324,K324,$R$6:$R$405)-1 -> 1 | M324: MDT-DRTSPL-2023-5325-O | N324: LOJA | O324: Rommy Nolberto Cuenca Cuenca | P324: NOTIFICADO POR CORREO | Q324: =IF(L324>15,"FUERA DE TIEMPO","DENTRO DEL TIEMPO") -> DENTRO DEL TIEMPO
A325: 320 | B325: MDT-DRTSPL-2023-4286-E | C325: 45106 | D325: 45106 | E325: 2 | F325: ATENDIDO | G325: Mayté Del Cisne Elizalde Vivanco (MDT) | H325: DIRECCIÓN REGIONAL DEL TRABAJO Y SERVICIO PÚBLICO DE LOJA | I325: Mayté Del Cisne Elizalde Vivanco (MDT) | J325: 45107.472 | K325: 45107.472 | L325: 0 | M325: MDT-DRTSPL-2023-5318-O | N325: LOJA | O325: Rommy Nolberto Cuenca Cuenca | P325: NOTIFICADO POR CORREO | Q325: =IF(L325>15,"FUERA DE TIEMPO","DENTRO DEL TIEMPO") -> DENTRO DEL TIEMPO
A326: 321 | B326: MDT-DRTSPL-2023-4287-E | C326: 45106 | D326: 45106 | E326: 2 | F326: ATENDIDO | G326: Yajaira Katherine Lozada Bravo (MDT) | H326: DIRECCIÓN REGIONAL DEL TRABAJO Y SERVICIO PÚBLICO DE LOJA | I326: Yajaira Katherine Lozada Bravo (MDT) | J326: 45107.696 | K326: 45107.696 | L326: 1 | M326: MDT-DRTSPL-2023-5326-O | N326: LOJA | O326: René Fabricio Agila Guamán | P326: NOTIFICADO POR CORREO | Q326: =IF(L326>15,"FUERA DE TIEMPO","DENTRO DEL TIEMPO") -> DENTRO DEL TIEMPO
A327: 322 | B327: MDT-DRTSPL-2023-4288-E | C327: 45106 | D327: 45106 | E327: 2 | F327: ATENDIDO | G327: Yajaira Katherine Lozada Bravo (MDT) | H327: DIRECCIÓN REGIONAL DEL TRABAJO Y SERVICIO PÚBLICO DE LOJA | I327: Yajaira Katherine Lozada Bravo (MDT) | J327: 45110.357 | K327: 45110.357 | L327: 1 | M327: MDT-DRTSPL-2023-5327-O | N327: LOJA | O327: René Fabricio Agila Guamán | P327: NOTIFICADO POR CORREO | Q327: =IF(L327>15,"FUERA DE TIEMPO","DENTRO DEL TIEMPO") -> DENTRO DEL TIEMPO
A328: 323 | B328: MDT-DRTSPL-2023-4290-E | C328: 45106 | D328: 45106 | E328: 2 | F328: ATENDIDO | G328: Yajaira Katherine Lozada Bravo (MDT) | H328: DIRECCIÓN REGIONAL DEL TRABAJO Y SERVICIO PÚBLICO DE LOJA | I328: Yajaira Katherine Lozada Bravo (MDT) | J328: 45110.399 | K328: 45110.399 | L328: 1 | M328: MDT-DRTSPL-2023-5332-O | N328: LOJA | O328: Francisco Favian Torres Torres | P328: NOTIFICADO POR CORREO | Q328: =IF(L328>15,"FUERA DE TIEMPO","DENTRO DEL TIEMPO") -> DENTRO DEL TIEMPO
A329: 324 | B329: MDT-DRTSPL-2023-4291-E | C329: 45106 | D329: 45106 | E329: 58 | F329: ATENDIDO | G329: Mayté Del Cisne Elizalde Vivanco (MDT) | H329: DIRECCIÓN REGIONAL DEL TRABAJO Y SERVICIO PÚBLICO DE LOJA | I329: Mayté Del Cisne Elizalde Vivanco (MDT) | J329: 45110.612 | K329: 45110.612 | L329: 0 | M329: MDT-DRTSPL-2023-5349-O | N329: LOJA | O329: Carlos Oswaldo Delgado Gonzalez | P329: NOTIFICADO POR CORREO | Q329: =IF(L329>15,"FUERA DE TIEMPO","DENTRO DEL TIEMPO") -> DENTRO DEL TIEMPO
A330: 325 | B330: MDT-DRTSPL-2023-4295-E | C330: 45106 | D330: 45106 | E330: 2 | F330: ATENDIDO | G330: Yajaira Katherine Lozada Bravo (MDT) | H330: DIRECCIÓN REGIONAL DEL TRABAJO Y SERVICIO PÚBLICO DE LOJA | I330: Yajaira Katherine Lozada Bravo (MDT) | J330: 45110.427 | K330: 45110.427 | L330: 0 | M330: MDT-DRTSPL-2023-5333-O | N330: LOJA | O330: Marco Antonio Capa Chapa | P330: NOTIFICADO POR CORREO | Q330: =IF(L330>15,"FUERA DE TIEMPO","DENTRO DEL TIEMPO") -> DENTRO DEL TIEMPO
A331: 326 | B331: MDT-DRTSPL-2023-4296-E | C331: 45106 | D331: 45106 | E331: 2 | F331: ATENDIDO | G331: Yajaira Katherine Lozada Bravo (MDT) | H331: DIRECCIÓN REGIONAL DEL TRABAJO Y SERVICIO PÚBLICO DE LOJA | I331: Yajaira Katherine Lozada Bravo (MDT) | J331: 45110.436 | K331: 45110.436 | L331: 5 | M331: MDT-DRTSPL-2023-5334-O | N331: LOJA | O331: David Stalin Faican Gonzalez | P331: NOTIFICADO POR CORREO | Q331: =IF(L331>15,"FUERA DE TIEMPO","DENTRO DEL TIEMPO") -> DENTRO DEL TIEMPO
A332: 327 | B332: MDT-DRTSPL-2023-4297-E | C332: 45106 | D332: 45106 | E332: 2 | F332: ATENDIDO | G332: Mayté Del Cisne Elizalde Vivanco (MDT) | H332: DIRECCIÓN REGIONAL DEL TRABAJO Y SERVICIO PÚBLICO DE LOJA | I332: Mayté Del Cisne Elizalde Vivanco (MDT) | J332: 45111.607 | K332: 45111.607 | L332: 0 | M332: MDT-DRTSPL-2023-5381-O | N332: LOJA | O332: Esperanza Del Cisne Armijos Herrera | P332: NOTIFICADO POR CORREO | Q332: =IF(L332>15,"FUERA DE TIEMPO","DENTRO DEL TIEMPO") -> DENTRO DEL TIEMPO
A333: 328 | B333: MDT-DRTSPL-2023-4298-E | C333: 45106 | D333: 45106 | E333: 2 | F333: ATENDIDO | G333: Yajaira Katherine Lozada Bravo (MDT) | H333: DIRECCIÓN REGIONAL DEL TRABAJO Y SERVICIO PÚBLICO DE LOJA | I333: Yajaira Katherine Lozada Bravo (MDT) | J333: 45110.45 | K333: 45110.45 | L333: 0 | M333: MDT-DRTSPL-2023-5337-O | N333: LOJA | O333: Lucia Elizabeth Gaona Torres | P333: NOTIFICADO POR CORREO | Q333: =IF(L333>15,"FUERA DE TIEMPO","DENTRO DEL TIEMPO") -> DENTRO DEL TIEMPO
A334: 329 | B334: MDT-DRTSPL-2023-4299-E | C334: 45106 | D334: 45106 | E334: 2 | F334: ATENDIDO | G334: Yajaira Katherine Lozada Bravo (MDT) | H334: DIRECCIÓN REGIONAL DEL TRABAJO Y SERVICIO PÚBLICO DE LOJA | I334: Yajaira Katherine Lozada Bravo (MDT) | J334: 45110.461 | K334: 45110.461 | L334: 0 | M334: MDT-DRTSPL-2023-5338-O | N334: LOJA | O334: Luis Robertino Cabrera Ramon | P334: NOTIFICADO POR CORREO | Q334: =IF(L334>15,"FUERA DE TIEMPO","DENTRO DEL TIEMPO") -> DENTRO DEL TIEMPO
A335: 330 | B335: MDT-DRTSPL-2023-4301-E | C335: 45106 | D335: 45106 | E335: 68 | F335: ATENDIDO | G335: Mayté Del Cisne Elizalde Vivanco (MDT) | H335: DIRECCIÓN REGIONAL DEL TRABAJO Y SERVICIO PÚBLICO DE LOJA | I335: Mayté Del Cisne Elizalde Vivanco (MDT) | J335: 45107.488 | K335: 45107.488 | L335: 0 | M335: MDT-DRTSPL-2023-5319-O | N335: LOJA | O335: Andrés Geovanny Loayza Fernandez | P335: NOTIFICADO POR CORREO | Q335: =IF(L335>15,"FUERA DE TIEMPO","DENTRO DEL TIEMPO") -> DENTRO DEL TIEMPO
A336: 331 | B336: MDT-DRTSPL-2023-4303-E | C336: 45106 | D336: 45106 | E336: 2 | F336: ATENDIDO | G336: Yajaira Katherine Lozada Bravo (MDT) | H336: DIRECCIÓN REGIONAL DEL TRABAJO Y SERVICIO PÚBLICO DE LOJA | I336: Yajaira Katherine Lozada Bravo (MDT) | J336: 45110.481 | K336: 45110.481 | L336: 0 | M336: MDT-DRTSPL-2023-5339-O | N336: LOJA | O336: Lina Andrea Luzuriaga Maldonado | P336: NOTIFICADO POR CORREO | Q336: =IF(L336>15,"FUERA DE TIEMPO","DENTRO DEL TIEMPO") -> DENTRO DEL TIEMPO
... A354: 349 | B354: MDT-DPTSPOM-2023-2382-E | C354: 45083 | D354: 45089 | E354: 2 | F354: ATENDIDO | G354: Mayté Del Cisne Elizalde Vivanco | H354: DIRECCIÓN REGIONAL DEL TRABAJO Y SERVICIO PÚBLICO DE LOJA | I354: Mayté Del Cisne Elizalde Vivanco | J354: 45089.511 | K354: 45089.511 | L354: 0 | M354: MDT-DRTSPL-2023-4851-O | N354: MACHALA | O354: Mabel Mireya Armijos Espinoza | P354: NOTIFICADO POR CORREO | Q354: =IF(L354>15,"FUERA DE TIEMPO","DENTRO DEL TIEMPO") -> DENTRO DEL TIEMPO
A355: 350 | B355: MDT-DPTSPOM-2023-2680-E | C355: 45098 | D355: 45100 | E355: 9 | F355: ATENDIDO | G355: Mayté Del Cisne Elizalde Vivanco | H355: DIRECCIÓN REGIONAL DEL TRABAJO Y SERVICIO PÚBLICO DE LOJA | I355: Mayté Del Cisne Elizalde Vivanco | J355: 45103.448 | K355: 45103.448 | L355: =+NETWORKDAYS(D355,K355,$R$6:$R$405)-1 -> 1 | M355: MDT-DRTSPL-2023-5174-O | N355: MACHALA | O355: Leonardo Alvarado Diaz | P355: NOTIFICADO POR CORREO | Q355: =IF(L355>15,"FUERA DE TIEMPO","DENTRO DEL TIEMPO") -> DENTRO DEL TIEMPO
A356: 351 | B356: MDT-DPTSPOM-2023-2694-E | C356: 45099 | D356: 45099 | E356: 12 | F356: ATENDIDO | G356: Mayté Del Cisne Elizalde Vivanco | H356: DIRECCIÓN REGIONAL DEL TRABAJO Y SERVICIO PÚBLICO DE LOJA | I356: Mayté Del Cisne Elizalde Vivanco | J356: 45103.467 | K356: 45103.467 | L356: =+NETWORKDAYS(D356,K356,$R$6:$R$405)-1 -> 2 | M356: MDT-DRTSPL-2023-5177-O | N356: MACHALA | O356: Teodoro Alejandro Pincay Chalen | P356: NOTIFICADO POR CORREO | Q356: =IF(L356>15,"FUERA DE TIEMPO","DENTRO DEL TIEMPO") -> DENTRO DEL TIEMPO
A357: 352 | B357: MDT-DPTSPOM-2023-2714-E | C357: 45099 | D357: 45099 | E357: 2 | F357: ATENDIDO | G357: Mayté Del Cisne Elizalde Vivanco | H357: DIRECCIÓN REGIONAL DEL TRABAJO Y SERVICIO PÚBLICO DE LOJA | I357: Mayté Del Cisne Elizalde Vivanco | J357: 45103.499 | K357: 45103.499 | L357: =+NETWORKDAYS(D357,K357,$R$6:$R$405)-1 -> 2 | M357: MDT-DRTSPL-2023-5182-O | N357: MACHALA | O357: Wilson Javier Toasa Reyes | P357: NOTIFICADO POR CORREO | Q357: =IF(L357>15,"FUERA DE TIEMPO","DENTRO DEL TIEMPO") -> DENTRO DEL TIEMPO
A358: 353 | B358: MDT-DPTSPZCH-2023-0480-E | C358: 45079 | D358: 45079 | E358: 3 | F358: ATENDIDO | G358: Mayté Del Cisne Elizalde Vivanco | H358: DIRECCIÓN REGIONAL DEL TRABAJO Y SERVICIO PÚBLICO DE LOJA | I358: Mayté Del Cisne Elizalde Vivanco | J358: 45089.652 | K358: 45089.652 | L358: =+NETWORKDAYS(D358,K358,$R$6:$R$405)-1 -> 6 | M358: MDT-DRTSPL-2023-4860-O | N358: ZAMORA | O358: Lorena Yadira Luna Jaramillo | P358: NOTIFICADO POR CORREO | Q358: =IF(L358>15,"FUERA DE TIEMPO","DENTRO DEL TIEMPO") -> DENTRO DEL TIEMPO
A359: 354 | B359: MDT-DPTSPZCH-2023-0574-E | C359: 45104 | D359: 45104 | E359: 7 | F359: ATENDIDO | G359: Mayté Del Cisne Elizalde Vivanco | H359: DIRECCIÓN REGIONAL DEL TRABAJO Y SERVICIO PÚBLICO DE LOJA | I359: Mayté Del Cisne Elizalde Vivanco | J359: 45105.371 | K359: 45105.371 | L359: =+NETWORKDAYS(D359,K359,$R$6:$R$405)-1 -> 1 | M359: MDT-DRTSPL-2023-5233-O | N359: ZAMORA | O359: Ana Belén Solano Sánchez | P359: NOTIFICADO POR CORREO | Q359: =IF(L359>15,"FUERA DE TIEMPO","DENTRO DEL TIEMPO") -> DENTRO DEL TIEMPO
A360: 355 | B360: MDT-DPTSPZCH-2023-0482-E | C360: 45082 | D360: 45082 | E360: 2 | F360: ATENDIDO | G360: Rosa Marlene Rey Curay | H360: DELEGACIÓN PROVINCIAL DE TRABAJO Y SERVICIO PÚBLICO DE ZAMORA CHINCHIPE | I360: Rosa Marlene Rey Curay | J360: 45082 | K360: 45082 | L360: =+NETWORKDAYS(D360,K360,$R$6:$R$405)-1 -> 0 | M360: MDT-DPTSPZCH-2023-0153-O | N360: ZAMORA | O360: mazamagaly@gmail.com | P360: FIRMA ELECTRONICA | Q360: =IF(L360>15,"FUERA DE TIEMPO","DENTRO DEL TIEMPO") -> DENTRO DEL TIEMPO
A361: 356 | B361: MDT-DPTSPZCH-2023-0484-E | C361: 45082 | D361: 45082 | E361: 2 | F361: ATENDIDO | G361: Rosa Marlene Rey Curay | H361: DELEGACIÓN PROVINCIAL DE TRABAJO Y SERVICIO PÚBLICO DE ZAMORA CHINCHIPE | I361: Rosa Marlene Rey Curay | J361: 45082 | K361: 45082 | L361: =+NETWORKDAYS(D361,K361,$R$6:$R$405)-1 -> 0 | M361: MDT-DPTSPZCH-2023-0154-O | N361: ZAMORA | O361: www.funcionjudicial.gob.ec | P361: FIRMA ELECTRONICA | Q361: =IF(L361>15,"FUERA DE TIEMPO","DENTRO DEL TIEMPO") -> DENTRO DEL TIEMPO
A362: 357 | B362: MDT-DPTSPZCH-2023-0485-E | C362: 45082 | D362: 45082 | E362: 2 | F362: ATENDIDO | G362: Rosa Marlene Rey Curay | H362: DELEGACIÓN PROVINCIAL DE TRABAJO Y SERVICIO PÚBLICO DE ZAMORA CHINCHIPE | I362: Rosa Marlene Rey Curay | J362: 45082 | K362: 45082 | L362: =+NETWORKDAYS(D362,K362,$R$6:$R$405)-1 -> 0 | M362: MDT-DPTSPZCH-2023-0155-O | N362: ZAMORA | O362: biondyquito1982@gmail.com | P362: FIRMA ELECTRONICA | Q362: =IF(L362>15,"FUERA DE TIEMPO","DENTRO DEL TIEMPO") -> DENTRO DEL TIEMPO
A363: 358 | B363: MDT-DPTSPZCH-2023-0486-E | C363: 45082 | D363: 45082 | E363: 2 | F363: ATENDIDO | G363: Rosa Marlene Rey Curay | H363: DELEGACIÓN PROVINCIAL DE TRABAJO Y SERVICIO PÚBLICO DE ZAMORA CHINCHIPE | I363: Rosa Marlene Rey Curay | J363: 45082 | K363: 45082 | L363: =+NETWORKDAYS(D363,K363,$R$6:$R$405)-1 -> 0 | M363: MDT-DPTSPZCH-2023-0156-O | N363: ZAMORA | O363: maferdaniel1@hotmail.com | P363: FIRMA ELECTRONICA | Q363: =IF(L363>15,"FUERA DE TIEMPO","DENTRO DEL TIEMPO") -> DENTRO DEL TIEMPO
A364: 359 | B364: MDT-DPTSPZCH-2023-0487-E | C364: 45082 | D364: 45082 | E364: 2 | F364: ATENDIDO | G364: Rosa Marlene Rey Curay | H364: DELEGACIÓN PROVINCIAL DE TRABAJO Y SERVICIO PÚBLICO DE ZAMORA CHINCHIPE | I364: Rosa Marlene Rey Curay | J364: 45082 | K364: 45082 | L364: =+NETWORKDAYS(D364,K364,$R$6:$R$405)-1 -> 0 | M364: MDT-DPTSPZCH-2023-0157-O | N364: ZAMORA | O364: mluislautaro@yahoo.com | P364: FIRMA ELECTRONICA | Q364: =IF(L364>15,"FUERA DE TIEMPO","DENTRO DEL TIEMPO") -> DENTRO DEL TIEMPO
A365: 360 | B365: MDT-DPTSPZCH-2023-0488-E | C365: 45083 | D365: 45083 | E365: 2 | F365: ATENDIDO | G365: Rosa Marlene Rey Curay | H365: DELEGACIÓN PROVINCIAL DE TRABAJO Y SERVICIO PÚBLICO DE ZAMORA CHINCHIPE | I365: Rosa Marlene Rey Curay | J365: 45083 | K365: 45083 | L365: =+NETWORKDAYS(D365,K365,$R$6:$R$405)-1 -> 0 | M365: MDT-DPTSPZCH-2023-0158-O | N365: ZAMORA | O365: bernardo.hurtado@funciónjudicial.gob.ec | P365: FIRMA ELECTRONICA | Q365: =IF(L365>15,"FUERA DE TIEMPO","DENTRO DEL TIEMPO") -> DENTRO DEL TIEMPO
A366: 361 | B366: MDT-DPTSPZCH-2023-0489-E | C366: 45083 | D366: 45084 | E366: 2 | F366: ATENDIDO | G366: Rosa Marlene Rey Curay | H366: DELEGACIÓN PROVINCIAL DE TRABAJO Y SERVICIO PÚBLICO DE ZAMORA CHINCHIPE | I366: Rosa Marlene Rey Curay | J366: 45084 | K366: 45084 | L366: =+NETWORKDAYS(D366,K366,$R$6:$R$405)-1 -> 0 | M366: MDT-DPTSPZCH-2023-0159-O | N366: ZAMORA | O366: jimmybenitez151@gmail.com | P366: FIRMA ELECTRONICA | Q366: =IF(L366>15,"FUERA DE TIEMPO","DENTRO DEL TIEMPO") -> DENTRO DEL TIEMPO
... A375: 370 | B375: MDT-DPTSPZCH-2023-0541-E | C375: 45093 | D375: 45093 | E375: 2 | F375: ATENDIDO | G375: Rosa Marlene Rey Curay | H375: DELEGACIÓN PROVINCIAL DE TRABAJO Y SERVICIO PÚBLICO DE ZAMORA CHINCHIPE | I375: Rosa Marlene Rey Curay | J375: 45096 | K375: 45096 | L375: =+NETWORKDAYS(D375,K375,$R$6:$R$405)-1 -> 1 | M375: MDT-DPTSPZCH-2023-0169-O | N375: ZAMORA | O375: Entrega física | P375: FIRMA ELECTRONICA | Q375: =IF(L375>15,"FUERA DE TIEMPO","DENTRO DEL TIEMPO") -> DENTRO DEL TIEMPO
A376: 371 | B376: MDT-DPTSPZCH-2023-0555-E | C376: 45097 | D376: 45097 | E376: 2 | F376: ATENDIDO | G376: 0 | H376: DELEGACIÓN PROVINCIAL DE TRABAJO Y SERVICIO PÚBLICO DE ZAMORA CHINCHIPE | I376: Rosa Marlene Rey Curay | J376: 45097 | K376: 45097 | L376: =+NETWORKDAYS(D376,K376,$R$6:$R$405)-1 -> 0 | M376: MDT-DPTSPZCH-2023-0170-O | N376: ZAMORA | O376: diego.orellana@funcionjudicial.gob.ec ; ruben.ochoa@funcionjudicial.gob.ec ; mercedes.rojas@funcionjudicial.gob.ec | P376: FIRMA ELECTRONICA | Q376: =IF(L376>15,"FUERA DE TIEMPO","DENTRO DEL TIEMPO") -> DENTRO DEL TIEMPO
A377: 372 | B377: MDT-DPTSPZCH-2023-0545-E | C377: 45096 | D377: 45097 | E377: 128 | F377: ATENDIDO | G377: Jhomaira Liseth Gonsalez Angulo | H377: DELEGACIÓN PROVINCIAL DE TRABAJO Y SERVICIO PÚBLICO DE ZAMORA CHINCHIPE | I377: Jhomaira Liseth Gonsalez Angulo | J377: 45097 | K377: 45097 | L377: =+NETWORKDAYS(D377,K377,$R$6:$R$405)-1 -> 0 | M377: MDT-DPTSPZCH-2023-0171-O | N377: ZAMORA | O377: sesarcuenca53@gmail.com | P377: FIRMA ELECTRONICA | Q377: =IF(L377>15,"FUERA DE TIEMPO","DENTRO DEL TIEMPO") -> DENTRO DEL TIEMPO
A378: 373 | B378: MDT-DPTSPZCH-2023-0554-E | C378: 45097 | D378: 45098 | E378: 2 | F378: ATENDIDO | G378: Rosa Marlene Rey Curay | H378: DELEGACIÓN PROVINCIAL DE TRABAJO Y SERVICIO PÚBLICO DE ZAMORA CHINCHIPE | I378: Rosa Marlene Rey Curay | J378: 45098 | K378: 45098 | L378: =+NETWORKDAYS(D378,K378,$R$6:$R$405)-1 -> 0 | M378: MDT-DPTSPZCH-2023-0172-O | N378: ZAMORA | O378: jumbor@fiscalia.gob.ec ; pazminogb@fiscalia.gob.ec; jaramillomc@fiscalia.gob.ec; moralesl@fiscalia.gob.ec; | P378: FIRMA ELECTRONICA | Q378: =IF(L378>15,"FUERA DE TIEMPO","DENTRO DEL TIEMPO") -> DENTRO DEL TIEMPO
A379: 374 | B379: MDT-DPTSPZCH-2023-0560-E | C379: 45099 | D379: 45099 | E379: 2 | F379: ATENDIDO | G379: Rosa Marlene Rey Curay | H379: DELEGACIÓN PROVINCIAL DE TRABAJO Y SERVICIO PÚBLICO DE ZAMORA CHINCHIPE | I379: Rosa Marlene Rey Curay | J379: 45099 | K379: 45099 | L379: =+NETWORKDAYS(D379,K379,$R$6:$R$405)-1 -> 0 | M379: MDT-DPTSPZCH-2023-0173-O | N379: ZAMORA | O379: mesiasmendieta@hotmail.com | P379: FIRMA ELECTRONICA | Q379: =IF(L379>15,"FUERA DE TIEMPO","DENTRO DEL TIEMPO") -> DENTRO DEL TIEMPO
A380: 375 | B380: MDT-DPTSPZCH-2023-0566-E | C380: 45100 | D380: 45100 | E380: 2 | F380: ATENDIDO | G380: Rosa Marlene Rey Curay | H380: DELEGACIÓN PROVINCIAL DE TRABAJO Y SERVICIO PÚBLICO DE ZAMORA CHINCHIPE | I380: Rosa Marlene Rey Curay | J380: 45100 | K380: 45100 | L380: =+NETWORKDAYS(D380,K380,$R$6:$R$405)-1 -> 0 | M380: MDT-DPTSPZCH-2023-0174-O | N380: ZAMORA | O380: entrega fisica | P380: FIRMA ELECTRONICA | Q380: =IF(L380>15,"FUERA DE TIEMPO","DENTRO DEL TIEMPO") -> DENTRO DEL TIEMPO
A381: 376 | B381: MDT-DPTSPZCH-2023-0571-E | C381: 45103 | D381: 45103 | E381: 2 | F381: ATENDIDO | G381: Rosa Marlene Rey Curay | H381: DELEGACIÓN PROVINCIAL DE TRABAJO Y SERVICIO PÚBLICO DE ZAMORA CHINCHIPE | I381: Rosa Marlene Rey Curay | J381: 45103 | K381: 45103 | L381: =+NETWORKDAYS(D381,K381,$R$6:$R$405)-1 -> 0 | M381: MDT-DPTSPZCH-2023-0175-O | N381: ZAMORA | O381: curaponce67@yajoo.es | P381: FIRMA ELECTRONICA | Q381: =IF(L381>15,"FUERA DE TIEMPO","DENTRO DEL TIEMPO") -> DENTRO DEL TIEMPO
A382: 377 | B382: MDT-DPTSPZCH-2023-0579-E | C382: 45104 | D382: 45105 | E382: 2 | F382: ATENDIDO | G382: Rosa Marlene Rey Curay | H382: DELEGACIÓN PROVINCIAL DE TRABAJO Y SERVICIO PÚBLICO DE ZAMORA CHINCHIPE | I382: Rosa Marlene Rey Curay | J382: 45105 | K382: 45105 | L382: =+NETWORKDAYS(D382,K382,$R$6:$R$405)-1 -> 0 | M382: MDT-DPTSPZCH-2023-0176-O | N382: ZAMORA | O382: bryannmau19@gmail.com | P382: FIRMA ELECTRONICA | Q382: =IF(L382>15,"FUERA DE TIEMPO","DENTRO DEL TIEMPO") -> DENTRO DEL TIEMPO
A383: 378 | B383: MDT-DPTSPZCH-2023-0587-E | C383: 45107 | D383: 45107 | E383: 2 | F383: ATENDIDO | G383: Rosa Marlene Rey Curay | H383: DELEGACIÓN PROVINCIAL DE TRABAJO Y SERVICIO PÚBLICO DE ZAMORA CHINCHIPE | I383: Rosa Marlene Rey Curay | J383: 45107 | K383: 45107 | L383: =+NETWORKDAYS(D383,K383,$R$6:$R$405)-1 -> 0 | M383: MDT-DPTSPZCH-2023-0177-O | N383: ZAMORA | O383: curaponce67@yajoo.es | P383: FIRMA ELECTRONICA | Q383: =IF(L383>15,"FUERA DE TIEMPO","DENTRO DEL TIEMPO") -> DENTRO DEL TIEMPO
A384: 379 | B384: MDT-DPTSPOM-2023-2093-E | C384: 45064 | D384: 45078 | E384: 142 | F384: ATENDIDO | G384: Gladys Veronica Carballo Zambrano | H384: DELEGACIÓN PROVINCIAL DE TRABAJO Y SERVICIO PÚBLICO DE EL ORO - MACHALA | I384: Gladys Veronica Carballo Zambrano | J384: 45083 | K384: 45083 | L384: =+NETWORKDAYS(D384,K384,$R$6:$R$405)-1 -> 3 | M384: MDT-DPTSPOM-2023-0377-O | N384: MACHALA | O384: USUARIO EXTERNO | P384: jsisalima@defensoria.gob.ec | Q384: =IF(L384>15,"FUERA DE TIEMPO","DENTRO DEL TIEMPO") -> DENTRO DEL TIEMPO
A385: 380 | B385: MDT-DPTSPOM-2023-2226-E | C385: 45071 | D385: 45078 | E385: 1 | F385: ATENDIDO | G385: Gladys Veronica Carballo Zambrano | H385: DELEGACIÓN PROVINCIAL DE TRABAJO Y SERVICIO PÚBLICO DE EL ORO - MACHALA | I385: Gladys Veronica Carballo Zambrano | J385: 45082 | K385: 45082 | L385: =+NETWORKDAYS(D385,K385,$R$6:$R$405)-1 -> 2 | M385: MDT-DPTSPOM-2023-0372-O | N385: MACHALA | O385: USUARIO EXTERNO | P385: abg_jaimechicaiza@hotmail.com | Q385: =IF(L385>15,"FUERA DE TIEMPO","DENTRO DEL TIEMPO") -> DENTRO DEL TIEMPO
A386: 381 | B386: MDT-DPTSPOM-2023-2233-E | C386: 45071 | D386: 45078 | E386: 4 | F386: ATENDIDO | G386: Gladys Veronica Carballo Zambrano | H386: DELEGACIÓN PROVINCIAL DE TRABAJO Y SERVICIO PÚBLICO DE EL ORO - MACHALA | I386: Gladys Veronica Carballo Zambrano | J386: 45082 | K386: 45082 | L386: =+NETWORKDAYS(D386,K386,$R$6:$R$405)-1 -> 2 | M386: MDT-DPTSPOM-2023-0373-O | N386: MACHALA | O386: USUARIO EXTERNO | P386: gissellcarol_1986@hotmail.com | Q386: =IF(L386>15,"FUERA DE TIEMPO","DENTRO DEL TIEMPO") -> DENTRO DEL TIEMPO
A387: 382 | B387: MDT-DPTSPOM-2023-2234-E | C387: 45071 | D387: 45078 | E387: 1 | F387: ATENDIDO | G387: Gladys Veronica Carballo Zambrano | H387: DELEGACIÓN PROVINCIAL DE TRABAJO Y SERVICIO PÚBLICO DE EL ORO - MACHALA | I387: Gladys Veronica Carballo Zambrano | J387: 45082 | K387: 45082 | L387: =+NETWORKDAYS(D387,K387,$R$6:$R$405)-1 -> 2 | M387: MDT-DPTSPOM-2023-0351-O | N387: MACHALA | O387: USUARIO EXTERNO | P387: abfernandedoleon5@hotmail.com | Q387: =IF(L387>15,"FUERA DE TIEMPO","DENTRO DEL TIEMPO") -> DENTRO DEL TIEMPO
A388: 383 | B388: MDT-DPTSPOM-2023-2235-E | C388: 45071 | D388: 45078 | E388: 1 | F388: ATENDIDO | G388: Gladys Veronica Carballo Zambrano | H388: DELEGACIÓN PROVINCIAL DE TRABAJO Y SERVICIO PÚBLICO DE EL ORO - MACHALA | I388: Gladys Veronica Carballo Zambrano | J388: 45082 | K388: 45082 | L388: =+NETWORKDAYS(D388,K388,$R$6:$R$405)-1 -> 2 | M388: MDT-DPTSPOM-2023-0374-O | N388: MACHALA | O388: USUARIO EXTERNO | P388: drdanilorb4691@gmail.com | Q388: =IF(L388>15,"FUERA DE TIEMPO","DENTRO DEL TIEMPO") -> DENTRO DEL TIEMPO
... A450: 445 | B450: MDT-DPTSPOM-2023-2660-E | C450: 45097 | D450: 45097 | E450: 4 | F450: ATENDIDO | G450: Gladys Veronica Carballo Zambrano | H450: DELEGACIÓN PROVINCIAL DE TRABAJO Y SERVICIO PÚBLICO DE EL ORO - MACHALA | I450: Gladys Veronica Carballo Zambrano | J450: 45106 | K450: 45106 | L450: =+NETWORKDAYS(D450,K450,$R$6:$R$405)-1 -> 7 | M450: MDT-DPTSPOM-2023-0456-O | N450: MACHALA | O450: USUARIO EXTERNO | P450: gchalaco@ases.com.ec | Q450: =IF(L450>15,"FUERA DE TIEMPO","DENTRO DEL TIEMPO") -> DENTRO DEL TIEMPO
A451: 446 | B451: MDT-DPTSPOM-2023-2131-E | C451: 45065 | D451: 45098 | E451: =65+1+5 -> 71 | F451: ATENDIDO | G451: Gladys Veronica Carballo Zambrano | H451: DELEGACIÓN PROVINCIAL DE TRABAJO Y SERVICIO PÚBLICO DE EL ORO - MACHALA | I451: Gladys Veronica Carballo Zambrano | J451: 45112 | K451: 45112 | L451: =+NETWORKDAYS(D451,K451,$R$6:$R$405)-1 -> 10 | M451: MDT-DPTSPOM-2023-0480-O | N451: MACHALA | O451: USUARIO EXTERNO | P451: jsisalima@defensoria.gob.ec | Q451: =IF(L451>15,"FUERA DE TIEMPO","DENTRO DEL TIEMPO") -> DENTRO DEL TIEMPO
A452: 447 | B452: MDT-DPTSPOM-2023-2677-E | C452: 45098 | D452: 45098 | E452: 1 | F452: ATENDIDO | G452: Gladys Veronica Carballo Zambrano | H452: DELEGACIÓN PROVINCIAL DE TRABAJO Y SERVICIO PÚBLICO DE EL ORO - MACHALA | I452: Gladys Veronica Carballo Zambrano | J452: 45106 | K452: 45106 | L452: =+NETWORKDAYS(D452,K452,$R$6:$R$405)-1 -> 6 | M452: MDT-DPTSPOM-2023-0457-O | N452: MACHALA | O452: USUARIO EXTERNO | P452: nikkoje@hotmail.com | Q452: =IF(L452>15,"FUERA DE TIEMPO","DENTRO DEL TIEMPO") -> DENTRO DEL TIEMPO
A453: 448 | B453: MDT-DPTSPOM-2023-2730-E | C453: 45100 | D453: 45100 | E453: 4 | F453: ATENDIDO | G453: Gladys Veronica Carballo Zambrano | H453: DELEGACIÓN PROVINCIAL DE TRABAJO Y SERVICIO PÚBLICO DE EL ORO - MACHALA | I453: Gladys Veronica Carballo Zambrano | J453: 45106 | K453: 45106 | L453: =+NETWORKDAYS(D453,K453,$R$6:$R$405)-1 -> 4 | M453: MDT-DPTSPOM-2023-0458-O | N453: MACHALA | O453: USUARIO EXTERNO | P453: erdwin_machuca@hotmail.com | Q453: =IF(L453>15,"FUERA DE TIEMPO","DENTRO DEL TIEMPO") -> DENTRO DEL TIEMPO
A454: 449 | B454: MDT-DPTSPOM-2023-2732-E | C454: 45100 | D454: 45100 | E454: 1 | F454: ATENDIDO | G454: Gladys Veronica Carballo Zambrano | H454: DELEGACIÓN PROVINCIAL DE TRABAJO Y SERVICIO PÚBLICO DE EL ORO - MACHALA | I454: Gladys Veronica Carballo Zambrano | J454: 45106 | K454: 45106 | L454: =+NETWORKDAYS(D454,K454,$R$6:$R$405)-1 -> 4 | M454: MDT-DPTSPOM-2023-0459-O | N454: MACHALA | O454: USUARIO EXTERNO | P454: gloritacarvajal11@hotmail.com | Q454: =IF(L454>15,"FUERA DE TIEMPO","DENTRO DEL TIEMPO") -> DENTRO DEL TIEMPO
A455: 450 | B455: MDT-DPTSPOM-2023-2734-E | C455: 45100 | D455: 45100 | E455: 1 | F455: ATENDIDO | G455: Gladys Veronica Carballo Zambrano | H455: DELEGACIÓN PROVINCIAL DE TRABAJO Y SERVICIO PÚBLICO DE EL ORO - MACHALA | I455: Gladys Veronica Carballo Zambrano | J455: 45106 | K455: 45106 | L455: =+NETWORKDAYS(D455,K455,$R$6:$R$405)-1 -> 4 | M455: MDT-DPTSPOM-2023-0460-O | N455: MACHALA | O455: USUARIO EXTERNO | P455: fabriciovegacedillo@gmail.com | Q455: =IF(L455>15,"FUERA DE TIEMPO","DENTRO DEL TIEMPO") -> DENTRO DEL TIEMPO
A456: 451 | B456: MDT-DPTSPOM-2023-2200-E | C456: 45101 | D456: 45101 | E456: 3 | F456: ATENDIDO | G456: Gladys Veronica Carballo Zambrano | H456: DELEGACIÓN PROVINCIAL DE TRABAJO Y SERVICIO PÚBLICO DE EL ORO - MACHALA | I456: Gladys Veronica Carballo Zambrano | J456: 45112 | K456: 45112 | L456: =+NETWORKDAYS(D456,K456,$R$6:$R$405)-1 -> 7 | M456: MDT-DPTSPOM-2023-0479-O | N456: MACHALA | O456: USUARIO EXTERNO | P456: fredypinso@gmail.com | Q456: =IF(L456>15,"FUERA DE TIEMPO","DENTRO DEL TIEMPO") -> DENTRO DEL TIEMPO
A457: 452 | B457: MDT-DPTSPOM-2023-2127-E | C457: 45102 | D457: 45102 | E457: 12 | F457: ATENDIDO | G457: Gladys Veronica Carballo Zambrano | H457: DELEGACIÓN PROVINCIAL DE TRABAJO Y SERVICIO PÚBLICO DE EL ORO - MACHALA | I457: Gladys Veronica Carballo Zambrano | J457: 45112 | K457: 45112 | L457: =+NETWORKDAYS(D457,K457,$R$6:$R$405)-1 -> 7 | M457: MDT-DPTSPOM-2023-0481-O | N457: MACHALA | O457: USUARIO EXTERNO | P457: harry_alvarez7@hotmail.com | Q457: =IF(L457>15,"FUERA DE TIEMPO","DENTRO DEL TIEMPO") -> DENTRO DEL TIEMPO
A458: 453 | B458: MDT-DPTSPOM-2023-2129-E | C458: 45102 | D458: 45102 | E458: 12 | F458: ATENDIDO | G458: Gladys Veronica Carballo Zambrano | H458: DELEGACIÓN PROVINCIAL DE TRABAJO Y SERVICIO PÚBLICO DE EL ORO - MACHALA | I458: Gladys Veronica Carballo Zambrano | J458: 45112 | K458: 45112 | L458: =+NETWORKDAYS(D458,K458,$R$6:$R$405)-1 -> 7 | M458: MDT-DPTSPOM-2023-0482-O | N458: MACHALA | O458: USUARIO EXTERNO | P458: harry_alvarez7@hotmail.com | Q458: =IF(L458>15,"FUERA DE TIEMPO","DENTRO DEL TIEMPO") -> DENTRO DEL TIEMPO
A459: 454 | B459: MDT-DPTSPOM-2023-2749-E | C459: 45104 | D459: 45104 | E459: 7 | F459: ATENDIDO | G459: Maria Andrea Vera Mosquera | H459: DELEGACIÓN PROVINCIAL DE TRABAJO Y SERVICIO PÚBLICO DE EL ORO - MACHALA | I459: Maria Andrea Vera Mosquera | J459: 45104 | K459: 45104 | L459: =+NETWORKDAYS(D459,K459,$R$6:$R$405)-1 -> 0 | M459: MDT-DPTSPOM-2023-0449-O | N459: MACHALA | O459: USUARIO EXTERNO | P459: optransa@hotmail.com | Q459: =IF(L459>15,"FUERA DE TIEMPO","DENTRO DEL TIEMPO") -> DENTRO DEL TIEMPO
A460: 455 | B460: MDT-DPTSPOM-2023-2752-E | C460: 45104 | D460: 45104 | E460: 3 | F460: ATENDIDO | G460: Maria Andrea Vera Mosquera | H460: DELEGACIÓN PROVINCIAL DE TRABAJO Y SERVICIO PÚBLICO DE EL ORO - MACHALA | I460: Maria Andrea Vera Mosquera | J460: 45105 | K460: 45105 | L460: =+NETWORKDAYS(D460,K460,$R$6:$R$405)-1 -> 1 | M460: MDT-DPTSPOM-2023-0451-O | N460: MACHALA | O460: USUARIO EXTERNO | P460: nomina@probanaexpor.com.ec | Q460: =IF(L460>15,"FUERA DE TIEMPO","DENTRO DEL TIEMPO") -> DENTRO DEL TIEMPO
A461: 456 | B461: MDT-DPTSPOM-2023-2775-E | C461: 45104 | D461: 45104 | E461: 150 | F461: ATENDIDO | G461: Gladys Veronica Carballo Zambrano | H461: DELEGACIÓN PROVINCIAL DE TRABAJO Y SERVICIO PÚBLICO DE EL ORO - MACHALA | I461: Gladys Veronica Carballo Zambrano | J461: 45106 | K461: 45106 | L461: =+NETWORKDAYS(D461,K461,$R$6:$R$405)-1 -> 2 | M461: MDT-DPTSPOM-2023-0461-O | N461: MACHALA | O461: USUARIO EXTERNO | P461: cherly.lozano2208@gmail.com | Q461: =IF(L461>15,"FUERA DE TIEMPO","DENTRO DEL TIEMPO") -> DENTRO DEL TIEMPO
A462: 457 | B462: MDT-DPTSPOM-2023-2784-E | C462: 45105 | D462: 45105 | E462: 3 | F462: ATENDIDO | G462: Gladys Veronica Carballo Zambrano | H462: DELEGACIÓN PROVINCIAL DE TRABAJO Y SERVICIO PÚBLICO DE EL ORO - MACHALA | I462: Gladys Veronica Carballo Zambrano | J462: 45106 | K462: 45106 | L462: =+NETWORKDAYS(D462,K462,$R$6:$R$405)-1 -> 1 | M462: MDT-DPTSPOM-2023-0462-O | N462: MACHALA | O462: USUARIO EXTERNO | P462: contabilidad@embarfru.com | Q462: =IF(L462>15,"FUERA DE TIEMPO","DENTRO DEL TIEMPO") -> DENTRO DEL TIEMPO
A463: 458 | B463: MDT-DPTSPOM-2023-2786-E | C463: 45105 | D463: 45105 | E463: 6 | F463: ATENDIDO | G463: Gladys Veronica Carballo Zambrano | H463: DELEGACIÓN PROVINCIAL DE TRABAJO Y SERVICIO PÚBLICO DE EL ORO - MACHALA | I463: Gladys Veronica Carballo Zambrano | J463: 45106 | K463: 45106 | L463: =+NETWORKDAYS(D463,K463,$R$6:$R$405)-1 -> 1 | M463: MDT-DPTSPOM-2023-0463-O | N463: MACHALA | O463: USUARIO EXTERNO | P463: cherly.lozano2208@gmail.com | Q463: =IF(L463>15,"FUERA DE TIEMPO","DENTRO DEL TIEMPO") -> DENTRO DEL TIEMPO
... A488: 483 | B488: MDT-DPTSPOM-2023-2862-E | C488: 45107 | D488: 45107 | E488: 3 | F488: ATENDIDO | G488: Gladys Veronica Carballo Zambrano | H488: DELEGACIÓN PROVINCIAL DE TRABAJO Y SERVICIO PÚBLICO DE EL ORO - MACHALA | I488: Gladys Veronica Carballo Zambrano | J488: 45120 | K488: 45120 | L488: =+NETWORKDAYS(D488,K488,$R$6:$R$405)-1 -> 9 | M488: MDT-DPTSPOM-2023-0509-O | N488: MACHALA | O488: USUARIO EXTERNO | P488: kathyalañacastillo@gmail.com | Q488: =IF(L488>15,"FUERA DE TIEMPO","DENTRO DEL TIEMPO") -> DENTRO DEL TIEMPO
A489: 484 | B489: MDT-DPTSPOP-2023-0129-E | C489: 45082 | D489: 45082 | E489: 4 | F489: ATENDIDO | G489: Andrea Karlina Aguilar Salazar | H489: DELEGACIÓN PROVINCIAL DE TRABAJO Y SERVICIO PÚBLICO DE EL ORO - PORTOVELO | I489: Andrea Karlina Aguilar Salazar | J489: 05/06/223 | K489: 45082 | L489: =+NETWORKDAYS(D489,K489,$R$6:$R$405)-1 -> 0 | M489: MDT-DPTSPOP-2023-0025-O | N489: PORTOVELO | O489: USUARIO EXTERNO | P489: NOTIFICADO POR CORREO | Q489: =IF(L489>15,"FUERA DE TIEMPO","DENTRO DEL TIEMPO") -> DENTRO DEL TIEMPO
A490: 485 | B490: MDT-DPTSPOP-2023-0149-E | C490: 45083 | D490: 45083 | E490: 3 | F490: ATENDIDO | G490: Andrea Karlina Aguilar Salazar | H490: DELEGACIÓN PROVINCIAL DE TRABAJO Y SERVICIO PÚBLICO DE EL ORO - PORTOVELO | I490: Andrea Karlina Aguilar Salazar | J490: 45083 | K490: 45083 | L490: =+NETWORKDAYS(D490,K490,$R$6:$R$405)-1 -> 0 | M490: MDT-DPTSPOP-2023-0026-O | N490: PORTOVELO | O490: USUARIO EXTERNO | P490: NOTIFICADO POR CORREO | Q490: =IF(L490>15,"FUERA DE TIEMPO","DENTRO DEL TIEMPO") -> DENTRO DEL TIEMPO
A491: 486 | B491: MDT-DPTSPOP-2023-0153-E | C491: 45079 | D491: 45079 | E491: 21 | F491: ATENDIDO | G491: Andrea Karlina Aguilar Salazar | H491: DELEGACIÓN PROVINCIAL DE TRABAJO Y SERVICIO PÚBLICO DE EL ORO - PORTOVELO | I491: Andrea Karlina Aguilar Salazar | J491: 45079 | K491: 45079 | L491: =+NETWORKDAYS(D491,K491,$R$6:$R$405)-1 -> 0 | M491: MDT-DPTSPOP-2023-0024-O | N491: PORTOVELO | O491: USUARIO EXTERNO | P491: NOTIFICADO POR CORREO | Q491: =IF(L491>15,"FUERA DE TIEMPO","DENTRO DEL TIEMPO") -> DENTRO DEL TIEMPO
A492: 487 | B492: MDT-DPTSPOP-2023-0161-E | C492: 45078 | D492: 45097 | E492: 9 | F492: ATENDIDO | G492: Andrea Karlina Aguilar Salazar | H492: DELEGACIÓN PROVINCIAL DE TRABAJO Y SERVICIO PÚBLICO DE EL ORO - PORTOVELO | I492: Andrea Karlina Aguilar Salazar | J492: 45097 | K492: 45097 | L492: =+NETWORKDAYS(D492,K492,$R$6:$R$405)-1 -> 0 | M492: MDT-DPTSPOP-2023-0027-O | N492: PORTOVELO | O492: USUARIO EXTERNO | P492: NOTIFICADO POR CORREO | Q492: =IF(L492>15,"FUERA DE TIEMPO","DENTRO DEL TIEMPO") -> DENTRO DEL TIEMPO
A493: 488 | B493: MDT-DPTSPOP-2023-0168-E | C493: 45086 | D493: 45097 | E493: 8 | F493: ATENDIDO | G493: Andrea Karlina Aguilar Salazar | H493: DELEGACIÓN PROVINCIAL DE TRABAJO Y SERVICIO PÚBLICO DE EL ORO - PORTOVELO | I493: Andrea Karlina Aguilar Salazar | J493: 45097 | K493: 45005 | L493: =+NETWORKDAYS(D493,K493,$R$6:$R$405)-1 -> -68 | M493: MDT-DPTSPOP-2023-0028-O | N493: PORTOVELO | O493: USUARIO EXTERNO | P493: NOTIFICADO POR CORREO | Q493: =IF(L493>15,"FUERA DE TIEMPO","DENTRO DEL TIEMPO") -> DENTRO DEL TIEMPO
A494: 489 | B494: MDT-DPTSPOP-2023-0186-E | C494: 45105 | D494: 45107 | E494: 8 | F494: ATENDIDO | G494: Andrea Karlina Aguilar Salazar | H494: DELEGACIÓN PROVINCIAL DE TRABAJO Y SERVICIO PÚBLICO DE EL ORO - PORTOVELO | I494: Andrea Karlina Aguilar Salazar | J494: 45112 | K494: 45112 | L494: =+NETWORKDAYS(D494,K494,$R$6:$R$405)-1 -> 3 | M494: MDT-DPTSPOP-2023-0029-O | N494: PORTOVELO | O494: USUARIO EXTERNO | P494: NOTIFICADO POR CORREO | Q494: =IF(L494>15,"FUERA DE TIEMPO","DENTRO DEL TIEMPO") -> DENTRO DEL TIEMPO
A495: 490 | B495: MDT-DPTSPOP-2023-0187-E | C495: 45105 | D495: 45107 | E495: 8 | F495: ATENDIDO | G495: Andrea Karlina Aguilar Salazar | H495: DELEGACIÓN PROVINCIAL DE TRABAJO Y SERVICIO PÚBLICO DE EL ORO - PORTOVELO | I495: Andrea Karlina Aguilar Salazar | J495: 45112 | K495: 45112 | L495: =+NETWORKDAYS(D495,K495,$R$6:$R$405)-1 -> 3 | M495: MDT-DPTSPOP-2023-0030-O | N495: PORTOVELO | O495: USUARIO EXTERNO | P495: NOTIFICADO POR CORREO | Q495: =IF(L495>15,"FUERA DE TIEMPO","DENTRO DEL TIEMPO") -> DENTRO DEL TIEMPO

Sheet JUL2023
A1: MINISTERIO DEL TRABAJO
A2: DIRECCIÓN REGIONAL DE TRABAJO Y SERVICIO PÚBLICO DE LOJA
A3: SOLICITUDES DE CERTIFICACIÓN DE DOCUMENTOS
A5: NÚMERO | B5: No. DE EXTERNO | C5: FECHA DE INGRESO AL MDT | D5: FECHA DE INGRESO A LA DSG | E5: CANTIDAD DE FOJAS DESPACHADAS | F5: ESTADO | G5: FUNCIONARIO ACTUAL | H5: DIRECCIÓN O UNIDAD | I5: TECN. CETIFI RESPONSABLE | J5: FECHA RESOLUCIÓN | K5: FECHA DE NOTIFICACIÓN | L5: TIEMPO DE RESPUESTA HASTA LA NOTIFICACIÓN | M5: NUMERO DE OFICIO DE RESPUESTA | N5: CUIDAD A LA QUE SE DEBE ENVIAR LA RESPUESTA | O5: NOTIFICADO / O ENTREGADO A: | P5: NUMERO DE GUÍA O CÉDULA | Q5: CUMPLE EN EL PLAZO ESTABLECIDO | R5: FERIADO
A6: 1 | B6: MDT-DRTSPL-2023-4169-E | C6: 45100 | D6: 45124 | E6: 2 | F6: ATENDIDO | G6: Yajaira Katherine Lozada Bravo (MDT) | H6: DIRECCIÓN REGIONAL DEL TRABAJO Y SERVICIO PÚBLICO DE LOJA | I6: Yajaira Katherine Lozada Bravo (MDT) | J6: 45124 | K6: 45124 | L6: =+NETWORKDAYS(D6,K6,$R$6:$R$404)-1 -> 0 | M6: MDT-DRTSPL-2023-5603-O / MDT-DCI-2023-1039-M | N6: LOJA | O6: Joan Andres Japa Cañar | P6: CORREO ELECTRONICO | Q6: =IF(L6>15,"FUERA DE TIEMPO","DENTRO DEL TIEMPO") -> DENTRO DEL TIEMPO
A7: 2 | B7: MDT-DRTSPL-2023-4200-E | C7: 45103 | D7: 45135 | E7: 14 | F7: ATENDIDO | G7: Mayté Del Cisne Elizalde Vivanco (MDT) | H7: DIRECCIÓN REGIONAL DEL TRABAJO Y SERVICIO PÚBLICO DE LOJA | I7: Mayté Del Cisne Elizalde Vivanco (MDT) | J7: 45135.522 | K7: 45135.522 | L7: =+NETWORKDAYS(D7,K7,$R$6:$R$404)-1 -> 0 | M7: MDT-DRTSPL-2023-5925-O | N7: LOJA | O7: Víctor Emilio Vicente Salazar | P7: CORREO ELECTRONICO | Q7: =IF(L7>15,"FUERA DE TIEMPO","DENTRO DEL TIEMPO") -> DENTRO DEL TIEMPO
A8: 3 | B8: MDT-DPTSPOM-2023-2670-E | C8: 45098 | D8: 45118 | E8: 212 | F8: ATENDIDO | G8: Mayté Del Cisne Elizalde Vivanco | H8: DIRECCIÓN REGIONAL DEL TRABAJO Y SERVICIO PÚBLICO DE LOJA | I8: Mayté Del Cisne Elizalde Vivanco | J8: 45120.577 | K8: 45120.577 | L8: =+NETWORKDAYS(D8,K8,$R$6:$R$404)-1 -> 2 | M8: MDT-DRTSPL-2023-5558-O | N8: MACHALA | O8: Jorge Daiwers Granda Salinas | P8: CORREO ELECTRONICO | Q8: =IF(L8>15,"FUERA DE TIEMPO","DENTRO DEL TIEMPO") -> DENTRO DEL TIEMPO
A9: 4 | B9: MDT-DPTSPOM-2023-2869-E | C9: 45110 | D9: 45111 | E9: 2 | F9: ATENDIDO | G9: Mayté Del Cisne Elizalde Vivanco | H9: DIRECCIÓN REGIONAL DEL TRABAJO Y SERVICIO PÚBLICO DE LOJA | I9: Mayté Del Cisne Elizalde Vivanco | J9: 45117.607 | K9: 45117.607 | L9: =+NETWORKDAYS(D9,K9,$R$6:$R$404)-1 -> 4 | M9: MDT-DRTSPL-2023-5473-O | N9: MACHALA | O9: Cirilo Froilan Lopez Arpi | P9: CORREO ELECTRONICO | Q9: =IF(L9>15,"FUERA DE TIEMPO","DENTRO DEL TIEMPO") -> DENTRO DEL TIEMPO
A10: 5 | B10: MDT-DPTSPOM-2023-2926-E | C10: 45112 | D10: 45112 | E10: 7 | F10: ATENDIDO | G10: Mayté Del Cisne Elizalde Vivanco | H10: DIRECCIÓN REGIONAL DEL TRABAJO Y SERVICIO PÚBLICO DE LOJA | I10: Mayté Del Cisne Elizalde Vivanco | J10: 45121.382 | K10: 45121.382 | L10: =+NETWORKDAYS(D10,K10,$R$6:$R$404)-1 -> 7 | M10: MDT-DRTSPL-2023-5565-O | N10: MACHALA | O10: Jonny Romulo Zavala Pineda | P10: CORREO ELECTRONICO | Q10: =IF(L10>15,"FUERA DE TIEMPO","DENTRO DEL TIEMPO") -> DENTRO DEL TIEMPO
A11: 6 | B11: MDT-DPTSPOM-2023-3006-E | C11: 45117 | D11: 45117 | E11: 2 | F11: ATENDIDO | G11: Mayté Del Cisne Elizalde Vivanco | H11: DIRECCIÓN REGIONAL DEL TRABAJO Y SERVICIO PÚBLICO DE LOJA | I11: Mayté Del Cisne Elizalde Vivanco | J11: 45121.5 | K11: 45121.5 | L11: =+NETWORKDAYS(D11,K11,$R$6:$R$404)-1 -> 4 | M11: MDT-DRTSPL-2023-5583-O | N11: MACHALA | O11: Yeleny Lizbeth Coello Orozco | P11: CORREO ELECTRONICO | Q11: =IF(L11>15,"FUERA DE TIEMPO","DENTRO DEL TIEMPO") -> DENTRO DEL TIEMPO
A12: 7 | B12: MDT-DRTSPL-2023-4182-E | C12: 45100 | D12: 45138 | E12: 16 | F12: ATENDIDO | G12: Mayté Del Cisne Elizalde Vivanco (MDT) | H12: DIRECCIÓN REGIONAL DEL TRABAJO Y SERVICIO PÚBLICO DE LOJA | I12: Mayté Del Cisne Elizalde Vivanco (MDT) | J12: 45139 | K12: 45139 | L12: =+NETWORKDAYS(D12,K12,$R$6:$R$404)-1 -> 1 | M12: MDT-DRTSPL-2023-6013-O | N12: LOJA | O12: Dayana Nicole Espinoza Gonzalez | P12: CORREO ELECTRONICO | Q12: =IF(L12>15,"FUERA DE TIEMPO","DENTRO DEL TIEMPO") -> DENTRO DEL TIEMPO
A13: 8 | B13: MDT-DRTSPL-2023-4346-E | C13: 45110 | D13: 45110 | E13: 2 | F13: ATENDIDO | G13: Yajaira Katherine Lozada Bravo | H13: DIRECCIÓN REGIONAL DEL TRABAJO Y SERVICIO PÚBLICO DE LOJA | I13: Yajaira Katherine Lozada Bravo (MDT) | J13: 45111.5 | K13: 45111.5 | L13: =+NETWORKDAYS(D13,K13,$R$6:$R$404)-1 -> 1 | M13: MDT-DRTSPL-2023-5370-O | N13: LOJA | O13: Victor Hugo Sarmiento Garzón. | P13: CORREO ELECTRONICO | Q13: =IF(L13>15,"FUERA DE TIEMPO","DENTRO DEL TIEMPO") -> DENTRO DEL TIEMPO
A14: 9 | B14: MDT-DRTSPL-2023-4347-E | C14: 45110 | D14: 45110 | E14: 2 | F14: ATENDIDO | G14: Yajaira Katherine Lozada Bravo | H14: DIRECCIÓN REGIONAL DEL TRABAJO Y SERVICIO PÚBLICO DE LOJA | I14: Yajaira Katherine Lozada Bravo (MDT) | J14: 45111.521 | K14: 45111.521 | L14: =+NETWORKDAYS(D14,K14,$R$6:$R$404)-1 -> 1 | M14: MDT-DRTSPL-2023-5371-O | N14: LOJA | O14: Vanessa Paulina Castro Campoverde | P14: CORREO ELECTRONICO | Q14: =IF(L14>15,"FUERA DE TIEMPO","DENTRO DEL TIEMPO") -> DENTRO DEL TIEMPO
A15: 10 | B15: MDT-DRTSPL-2023-4348-E | C15: 45110 | D15: 45110 | E15: 2 | F15: ATENDIDO | G15: Yajaira Katherine Lozada Bravo | H15: DIRECCIÓN REGIONAL DEL TRABAJO Y SERVICIO PÚBLICO DE LOJA | I15: Yajaira Katherine Lozada Bravo (MDT) | J15: 45111.527 | K15: 45111.527 | L15: =+NETWORKDAYS(D15,K15,$R$6:$R$404)-1 -> 1 | M15: MDT-DRTSPL-2023-5375-O | N15: LOJA | O15: Santiago Paul Montaño Maldonado | P15: CORREO ELECTRONICO | Q15: =IF(L15>15,"FUERA DE TIEMPO","DENTRO DEL TIEMPO") -> DENTRO DEL TIEMPO
A16: 11 | B16: MDT-DRTSPL-2023-4353-E | C16: 45110 | D16: 45110 | E16: 2 | F16: ATENDIDO | G16: Yajaira Katherine Lozada Bravo | H16: DIRECCIÓN REGIONAL DEL TRABAJO Y SERVICIO PÚBLICO DE LOJA | I16: Yajaira Katherine Lozada Bravo (MDT) | J16: 45111.435 | K16: 45111.435 | L16: =+NETWORKDAYS(D16,K16,$R$6:$R$404)-1 -> 1 | M16: MDT-DRTSPL-2023-5366-O | N16: LOJA | O16: Fernando Patricio Perez Andrade | P16: CORREO ELECTRONICO | Q16: =IF(L16>15,"FUERA DE TIEMPO","DENTRO DEL TIEMPO") -> DENTRO DEL TIEMPO
A17: 12 | B17: MDT-DRTSPL-2023-4356-E | C17: 45110 | D17: 45110 | E17: 2 | F17: ATENDIDO | G17: Yajaira Katherine Lozada Bravo | H17: DIRECCIÓN REGIONAL DEL TRABAJO Y SERVICIO PÚBLICO DE LOJA | I17: Yajaira Katherine Lozada Bravo (MDT) | J17: 45111.541 | K17: 45111.541 | L17: =+NETWORKDAYS(D17,K17,$R$6:$R$404)-1 -> 1 | M17: MDT-DRTSPL-2023-5376-O | N17: LOJA | O17: Gonzalo Iván Aguirre Valdivieso | P17: CORREO ELECTRONICO | Q17: =IF(L17>15,"FUERA DE TIEMPO","DENTRO DEL TIEMPO") -> DENTRO DEL TIEMPO
... A59: 54 | B59: MDT-DRTSPL-2023-4448-E | C59: 45113 | D59: 45113 | E59: 2 | F59: ATENDIDO | G59: Yajaira Katherine Lozada Bravo | H59: DIRECCIÓN REGIONAL DEL TRABAJO Y SERVICIO PÚBLICO DE LOJA | I59: Yajaira Katherine Lozada Bravo (MDT) | J59: 45117.664 | K59: 45117.664 | L59: =+NETWORKDAYS(D59,K59,$R$6:$R$404)-1 -> 2 | M59: MDT-DRTSPL-2023-5475-O | N59: LOJA | O59: Carlos Orlando Ulloa | P59: CORREO ELECTRONICO | Q59: =IF(L59>15,"FUERA DE TIEMPO","DENTRO DEL TIEMPO") -> DENTRO DEL TIEMPO
A60: 55 | B60: MDT-DRTSPL-2023-4449-E | C60: 45113 | D60: 45113 | E60: 0 | F60: REASIGNADO | G60: Sandra Alicia Freire Ramírez | H60: DIRECCIÓN DE RECURSOS Y SUMARIOS ADMINISTRATIVOS | I60: Sandra Alicia Freire Ramírez | L60: =+NETWORKDAYS(D60,K60,$R$6:$R$404)-1 -> -32225 | N60: LOJA | O60: Juana Elizabeth Cañar Vega | P60: CORREO ELECTRONICO | Q60: =IF(L60>15,"FUERA DE TIEMPO","DENTRO DEL TIEMPO") -> DENTRO DEL TIEMPO
A61: 56 | B61: MDT-DRTSPL-2023-4451-E | C61: 45113 | D61: 45113 | E61: 2 | F61: ATENDIDO | G61: Yajaira Katherine Lozada Bravo | H61: DIRECCIÓN REGIONAL DEL TRABAJO Y SERVICIO PÚBLICO DE LOJA | I61: Yajaira Katherine Lozada Bravo (MDT) | J61: 45117.684 | K61: 45117.684 | L61: =+NETWORKDAYS(D61,K61,$R$6:$R$404)-1 -> 2 | M61: MDT-DRTSPL-2023-5482-O | N61: LOJA | O61: Juan Carlos Montaño Silva | P61: CORREO ELECTRONICO | Q61: =IF(L61>15,"FUERA DE TIEMPO","DENTRO DEL TIEMPO") -> DENTRO DEL TIEMPO
A62: 57 | B62: MDT-DRTSPL-2023-4452-E | C62: 45113 | D62: 45113 | E62: 56 | F62: ATENDIDO | G62: Mayté Del Cisne Elizalde Vivanco | H62: DIRECCIÓN REGIONAL DEL TRABAJO Y SERVICIO PÚBLICO DE LOJA | I62: Mayté Del Cisne Elizalde Vivanco (MDT) | J62: 45120.596 | K62: 45120.596 | L62: =+NETWORKDAYS(D62,K62,$R$6:$R$404)-1 -> 5 | M62: MDT-DRTSPL-2023-5559-O | N62: LOJA | O62: Esperanza Del Cisne Armijos Herrera | P62: CORREO ELECTRONICO | Q62: =IF(L62>15,"FUERA DE TIEMPO","DENTRO DEL TIEMPO") -> DENTRO DEL TIEMPO
A63: 58 | B63: MDT-DRTSPL-2023-4453-E | C63: 45113 | D63: 45113 | E63: 3 | F63: ATENDIDO | G63: Mayté Del Cisne Elizalde Vivanco (MDT) | H63: DIRECCIÓN REGIONAL DEL TRABAJO Y SERVICIO PÚBLICO DE LOJA | I63: Mayté Del Cisne Elizalde Vivanco (MDT) | J63: 45117.497 | K63: 45117.497 | L63: =+NETWORKDAYS(D63,K63,$R$6:$R$404)-1 -> 2 | M63: MDT-DRTSPL-2023-5467-O | N63: LOJA | O63: Lorena Yadira Luna Jaramillo 230280351793 | P63: CORREO ELECTRONICO | Q63: =IF(L63>15,"FUERA DE TIEMPO","DENTRO DEL TIEMPO") -> DENTRO DEL TIEMPO
A64: 59 | B64: MDT-DRTSPL-2023-4458-E | C64: 45114 | D64: 45114 | E64: 2 | F64: ATENDIDO | G64: Yajaira Katherine Lozada Bravo | H64: DIRECCIÓN REGIONAL DEL TRABAJO Y SERVICIO PÚBLICO DE LOJA | I64: Yajaira Katherine Lozada Bravo (MDT) | J64: 45118.365 | K64: 45118.365 | L64: =+NETWORKDAYS(D64,K64,$R$6:$R$404)-1 -> 2 | M64: MDT-DRTSPL-2023-5486-O | N64: LOJA | O64: Diego Fernando Villavicencio Neira | P64: CORREO ELECTRONICO | Q64: =IF(L64>15,"FUERA DE TIEMPO","DENTRO DEL TIEMPO") -> DENTRO DEL TIEMPO
A65: 60 | B65: MDT-DRTSPL-2023-4459-E | C65: 45114 | D65: 45114 | E65: 2 | F65: ATENDIDO | G65: Yajaira Katherine Lozada Bravo | H65: DIRECCIÓN REGIONAL DEL TRABAJO Y SERVICIO PÚBLICO DE LOJA | I65: Yajaira Katherine Lozada Bravo (MDT) | J65: 45118.372 | K65: 45118.372 | L65: =+NETWORKDAYS(D65,K65,$R$6:$R$404)-1 -> 2 | M65: MDT-DRTSPL-2023-5487-O | N65: LOJA | O65: Freddy Rolando Sanchez Yunga | P65: CORREO ELECTRONICO | Q65: =IF(L65>15,"FUERA DE TIEMPO","DENTRO DEL TIEMPO") -> DENTRO DEL TIEMPO
A66: 61 | B66: MDT-DRTSPL-2023-4460-E | C66: 45114 | D66: 45114 | E66: 2 | F66: ATENDIDO | G66: Mayté Del Cisne Elizalde Vivanco | H66: DIRECCIÓN REGIONAL DEL TRABAJO Y SERVICIO PÚBLICO DE LOJA | I66: Mayté Del Cisne Elizalde Vivanco (MDT) | J66: 45120.688 | K66: 45120.688 | L66: =+NETWORKDAYS(D66,K66,$R$6:$R$404)-1 -> 4 | M66: MDT-DRTSPL-2023-5561-O | N66: LOJA | O66: Manrique Darwin Diaz Moreno | P66: CORREO ELECTRONICO | Q66: =IF(L66>15,"FUERA DE TIEMPO","DENTRO DEL TIEMPO") -> DENTRO DEL TIEMPO
A67: 62 | B67: MDT-DRTSPL-2023-4463-E | C67: 45114 | D67: 45114 | E67: 2 | F67: ATENDIDO | G67: Yajaira Katherine Lozada Bravo | H67: DIRECCIÓN REGIONAL DEL TRABAJO Y SERVICIO PÚBLICO DE LOJA | I67: Yajaira Katherine Lozada Bravo (MDT) | J67: 45118.405 | K67: 45118.405 | L67: =+NETWORKDAYS(D67,K67,$R$6:$R$404)-1 -> 2 | M67: MDT-DRTSPL-2023-5488-O | N67: LOJA | O67: Fernando Silvio Labanda Ordoñez | P67: CORREO ELECTRONICO | Q67: =IF(L67>15,"FUERA DE TIEMPO","DENTRO DEL TIEMPO") -> DENTRO DEL TIEMPO
A68: 63 | B68: MDT-DRTSPL-2023-4464-E | C68: 45114 | D68: 45114 | E68: 2 | F68: ATENDIDO | G68: Yajaira Katherine Lozada Bravo | H68: DIRECCIÓN REGIONAL DEL TRABAJO Y SERVICIO PÚBLICO DE LOJA | I68: Yajaira Katherine Lozada Bravo (MDT) | J68: 45118.433 | K68: 45118.433 | L68: =+NETWORKDAYS(D68,K68,$R$6:$R$404)-1 -> 2 | M68: MDT-DRTSPL-2023-5489-O | N68: LOJA | O68: Alexander Fabian Guerrero Fernández | P68: CORREO ELECTRONICO | Q68: =IF(L68>15,"FUERA DE TIEMPO","DENTRO DEL TIEMPO") -> DENTRO DEL TIEMPO
A69: 64 | B69: MDT-DRTSPL-2023-4465-E | C69: 45114 | D69: 45114 | E69: 2 | F69: ATENDIDO | G69: Yajaira Katherine Lozada Bravo | H69: DIRECCIÓN REGIONAL DEL TRABAJO Y SERVICIO PÚBLICO DE LOJA | I69: Mayté Del Cisne Elizalde Vivanco (MDT) | J69: 45114.696 | K69: 45114.696 | L69: =+NETWORKDAYS(D69,K69,$R$6:$R$404)-1 -> 0 | M69: MDT-DRTSPL-2023-5441-O | N69: LOJA | O69: Amed Patricio Espinosa Godoy | P69: CORREO ELECTRONICO | Q69: =IF(L69>15,"FUERA DE TIEMPO","DENTRO DEL TIEMPO") -> DENTRO DEL TIEMPO
A70: 65 | B70: MDT-DRTSPL-2023-4468-E | C70: 45114 | D70: 45114 | E70: 2 | F70: ATENDIDO | G70: Yajaira Katherine Lozada Bravo | H70: DIRECCIÓN REGIONAL DEL TRABAJO Y SERVICIO PÚBLICO DE LOJA | I70: Mayté Del Cisne Elizalde Vivanco (MDT) | J70: 45118.47 | K70: 45118.47 | L70: =+NETWORKDAYS(D70,K70,$R$6:$R$404)-1 -> 2 | M70: MDT-DRTSPL-2023-5494-O | N70: LOJA | O70: Veronica Stefania Loaiza Godoy | P70: CORREO ELECTRONICO | Q70: =IF(L70>15,"FUERA DE TIEMPO","DENTRO DEL TIEMPO") -> DENTRO DEL TIEMPO
A71: 66 | B71: MDT-DRTSPL-2023-4469-E | C71: 45114 | D71: 45114 | E71: 2 | F71: ATENDIDO | G71: Yajaira Katherine Lozada Bravo | H71: DIRECCIÓN REGIONAL DEL TRABAJO Y SERVICIO PÚBLICO DE LOJA | I71: Yajaira Katherine Lozada Bravo (MDT) | J71: 45118.483 | K71: 45118.483 | L71: =+NETWORKDAYS(D71,K71,$R$6:$R$404)-1 -> 2 | M71: MDT-DRTSPL-2023-5495-O | N71: LOJA | O71: Klever Vicente Troya | P71: CORREO ELECTRONICO | Q71: =IF(L71>15,"FUERA DE TIEMPO","DENTRO DEL TIEMPO") -> DENTRO DEL TIEMPO
A72: 67 | B72: MDT-DRTSPL-2023-4470-E | C72: 45114 | D72: 45114 | E72: 2 | F72: ATENDIDO | G72: Yajaira Katherine Lozada Bravo | H72: DIRECCIÓN REGIONAL DEL TRABAJO Y SERVICIO PÚBLICO DE LOJA | I72: Yajaira Katherine Lozada Bravo (MDT) | J72: 45118.517 | K72: 45118.517 | L72: =+NETWORKDAYS(D72,K72,$R$6:$R$404)-1 -> 2 | M72: MDT-DRTSPL-2023-5496-O | N72: LOJA | O72: Klever Vicente Troya | P72: CORREO ELECTRONICO | Q72: =IF(L72>15,"FUERA DE TIEMPO","DENTRO DEL TIEMPO") -> DENTRO DEL TIEMPO
... A323: 318 | B323: MDT-DRTSPL-2023-5031-E | C323: 45134 | D323: 45134 | E323: 2 | F323: ATENDIDO | G323: Mayté Del Cisne Elizalde Vivanco | H323: DIRECCIÓN REGIONAL DEL TRABAJO Y SERVICIO PÚBLICO DE LOJA | I323: Mayté Del Cisne Elizalde Vivanco (MDT) | J323: 45135.373 | K323: 45135.373 | L323: =+NETWORKDAYS(D323,K323,$R$6:$R$404)-1 -> 1 | M323: MDT-DRTSPL-2023-5919-O | N323: LOJA | O323: Luis Alfredo Mogrovejo Salcedo | P323: CORREO ELECTRONICO | Q323: =IF(L323>15,"FUERA DE TIEMPO","DENTRO DEL TIEMPO") -> DENTRO DEL TIEMPO
A324: 319 | B324: MDT-DRTSPL-2023-5032-E | C324: 45134 | D324: 45134 | E324: 56 | F324: ATENDIDO | G324: Mayté Del Cisne Elizalde Vivanco | H324: DIRECCIÓN REGIONAL DEL TRABAJO Y SERVICIO PÚBLICO DE LOJA | I324: Mayté Del Cisne Elizalde Vivanco (MDT) | J324: 45141.486 | K324: 45141.486 | L324: 0 | M324: MDT-DRTSPL-2023-6053-O | N324: LOJA | O324: Mariana de Jesus Reyes | P324: CORREO ELECTRONICO | Q324: =IF(L324>15,"FUERA DE TIEMPO","DENTRO DEL TIEMPO") -> DENTRO DEL TIEMPO
A325: 320 | B325: MDT-DRTSPL-2023-5033-E | C325: 45134 | D325: 45134 | E325: 2 | F325: ATENDIDO | G325: Mayté Del Cisne Elizalde Vivanco | H325: DIRECCIÓN REGIONAL DEL TRABAJO Y SERVICIO PÚBLICO DE LOJA | I325: Mayté Del Cisne Elizalde Vivanco (MDT) | J325: 45135 | K325: 45135 | L325: 1 | M325: MDT-DPTSPZCH-2023-0223-O | N325: LOJA | O325: Ariane Jamileth Vinces Rueda | P325: CORREO ELECTRONICO | Q325: =IF(L325>15,"FUERA DE TIEMPO","DENTRO DEL TIEMPO") -> DENTRO DEL TIEMPO
A326: 321 | B326: MDT-DRTSPL-2023-5034-E | C326: 45134 | D326: 45134 | E326: 2 | F326: ATENDIDO | G326: Rosa Rosa Marlene Rey Curay Curay | H326: DIRECCIÓN REGIONAL DEL TRABAJO Y SERVICIO PÚBLICO DE LOJA | I326: Rosa Rosa Marlene Rey Curay Curay | J326: 45135.473 | K326: 45135.473 | L326: 1 | M326: MDT-DRTSPL-2023-5922-O | N326: LOJA | O326: Wilma Judith Icaza Espinoza | P326: CORREO ELECTRONICO | Q326: =IF(L326>15,"FUERA DE TIEMPO","DENTRO DEL TIEMPO") -> DENTRO DEL TIEMPO
A327: 322 | B327: MDT-DRTSPL-2023-5038-E | C327: 45134 | D327: 45134 | E327: 2 | F327: ATENDIDO | G327: Mayté Del Cisne Elizalde Vivanco | H327: DIRECCIÓN REGIONAL DEL TRABAJO Y SERVICIO PÚBLICO DE LOJA | I327: Mayté Del Cisne Elizalde Vivanco (MDT) | J327: 45135.486 | K327: 45135.486 | L327: 1 | M327: MDT-DRTSPL-2023-5923-O | N327: LOJA | O327: Jhonnson Xavier Cabrera Cabrera | P327: CORREO ELECTRONICO | Q327: =IF(L327>15,"FUERA DE TIEMPO","DENTRO DEL TIEMPO") -> DENTRO DEL TIEMPO
A328: 323 | B328: MDT-DRTSPL-2023-5039-E | C328: 45134 | D328: 45134 | E328: 54 | F328: ATENDIDO | G328: Mayté Del Cisne Elizalde Vivanco | H328: DIRECCIÓN REGIONAL DEL TRABAJO Y SERVICIO PÚBLICO DE LOJA | I328: Mayté Del Cisne Elizalde Vivanco (MDT) | J328: 45135.502 | K328: 45135.502 | L328: 0 | M328: MDT-DRTSPL-2023-5924-O | N328: LOJA | O328: Jhonnson Xavier Cabrera Cabrera | P328: CORREO ELECTRONICO | Q328: =IF(L328>15,"FUERA DE TIEMPO","DENTRO DEL TIEMPO") -> DENTRO DEL TIEMPO
A329: 324 | B329: MDT-DRTSPL-2023-5040-E | C329: 45134 | D329: 45134 | E329: 2 | F329: ATENDIDO | G329: Mayté Del Cisne Elizalde Vivanco | H329: DIRECCIÓN REGIONAL DEL TRABAJO Y SERVICIO PÚBLICO DE LOJA | I329: Mayté Del Cisne Elizalde Vivanco (MDT) | J329: 45135.56 | K329: 45135.56 | L329: 0 | M329: MDT-DRTSPL-2023-5927-O | N329: LOJA | O329: Lauro Vinicio Poma Seraquive | P329: CORREO ELECTRONICO | Q329: =IF(L329>15,"FUERA DE TIEMPO","DENTRO DEL TIEMPO") -> DENTRO DEL TIEMPO
A330: 325 | B330: MDT-DRTSPL-2023-5042-E | C330: 45134 | D330: 45134 | E330: 2 | F330: ATENDIDO | G330: Mayté Del Cisne Elizalde Vivanco | H330: DIRECCIÓN REGIONAL DEL TRABAJO Y SERVICIO PÚBLICO DE LOJA | I330: Mayté Del Cisne Elizalde Vivanco (MDT) | J330: 45135.566 | K330: 45135.566 | L330: 5 | M330: MDT-DRTSPL-2023-5928-O | N330: LOJA | O330: Francisco Javier Granda Gonzalez | P330: CORREO ELECTRONICO | Q330: =IF(L330>15,"FUERA DE TIEMPO","DENTRO DEL TIEMPO") -> DENTRO DEL TIEMPO
A331: 326 | B331: MDT-DRTSPL-2023-5044-E | C331: 45134 | D331: 45134 | E331: 2 | F331: ATENDIDO | G331: Mayté Del Cisne Elizalde Vivanco | H331: DIRECCIÓN REGIONAL DEL TRABAJO Y SERVICIO PÚBLICO DE LOJA | I331: Mayté Del Cisne Elizalde Vivanco (MDT) | J331: 45135.577 | K331: 45135.577 | L331: 0 | M331: MDT-DRTSPL-2023-5929-O | N331: LOJA | O331: Silvana Lorena Ortiz Guaman | P331: CORREO ELECTRONICO | Q331: =IF(L331>15,"FUERA DE TIEMPO","DENTRO DEL TIEMPO") -> DENTRO DEL TIEMPO
A332: 327 | B332: MDT-DRTSPL-2023-5045-E | C332: 45134 | D332: 45134 | E332: 2 | F332: ATENDIDO | G332: Mayté Del Cisne Elizalde Vivanco | H332: DIRECCIÓN REGIONAL DEL TRABAJO Y SERVICIO PÚBLICO DE LOJA | I332: Mayté Del Cisne Elizalde Vivanco (MDT) | J332: 45135.589 | K332: 45135.589 | L332: 0 | M332: MDT-DRTSPL-2023-5930-O | N332: LOJA | O332: Paquita Lucía Alejandro Samaniego | P332: CORREO ELECTRONICO | Q332: =IF(L332>15,"FUERA DE TIEMPO","DENTRO DEL TIEMPO") -> DENTRO DEL TIEMPO
A333: 328 | B333: MDT-DRTSPL-2023-5046-E | C333: 45134 | D333: 45134 | E333: 2 | F333: ATENDIDO | G333: Mayté Del Cisne Elizalde Vivanco | H333: DIRECCIÓN REGIONAL DEL TRABAJO Y SERVICIO PÚBLICO DE LOJA | I333: Mayté Del Cisne Elizalde Vivanco (MDT) | J333: 45135.592 | K333: 45135.592 | L333: 0 | M333: MDT-DRTSPL-2023-5931-O | N333: LOJA | O333: Paquita Lucía Alejandro Samaniego | P333: CORREO ELECTRONICO | Q333: =IF(L333>15,"FUERA DE TIEMPO","DENTRO DEL TIEMPO") -> DENTRO DEL TIEMPO
A334: 329 | B334: MDT-DRTSPL-2023-5047-E | C334: 45134 | D334: 45134 | E334: 2 | F334: ATENDIDO | G334: Mayté Del Cisne Elizalde Vivanco | H334: DIRECCIÓN REGIONAL DEL TRABAJO Y SERVICIO PÚBLICO DE LOJA | I334: Mayté Del Cisne Elizalde Vivanco (MDT) | J334: 45135.619 | K334: 45135.619 | L334: 0 | M334: MDT-DRTSPL-2023-5932-O | N334: LOJA | O334: Katherine Michelle Villa Lalangui | P334: CORREO ELECTRONICO | Q334: =IF(L334>15,"FUERA DE TIEMPO","DENTRO DEL TIEMPO") -> DENTRO DEL TIEMPO
A335: 330 | B335: MDT-DRTSPL-2023-5048-E | C335: 45134 | D335: 45134 | E335: 2 | F335: ATENDIDO | G335: Mayté Del Cisne Elizalde Vivanco | H335: DIRECCIÓN REGIONAL DEL TRABAJO Y SERVICIO PÚBLICO DE LOJA | I335: Mayté Del Cisne Elizalde Vivanco (MDT) | J335: 45138.362 | K335: 45138.362 | L335: 0 | M335: MDT-DRTSPL-2023-5939-O | N335: LOJA | O335: Angel Patricio Capa Paladines | P335: CORREO ELECTRONICO | Q335: =IF(L335>15,"FUERA DE TIEMPO","DENTRO DEL TIEMPO") -> DENTRO DEL TIEMPO
... A353: 348 | B353: MDT-DRTSPL-2023-5078-E | C353: 45135 | D353: 45135 | E353: 2 | F353: ATENDIDO | G353: Mayté Del Cisne Elizalde Vivanco | H353: DIRECCIÓN REGIONAL DEL TRABAJO Y SERVICIO PÚBLICO DE LOJA | I353: Mayté Del Cisne Elizalde Vivanco (MDT) | J353: 45138.533 | K353: 45138.533 | L353: 0 | M353: MDT-DRTSPL-2023-5977-O | N353: LOJA | O353: Walter Antonio Samaniego Arevalo | P353: CORREO ELECTRONICO | Q353: =IF(L353>15,"FUERA DE TIEMPO","DENTRO DEL TIEMPO") -> DENTRO DEL TIEMPO
A354: 349 | B354: MDT-DRTSPL-2023-5079-E | C354: 45135 | D354: 45135 | E354: 2 | F354: ATENDIDO | G354: Mayté Del Cisne Elizalde Vivanco | H354: DIRECCIÓN REGIONAL DEL TRABAJO Y SERVICIO PÚBLICO DE LOJA | I354: Mayté Del Cisne Elizalde Vivanco (MDT) | J354: 45138.633 | K354: 45138.633 | L354: =+NETWORKDAYS(D354,K354,$R$6:$R$404)-1 -> 1 | M354: MDT-DRTSPL-2023-5984-O | N354: LOJA | O354: Victor Hugo Sarmiento Garzón. | P354: CORREO ELECTRONICO | Q354: =IF(L354>15,"FUERA DE TIEMPO","DENTRO DEL TIEMPO") -> DENTRO DEL TIEMPO
A355: 350 | B355: MDT-DRTSPL-2023-5080-E | C355: 45135 | D355: 45135 | E355: 2 | F355: ATENDIDO | G355: Mayté Del Cisne Elizalde Vivanco | H355: DIRECCIÓN REGIONAL DEL TRABAJO Y SERVICIO PÚBLICO DE LOJA | I355: Mayté Del Cisne Elizalde Vivanco (MDT) | J355: 45138.65 | K355: 45138.65 | L355: =+NETWORKDAYS(D355,K355,$R$6:$R$404)-1 -> 1 | M355: MDT-DRTSPL-2023-5985-O | N355: LOJA | O355: Carlos Eduardo Paccha Soto | P355: CORREO ELECTRONICO | Q355: =IF(L355>15,"FUERA DE TIEMPO","DENTRO DEL TIEMPO") -> DENTRO DEL TIEMPO
A356: 351 | B356: MDT-DRTSPL-2023-5081-E | C356: 45135 | D356: 45135 | E356: 60 | F356: ATENDIDO | G356: Mayté Del Cisne Elizalde Vivanco | H356: DIRECCIÓN REGIONAL DEL TRABAJO Y SERVICIO PÚBLICO DE LOJA | I356: Mayté Del Cisne Elizalde Vivanco (MDT) | J356: 45145.466 | K356: 45145.466 | L356: =+NETWORKDAYS(D356,K356,$R$6:$R$404)-1 -> 6 | M356: MDT-DRTSPL-2023-6099-O | N356: LOJA | O356: Jhonny Fabián Ordoñez Abad | P356: CORREO ELECTRONICO | Q356: =IF(L356>15,"FUERA DE TIEMPO","DENTRO DEL TIEMPO") -> DENTRO DEL TIEMPO
A357: 352 | B357: MDT-DRTSPL-2023-5087-E | C357: 45135 | D357: 45135 | E357: 2 | F357: ATENDIDO | G357: Mayté Del Cisne Elizalde Vivanco | H357: DIRECCIÓN REGIONAL DEL TRABAJO Y SERVICIO PÚBLICO DE LOJA | I357: Mayté Del Cisne Elizalde Vivanco (MDT) | J357: 45138.661 | K357: 45138.661 | L357: =+NETWORKDAYS(D357,K357,$R$6:$R$404)-1 -> 1 | M357: MDT-DRTSPL-2023-5986-O | N357: LOJA | O357: Luis Lautaro Moreno Arrobo | P357: CORREO ELECTRONICO | Q357: =IF(L357>15,"FUERA DE TIEMPO","DENTRO DEL TIEMPO") -> DENTRO DEL TIEMPO
A358: 353 | B358: MDT-DRTSPL-2023-5088-E | C358: 45135 | D358: 45135 | E358: 2 | F358: ATENDIDO | G358: Mayté Del Cisne Elizalde Vivanco | H358: DIRECCIÓN REGIONAL DEL TRABAJO Y SERVICIO PÚBLICO DE LOJA | I358: Mayté Del Cisne Elizalde Vivanco (MDT) | J358: 45138.67 | K358: 45138.67 | L358: =+NETWORKDAYS(D358,K358,$R$6:$R$404)-1 -> 1 | M358: MDT-DRTSPL-2023-5987-O | N358: LOJA | O358: Luis Lautaro Moreno Arrobo | P358: CORREO ELECTRONICO | Q358: =IF(L358>15,"FUERA DE TIEMPO","DENTRO DEL TIEMPO") -> DENTRO DEL TIEMPO
A359: 354 | B359: MDT-DRTSPL-2023-5090-E | C359: 45135 | D359: 45135 | E359: 2 | F359: ATENDIDO | G359: Mayté Del Cisne Elizalde Vivanco | H359: DIRECCIÓN REGIONAL DEL TRABAJO Y SERVICIO PÚBLICO DE LOJA | I359: Mayté Del Cisne Elizalde Vivanco (MDT) | J359: 45138.679 | K359: 45138.679 | L359: =+NETWORKDAYS(D359,K359,$R$6:$R$404)-1 -> 1 | M359: MDT-DRTSPL-2023-5988-O | N359: LOJA | O359: Gilber Eduardo Armijos Aguilar | P359: CORREO ELECTRONICO | Q359: =IF(L359>15,"FUERA DE TIEMPO","DENTRO DEL TIEMPO") -> DENTRO DEL TIEMPO
A360: 355 | B360: MDT-DRTSPL-2023-5092-E | C360: 45135 | D360: 45135 | E360: 2 | F360: ATENDIDO | G360: Mayté Del Cisne Elizalde Vivanco | H360: DIRECCIÓN REGIONAL DEL TRABAJO Y SERVICIO PÚBLICO DE LOJA | I360: Mayté Del Cisne Elizalde Vivanco (MDT) | J360: 45139.375 | K360: 45139.375 | L360: =+NETWORKDAYS(D360,K360,$R$6:$R$404)-1 -> 2 | M360: MDT-DRTSPL-2023-5990-O | N360: LOJA | O360: Camila Belen Jimenez Castillo | P360: CORREO ELECTRONICO | Q360: =IF(L360>15,"FUERA DE TIEMPO","DENTRO DEL TIEMPO") -> DENTRO DEL TIEMPO
A361: 356 | B361: MDT-DRTSPL-2023-5093-E | C361: 45135 | D361: 45135 | E361: 2 | F361: ATENDIDO | G361: Mayté Del Cisne Elizalde Vivanco | H361: DIRECCIÓN REGIONAL DEL TRABAJO Y SERVICIO PÚBLICO DE LOJA | I361: Mayté Del Cisne Elizalde Vivanco (MDT) | J361: 45139.408 | K361: 45139.408 | L361: =+NETWORKDAYS(D361,K361,$R$6:$R$404)-1 -> 2 | M361: MDT-DRTSPL-2023-5993-O | N361: LOJA | O361: Alex Rene Hidalgo Paredes | P361: CORREO ELECTRONICO | Q361: =IF(L361>15,"FUERA DE TIEMPO","DENTRO DEL TIEMPO") -> DENTRO DEL TIEMPO
A362: 357 | B362: MDT-DRTSPL-2023-5094-E | C362: 45135 | D362: 45135 | E362: 2 | F362: ATENDIDO | G362: Mayté Del Cisne Elizalde Vivanco | H362: DIRECCIÓN REGIONAL DEL TRABAJO Y SERVICIO PÚBLICO DE LOJA | I362: Mayté Del Cisne Elizalde Vivanco (MDT) | J362: 45139.427 | K362: 45139.427 | L362: =+NETWORKDAYS(D362,K362,$R$6:$R$404)-1 -> 2 | M362: MDT-DRTSPL-2023-5994-O | N362: LOJA | O362: Alex Rene Hidalgo Paredes | P362: CORREO ELECTRONICO | Q362: =IF(L362>15,"FUERA DE TIEMPO","DENTRO DEL TIEMPO") -> DENTRO DEL TIEMPO
A363: 358 | B363: MDT-DRTSPL-2023-5095-E | C363: 45135 | D363: 45135 | E363: 2 | F363: ATENDIDO | G363: Mayté Del Cisne Elizalde Vivanco | H363: DIRECCIÓN REGIONAL DEL TRABAJO Y SERVICIO PÚBLICO DE LOJA | I363: Mayté Del Cisne Elizalde Vivanco (MDT) | J363: 45139.431 | K363: 45139.431 | L363: =+NETWORKDAYS(D363,K363,$R$6:$R$404)-1 -> 2 | M363: MDT-DRTSPL-2023-5995-O | N363: LOJA | O363: Alex Rene Hidalgo Paredes | P363: CORREO ELECTRONICO | Q363: =IF(L363>15,"FUERA DE TIEMPO","DENTRO DEL TIEMPO") -> DENTRO DEL TIEMPO
A364: 359 | B364: MDT-DRTSPL-2023-5096-E | C364: 45135 | D364: 45135 | E364: 2 | F364: ATENDIDO | G364: Mayté Del Cisne Elizalde Vivanco | H364: DIRECCIÓN REGIONAL DEL TRABAJO Y SERVICIO PÚBLICO DE LOJA | I364: Mayté Del Cisne Elizalde Vivanco (MDT) | J364: 45139.434 | K364: 45139.434 | L364: =+NETWORKDAYS(D364,K364,$R$6:$R$404)-1 -> 2 | M364: MDT-DRTSPL-2023-5996-O | N364: LOJA | O364: Alex Rene Hidalgo Paredes | P364: CORREO ELECTRONICO | Q364: =IF(L364>15,"FUERA DE TIEMPO","DENTRO DEL TIEMPO") -> DENTRO DEL TIEMPO
A365: 360 | B365: MDT-DRTSPL-2023-5097-E | C365: 45135 | D365: 45135 | E365: 2 | F365: ATENDIDO | G365: Mayté Del Cisne Elizalde Vivanco | H365: DIRECCIÓN REGIONAL DEL TRABAJO Y SERVICIO PÚBLICO DE LOJA | I365: Mayté Del Cisne Elizalde Vivanco (MDT) | J365: 45139.441 | K365: 45139.441 | L365: =+NETWORKDAYS(D365,K365,$R$6:$R$404)-1 -> 2 | M365: MDT-DRTSPL-2023-5997-O | N365: LOJA | O365: Alex Rene Hidalgo Paredes | P365: CORREO ELECTRONICO | Q365: =IF(L365>15,"FUERA DE TIEMPO","DENTRO DEL TIEMPO") -> DENTRO DEL TIEMPO
... A421: 416 | B421: MDT-DPTSPZCH-2023-0712-E | C421: 45134 | D421: 45134 | E421: 2 | F421: ATENDIDO | G421: Rosa Marlene Rey Curay | H421: DELEGACIÓN PROVINCIAL DE TRABAJO Y SERVICIO PÚBLICO DE ZAMORA CHINCHIPE | I421: Rosa Marlene Rey Curay | J421: 45134 | K421: 45134 | L421: =+NETWORKDAYS(D421,K421,$R$6:$R$404)-1 -> 0 | M421: MDT-DPTSPZCH-2023-0212-O | N421: ZAMORA | O421: Enterga persnal | P421: FIRMA ELECTRONICA | Q421: =IF(L421>15,"FUERA DE TIEMPO","DENTRO DEL TIEMPO") -> DENTRO DEL TIEMPO
A422: 417 | B422: MDT-DPTSPZCH-2023-0713-E | C422: 45134 | D422: 45134 | E422: 2 | F422: ATENDIDO | G422: Rosa Marlene Rey Curay | H422: DELEGACIÓN PROVINCIAL DE TRABAJO Y SERVICIO PÚBLICO DE ZAMORA CHINCHIPE | I422: Rosa Marlene Rey Curay | J422: 45134 | K422: 45134 | L422: =+NETWORKDAYS(D422,K422,$R$6:$R$404)-1 -> 0 | M422: MDT-DPTSPZCH-2023-02123-O | N422: ZAMORA | O422: Enterga persnal | Q422: =IF(L422>15,"FUERA DE TIEMPO","DENTRO DEL TIEMPO") -> DENTRO DEL TIEMPO
A423: 418 | B423: MDT-DPTSPZCH-2023-0714-E | C423: 45134 | D423: 45134 | E423: 2 | F423: ATENDIDO | G423: Rosa Marlene Rey Curay | H423: DELEGACIÓN PROVINCIAL DE TRABAJO Y SERVICIO PÚBLICO DE ZAMORA CHINCHIPE | I423: Rosa Marlene Rey Curay | J423: 45134 | K423: 45134 | L423: =+NETWORKDAYS(D423,K423,$R$6:$R$404)-1 -> 0 | M423: MDT-DPTSPZCH-2023-0214-O | N423: ZAMORA | O423: Enterga persnal | Q423: =IF(L423>15,"FUERA DE TIEMPO","DENTRO DEL TIEMPO") -> DENTRO DEL TIEMPO
A424: 419 | B424: MDT-DPTSPZCH-2023-0715-E | C424: 45134 | D424: 45134 | E424: 2 | F424: ATENDIDO | G424: Rosa Marlene Rey Curay | H424: DELEGACIÓN PROVINCIAL DE TRABAJO Y SERVICIO PÚBLICO DE ZAMORA CHINCHIPE | I424: Rosa Marlene Rey Curay | J424: 45134 | K424: 45134 | L424: =+NETWORKDAYS(D424,K424,$R$6:$R$404)-1 -> 0 | M424: MDT-DPTSPZCH-2023-0215-O | N424: ZAMORA | O424: Enterga persnal | Q424: =IF(L424>15,"FUERA DE TIEMPO","DENTRO DEL TIEMPO") -> DENTRO DEL TIEMPO
A425: 420 | B425: MDT-DPTSPZCH-2023-0716-E | C425: 45134 | D425: 45134 | E425: 2 | F425: ATENDIDO | G425: Rosa Marlene Rey Curay | H425: DELEGACIÓN PROVINCIAL DE TRABAJO Y SERVICIO PÚBLICO DE ZAMORA CHINCHIPE | I425: Rosa Marlene Rey Curay | J425: 45134 | K425: 45134 | L425: =+NETWORKDAYS(D425,K425,$R$6:$R$404)-1 -> 0 | M425: MDT-DPTSPZCH-2023-0216-O | N425: ZAMORA | O425: Enterga persnal | Q425: =IF(L425>15,"FUERA DE TIEMPO","DENTRO DEL TIEMPO") -> DENTRO DEL TIEMPO
A426: 421 | B426: MDT-DPTSPZCH-2023-0717-E | C426: 45134 | D426: 45134 | E426: 2 | F426: ATENDIDO | G426: Rosa Marlene Rey Curay | H426: DELEGACIÓN PROVINCIAL DE TRABAJO Y SERVICIO PÚBLICO DE ZAMORA CHINCHIPE | I426: Rosa Marlene Rey Curay | J426: 45134 | K426: 45134 | L426: =+NETWORKDAYS(D426,K426,$R$6:$R$404)-1 -> 0 | M426: MDT-DPTSPZCH-2023-0217-O | N426: ZAMORA | O426: Enterga persnal | Q426: =IF(L426>15,"FUERA DE TIEMPO","DENTRO DEL TIEMPO") -> DENTRO DEL TIEMPO
A427: 422 | B427: MDT-DPTSPZCH-2023-0718-E | C427: 45134 | D427: 45134 | E427: 2 | F427: ATENDIDO | G427: Rosa Marlene Rey Curay | H427: DELEGACIÓN PROVINCIAL DE TRABAJO Y SERVICIO PÚBLICO DE ZAMORA CHINCHIPE | I427: Rosa Marlene Rey Curay | J427: 45134 | K427: 45134 | L427: =+NETWORKDAYS(D427,K427,$R$6:$R$404)-1 -> 0 | M427: MDT-DPTSPZCH-2023-0218-O | N427: ZAMORA | O427: Enterga persnal | Q427: =IF(L427>15,"FUERA DE TIEMPO","DENTRO DEL TIEMPO") -> DENTRO DEL TIEMPO
A428: 423 | B428: MDT-DPTSPZCH-2023-0719-E | C428: 45134 | D428: 45134 | E428: 2 | F428: ATENDIDO | G428: Rosa Marlene Rey Curay | H428: DELEGACIÓN PROVINCIAL DE TRABAJO Y SERVICIO PÚBLICO DE ZAMORA CHINCHIPE | I428: Rosa Marlene Rey Curay | J428: 45134 | K428: 45134 | L428: =+NETWORKDAYS(D428,K428,$R$6:$R$404)-1 -> 0 | M428: MDT-DPTSPZCH-2023-0219-O | N428: ZAMORA | O428: Enterga persnal | Q428: =IF(L428>15,"FUERA DE TIEMPO","DENTRO DEL TIEMPO") -> DENTRO DEL TIEMPO
