Workbook

Sheet SERVIDORES
E1: SELECCIÓN DE PERSONAL, PROVISIONAL, CONTRATOS - MDT
A3: INSTITUCIÓN EVALUADA:
A4: RESPONSABLE DE LA INFORMACIÓN:
A5: FECHA DE ENTREGA:
A6: NRO. | B6: CÉDULA | C6: APELLIDOS Y NOMBRES DEL SERVIDOR | D6: FECHA DE INGRESO (DD/MM/AAAA) | E6: DOCUMENTACIÓN REQUERIDA | N6: OBSRVACIONES
E7: HOJA DE VIDA | F7: CONSTANCIA DE DECLARACIÓN JURAMENTADA "CGE" | G7: CERTIFICADO DE NO TENER IMPEDIMENTO "MDT" | H7: CERTIFICADO ÚLTIMO SEMESTRE/AÑO O CERTIFICADO REGISTRO TITULO SENESCYT | I7: INFORME TECNICO FAVORABLE UATH | J7: ACCIÓN DE PERSONAL/ CONTRATO OCASIONAL | K7: ACUERDO DE CONFIDENCIALIDAD | L7: REGISTRO DE CAPACITACIÓN INDUCTIVA | M7: RENDICIÓN DE CAUCIÓN CGE
A8: 1 | B8: 1104584360 | C8: ORTEGA FIERRO ANTHONY GUILLERMO | D8: 43831 | E8: NO | F8: NO | G8: NO | H8: NO | I8: NO | J8: NO | K8: NO | L8: NO | M8: NO | N8: No se presentan los expedientes de los servidores que ingresaron a la instititución lo que impide la verificación del cumplimiento de los requisitos para el ingreso al sector público.
A9: 2 | B9: 1103786503 | C9: CARDENAS HERRERA MILENA SOLEDAD | D9: 43860 | E9: NO | F9: NO | G9: NO | H9: NO | I9: NO | J9: NO | K9: NO | L9: NO | M9: NO
A10: 3 | B10: 1104622632 | C10: CALDERON SANMARTIN CARLOS GILBERTO | D10: 43891 | E10: NO | F10: NO | G10: NO | H10: NO | I10: NO | J10: NO | K10: NO | L10: NO | M10: NO
A11: 4 | B11: 1900479112 | C11: ESPINOSA ABARCA ANGEL DAVID | D11: 43983 | E11: NO | F11: NO | G11: NO | H11: NO | I11: NO | J11: NO | K11: NO | L11: NO | M11: NO
A12: 5 | B12: 1105029522 | C12: CASTILLO ABENDAÑO VANESSA CECIBEL | D12: 44256 | E12: NO | F12: NO | G12: NO | H12: NO | I12: NO | J12: NO | K12: NO | L12: NO | M12: NO
A13: 6 | B13: 1104066632 | C13: TANDAZO POGO MARLON ANDRES | D13: 44348 | E13: NO | F13: NO | G13: NO | H13: NO | I13: NO | J13: NO | K13: NO | L13: NO | M13: NO
A14: 7 | B14: 1900868157 | C14: RAMON ORDOÑEZ CRISTIAN JHOEL | D14: 44501 | E14: NO | F14: NO | G14: NO | H14: NO | I14: NO | J14: NO | K14: NO | L14: NO | M14: NO
A15: 8 | B15: 1105876682 | C15: ROJAS ROMAN LUIS DAVID | D15: 44501 | E15: NO | F15: NO | G15: NO | H15: NO | I15: NO | J15: NO | K15: NO | L15: NO | M15: NO
A16: 9 | B16: 1104174733 | C16: CORONEL ESCALERAS LADY DEL CARMEN | D16: 44470 | E16: NO | F16: NO | G16: NO | H16: NO | I16: NO | J16: NO | K16: NO | L16: NO | M16: NO
A17: 10 | B17: 1104435084 | C17: GUERRERO MEDINA VERONICA DEL CISNE | D17: 44593 | E17: NO | F17: NO | G17: NO | H17: NO | I17: NO | J17: NO | K17: NO | L17: NO | M17: NO
D18: SI | E18: =COUNTIF(E8:E17,"SI") -> 0 | F18: =COUNTIF(F8:F17,"SI") -> 0 | G18: =COUNTIF(G8:G17,"SI") -> 0 | H18: =COUNTIF(H8:H17,"SI") -> 0 | I18: =COUNTIF(I8:I17,"SI") -> 0 | J18: =COUNTIF(J8:J17,"SI") -> 0 | K18: =COUNTIF(K8:K17,"SI") -> 0 | L18: =COUNTIF(L8:L17,"SI") -> 0 | M18: =COUNTIF(M8:M17,"SI") -> 0
D19: NO | E19: =COUNTIF(E8:E17,"NO") -> 10 | F19: =COUNTIF(F8:F17,"NO") -> 10 | G19: =COUNTIF(G8:G17,"NO") -> 10 | H19: =COUNTIF(H8:H17,"NO") -> 10 | I19: =COUNTIF(I8:I17,"NO") -> 10 | J19: =COUNTIF(J8:J17,"NO") -> 10 | K19: =COUNTIF(K8:K17,"NO") -> 10 | L19: =COUNTIF(L8:L17,"NO") -> 10 | M19: =COUNTIF(M8:M17,"NO") -> 10
D20: TOTAL | E20: =E18+E19 -> 10 | F20: =F18+F19 -> 10 | G20: =G18+G19 -> 10 | H20: =H18+H19 -> 10 | I20: =I18+I19 -> 10 | J20: =J18+J19 -> 10 | K20: =K18+K19 -> 10 | L20: =L18+L19 -> 10 | M20: =M18+M19 -> 10

Sheet RESUMEN
A1: SERVIDORES
A2: VARIABLE | B2: % DE CUMPLIMIENTO
A3: HOJA DE VIDA | B3: =SERVIDORES!E18/10 -> 0
A4: CONSTANCIA DE DECLARACIÓN JURAMENTADA "CGE" | B4: =SERVIDORES!F18/10 -> 0
A5: CERTIFICADO DE NO TENER IMPEDIMENTO "MDT" | B5: =SERVIDORES!G18/10 -> 0
A6: CERTIFICADO ÚLTIMO SEMESTRE/AÑO O CERTIFICADO REGISTRO TITULO SENESCYT | B6: =SERVIDORES!H18/10 -> 0
A7: INFORME TECNICO FAVORABLE UATH | B7: =SERVIDORES!I18/10 -> 0
A8: ACTA DE GANADOR / ACCIÓN DE PERSONAL/ CONTRATO OCASIONAL | B8: =SERVIDORES!J18/10 -> 0
A9: ACUERDO DE CONFIDENCIALIDAD | B9: =SERVIDORES!K18/10 -> 0
A10: CERTIFICADO DE CAPACITACIÓN INDUCTIVA | B10: =SERVIDORES!L18/10 -> 0
A11: RENDICIÓN DE CAUCIÓN CGE | B11: =SERVIDORES!M18/10 -> 0

Sheet ASESORES FE
F1: PERSONAL ASESOR FUNCIÓN EJECUTIVA
A3: INSTITUCIÓN EVALUADA: | D3: =SERVIDORES!D3 -> 0
A4: RESPONSABLE DE LA INFORMACIÓN: | D4: =SERVIDORES!D4 -> 0
A5: FECHA DE ENTREGA: | D5: =SERVIDORES!D5 -> 0
A6: NRO. | B6: CÉDULA | C6: APELLIDOS Y NOMBRES DEL SERVIDOR | D6: FECHA DE INGRESO (AA/MM/DD) | E6: FECHA DE SALIDA (AA/MM/DD) | F6: NORMA TÉCNICA PARA CONTRATACIÓN DE CONSEJEROS DE GOBIERNO Y ASESORES | P6: OBSRVACIONES
F7: FORMULARIO MRL-CAL-AS-001 | G7: FORMULARIO MRL-CAL-AS-002 | H7: PUNTOS POR INSTRUCCIÓN FORMAL | I7: PUNTOS POR EXPERIENCIA | J7: PUNTOS POR CAPACITACIÓN ESPECÍFICA | K7: PUNTAJE TOTAL | L7: DENOMINACIÓN DEL PUESTO NORMA | M7: PUNTAJE NORMA | N7: INFORME TÉCNICO UATH | O7: INFORME TRIMESTRAL DE ACTIVIDADES
A8: 1
A9: 2
A10: 3
A11: 4
A12: 5
A13: 6
A14: 7
A15: 8
A16: 9
A17: 10

Sheet ASESORES UNIVERSIDADES
F1: PERSONAL ASESOR UNIVERSIDADES
A3: INSTITUCIÓN EVALUADA: | D3: =SERVIDORES!D3 -> 0
A4: RESPONSABLE DE LA INFORMACIÓN: | D4: =SERVIDORES!D4 -> 0
A5: FECHA DE ENTREGA: | D5: =SERVIDORES!D5 -> 0
A6: NRO. | B6: CÉDULA | C6: APELLIDOS Y NOMBRES DEL SERVIDOR | D6: FECHA DE INGRESO (AA/MM/DD) | E6: FECHA DE SALIDA (AA/MM/DD) | F6: NORMA TÉCNICA PARA CONTRATACIÓN DE CONSEJEROS DE GOBIERNO Y ASESORES | P6: OBSRVACIONES
F7: FORMULARIO MRL-CAL-AS-001 | G7: FORMULARIO MRL-CAL-AS-002 | H7: PUNTOS POR INSTRUCCIÓN FORMAL | I7: PUNTOS POR EXPERIENCIA | J7: PUNTOS POR CAPACITACIÓN ESPECÍFICA | K7: PUNTAJE TOTAL | L7: DENOMINACIÓN DEL PUESTO NORMA | M7: PUNTAJE NORMA | N7: INFORME TÉCNICO UATH | O7: INFORME TRIMESTRAL DE ACTIVIDADES
A8: 1 | F8: SI
A9: 2
A10: 3
A11: 4
A12: 5
A13: 6
A14: 7
A15: 8
A16: 9
A17: 10

Sheet EXTRANJEROS
A3: INSTITUCIÓN EVALUADA:
A4: RESPONSABLE DE LA INFORMACIÓN:
A5: FECHA DE ENTREGA:
A6: NRO. | B6: CÉDULA | C6: APELLIDOS Y NOMBRES DEL SERVIDOR | D6: FECHA DE INGRESO (DD/MM/AAAA) | F6: OBSRVACIONES
E7: AUTORIZACIÓN LABORAL
A8: 1
A9: 2
A10: 3
A11: 4
A12: 5
A13: 6
A14: 7
A15: 8
A16: 9
A17: 10
D18: SI | E18: =COUNTIF(E8:E17,"SI") -> 0
D19: NO | E19: =COUNTIF(E8:E17,"NO") -> 0
D20: TOTAL | E20: =E18+E19 -> 0

Sheet CÁLCULO 20 %
D1: EVALUACIÓN DE PORCENTAJE DE CONTRATACIÓN
A3: INSTITUCIÓN EVALUADA: CENTRO DE OPERACIONES ECU 911
A4: RESPONSABLE DE LA INFORMACIÓN: ING. MAYRA SANCHEZ
A5: FECHA DE ENTREGA:
A7: NÚMERO DE CONTRATOS OCASIONALES DEL AÑO ANTERIOR (DISTRIBUTIVO DICIEMBRE 2021) | B7: NÚMERO DE PUESTOS DE NOMBRAMIENTOS PERMANENTES (DISTRIBUTIVO MAYO 2022) | C7: NÚMERO DE PUESTOS DE NOMBRAMIENTOS PROVISIONALES (DISTRIBUTIVO MAYO 2022) | D7: NÚMERO TOTAL DE CONTRATOS OCASIONALES DENTRO DEL 20% | E7: NÚMERO DE CONTRATOS OCASIONALES A LA FECHA (DISTRIBUTIVOMAYO 2022) | F7: NÚMERO DE CONTRATOS OCASIONALES AUTORIZADOS 2021 | G7: TOTAL DE CONTRATOS QUE EXCEDERÁN EL 20% PARA EL EJERCICIO FISCAL
A8: 9 | B8: 4 | C8: 0 | D8: 4 | E8: 4 | F8: 4 | G8: 2
A10: De exceder el 20 % de contratos, soliciyta a la entidad los justificativos y docuentos de aprobación emitida con el MDT (oficio de requerimiento, informe UATH, certificación presupuestaria, matriz de contratos)
A13: * En caso de universidades: "… se exceptúa de este cálculo las y los docentes, sea bajo contrato de servicios ocasiónalas o nombramientos permanentes o provisionales” Acuerdo Nro. 0106 fe fecha 01 de diciembre de 2021 .

Sheet EXTRAS
A1: SERVIDORES | C1: PUNTOS POR INSTRUCCIÓN FORMAL | D1: DENOMINACIÓN | E1: PUNTAJE
A2: SI | C2: 100 | D2: ASESOR 1 | E2: 500
A3: NO | C3: 200 | D3: ASESOR 2 | E3: 600
C4: 250 | D4: ASESOR 3 | E4: 700
C5: 300 | D5: ASESOR 4 | E5: 800
C6: 350 | D6: ASESOR 5 | E6: 900
C7: 400
C8: 450
C9: 500
C10: 550
